instance,rows,cols,nnz,fp_teammate,fp_highspy,fp_match,status,iterations,seconds,objective,highs_objective,rel_err_highs,checker,verify,verify_primal,verify_dual,verify_gap,message
25fv47,821,1571,10400,56162400f66ca013,56162400f66ca013,True,OPTIMAL,3520,0.230112,5501.8458882867471,5501.845888286749,3.31e-16,PASS,PASS,2.3874235921539366e-12,1.0580095655462506e-16,8.26460858912049e-17,"phase-1 iters 1461, bound flips 0, refactorizations 165, Bland episodes 0, Devex resets 43, tolerance tightenings 0"
80bau3b,2262,9799,21002,4085e582aaebfbc0,4085e582aaebfbc0,True,OPTIMAL,7669,0.483172,987224.19240909058,987224.1924090902,3.54e-16,PASS,PASS,1.5916157281026244e-12,6.239908174171067e-18,0.0,"phase-1 iters 1710, bound flips 2394, refactorizations 65, Bland episodes 0, Devex resets 27, tolerance tightenings 1"
adlittle,56,97,383,6f2d341726be2604,6f2d341726be2604,True,OPTIMAL,103,0.000564,225494.96316238036,225494.9631623803,2.58e-16,PASS,PASS,5.684341886080802e-14,3.433610320797826e-17,6.453307319042576e-17,"phase-1 iters 32, bound flips 0, refactorizations 8, Bland episodes 0, Devex resets 0, tolerance tightenings 0"
afiro,27,32,83,673a285110961a03,673a285110961a03,True,OPTIMAL,23,0.000083,-464.75314285714285,-464.75314285714285,0,PASS,PASS,1.4210854715202004e-14,5.046468293750712e-18,6.108869948919607e-17,"phase-1 iters 3, bound flips 0, refactorizations 3, Bland episodes 0, Devex resets 0, tolerance tightenings 0"
agg,488,163,2410,9526923747cb5b76,9526923747cb5b76,True,OPTIMAL,129,0.002134,-35991767.286576502,-35991767.286576495,2.07e-16,PASS,PASS,2.3283064365386963e-10,4.49888554497887e-15,3.105118637588538e-16,"phase-1 iters 85, bound flips 0, refactorizations 6, Bland episodes 0, Devex resets 2, tolerance tightenings 0"
agg2,516,302,4284,3955102773fd2a5d,3955102773fd2a5d,True,OPTIMAL,184,0.002880,-20239252.355977114,-20239252.355977114,0,PASS,PASS,8.003553375601768e-11,1.0259189952149858e-16,3.6812527863267936e-16,"phase-1 iters 45, bound flips 0, refactorizations 5, Bland episodes 0, Devex resets 0, tolerance tightenings 0"
agg3,516,302,4300,f347cb7471914920,f347cb7471914920,True,OPTIMAL,162,0.002678,10312115.935089217,10312115.935089216,1.81e-16,PASS,PASS,8.003553375601768e-11,1.0259189952149858e-16,4.515671348737156e-16,"phase-1 iters 36, bound flips 0, refactorizations 5, Bland episodes 0, Devex resets 1, tolerance tightenings 0"
bandm,305,472,2494,8934090ab854f4e5,8934090ab854f4e5,True,OPTIMAL,700,0.013974,-158.62801845012083,-158.62801845012044,2.49e-15,PASS,PASS,7.389644451905042e-13,2.487908868819101e-15,8.037408728049242e-16,"phase-1 iters 466, bound flips 0, refactorizations 37, Bland episodes 0, Devex resets 17, tolerance tightenings 0"
beaconfd,173,262,3375,776170c38f81e620,776170c38f81e620,True,OPTIMAL,115,0.001134,33592.485807199999,33592.4858072,0,PASS,PASS,1.5973000699887052e-11,1.2111523905001707e-17,0.0,"phase-1 iters 91, bound flips 0, refactorizations 7, Bland episodes 0, Devex resets 1, tolerance tightenings 0"
blend,74,83,491,544aa73683d3b814,544aa73683d3b814,True,OPTIMAL,100,0.000688,-30.81214984582823,-30.812149845828237,2.23e-16,PASS,PASS,2.842170943040401e-14,1.3965069492140333e-16,2.8365296668330127e-16,"phase-1 iters 0, bound flips 0, refactorizations 9, Bland episodes 0, Devex resets 1, tolerance tightenings 0"
bnl1,643,1175,5121,0d0b96c79a469456,0d0b96c79a469456,True,OPTIMAL,1355,0.039951,1977.6295615228898,1977.6295615228867,1.61e-15,PASS,PASS,4.831690603168681e-13,6.183780442663844e-15,1.7241565962053477e-16,"phase-1 iters 962, bound flips 0, refactorizations 52, Bland episodes 0, Devex resets 43, tolerance tightenings 0"
bnl2,2324,3489,13999,955bb03475fab535,955bb03475fab535,True,OPTIMAL,5216,0.544746,1811.2365403585472,1811.2365403585468,2.51e-16,PASS,PASS,3.126388037344441e-13,1.909161768516892e-16,1.2550040824270978e-16,"phase-1 iters 2922, bound flips 0, refactorizations 230, Bland episodes 0, Devex resets 131, tolerance tightenings 1"
boeing1,351,384,3485,07a0994c692998b6,07a0994c692998b6,True,OPTIMAL,547,0.007841,-335.21356750712658,-335.21356750712687,8.45e-16,PASS,PASS,5.684341886080802e-14,6.333385804069783e-19,0.0,"phase-1 iters 231, bound flips 56, refactorizations 15, Bland episodes 0, Devex resets 3, tolerance tightenings 0"
boeing2,166,143,1196,7286557c6b836ace,7286557c6b836ace,True,OPTIMAL,193,0.001468,-315.01872801520278,-315.0187280152027,1.8e-16,PASS,PASS,1.5987211554602254e-14,0.0,1.8015862075251863e-16,"phase-1 iters 139, bound flips 9, refactorizations 8, Bland episodes 0, Devex resets 1, tolerance tightenings 0"
bore3d,233,315,1429,d9674665a486a670,d9674665a486a670,True,OPTIMAL,180,0.001978,1373.0803942084929,1373.080394208493,1.65e-16,PASS,PASS,1.8189894035458565e-12,2.112479154117596e-17,0.0,"phase-1 iters 141, bound flips 0, refactorizations 13, Bland episodes 0, Devex resets 2, tolerance tightenings 0"
brandy,220,249,2148,fb0fbbaf1b8d96fe,fb0fbbaf1b8d96fe,True,OPTIMAL,385,0.005388,1518.5098964881283,1518.5098964881286,1.5e-16,PASS,PASS,6.252776074688882e-13,1.7486012637846216e-15,7.484272352961893e-17,"phase-1 iters 279, bound flips 0, refactorizations 19, Bland episodes 0, Devex resets 13, tolerance tightenings 0"
capri,271,353,1767,ee9c21f34f67eec7,ee9c21f34f67eec7,True,OPTIMAL,450,0.004558,2690.0129137681615,2690.0129137681593,8.45e-16,PASS,PASS,6.359357485052897e-13,3.019806626980426e-14,1.6901883226777527e-16,"phase-1 iters 341, bound flips 5, refactorizations 16, Bland episodes 0, Devex resets 9, tolerance tightenings 0"
cycle,1903,2857,20720,aa88e87e8449fe7a,aa88e87e8449fe7a,True,OPTIMAL,2018,0.127162,-5.2263930248941017,-5.226393024894103,1.43e-16,PASS,PASS,3.637978807091713e-12,1.457167719820518e-16,0.0,"phase-1 iters 0, bound flips 0, refactorizations 49, Bland episodes 0, Devex resets 16, tolerance tightenings 0"
czprob,929,3523,10669,bd00ebcaf9869103,bd00ebcaf9869103,True,OPTIMAL,1807,0.052536,2185196.6988565782,2185196.698856578,0,PASS,PASS,1.8189894035458565e-12,9.219446422214873e-17,0.0,"phase-1 iters 1248, bound flips 0, refactorizations 20, Bland episodes 0, Devex resets 4, tolerance tightenings 0"
d2q06c,2171,5167,32417,c3f902d1a102b614,c3f902d1a102b614,True,OPTIMAL,22502,3.977676,122784.2108141894,122784.21081418936,3.56e-16,PASS,PASS,8.523670658178162e-11,1.75981731439693e-15,5.925784705551947e-17,"phase-1 iters 3294, bound flips 0, refactorizations 820, Bland episodes 0, Devex resets 648, tolerance tightenings 1"
d6cube,415,6184,37704,e9c60d8ff1e41e91,e9c60d8ff1e41e91,True,OPTIMAL,77953,7.093349,315.49166666666707,315.4916666666668,8.98e-16,PASS,PASS,1.0152986930106368e-12,1.2212453270876722e-14,4.497224520225321e-16,"phase-1 iters 1024, bound flips 0, refactorizations 2517, Bland episodes 0, Devex resets 116, tolerance tightenings 0"
degen2,444,534,3978,3addb127788dae7a,3addb127788dae7a,True,OPTIMAL,1160,0.034887,-1435.1780000000003,-1435.178,1.58e-16,PASS,PASS,6.38378239159465e-16,9.143282064032584e-17,7.918686343429101e-17,"phase-1 iters 718, bound flips 0, refactorizations 41, Bland episodes 0, Devex resets 2, tolerance tightenings 0"
degen3,1503,1818,24646,93a5386a93e2db7b,93a5386a93e2db7b,True,OPTIMAL,5500,0.603619,-987.2940000000001,-987.2940000000002,1.15e-16,PASS,PASS,4.440892098500626e-15,3.1639943704330163e-16,5.754582317852508e-17,"phase-1 iters 3760, bound flips 0, refactorizations 107, Bland episodes 0, Devex resets 8, tolerance tightenings 0"
dfl001,6071,12230,35632,322ad992fc6809b5,322ad992fc6809b5,True,ITERATION_LIMIT,107776,60.000872,nan,11266396.046671377,nan,n/a,n/a,,,,"time limit; phase-1 iters 24175, bound flips 0, refactorizations 4408, Bland episodes 0, Devex resets 87, tolerance tightenings 0"
e226,223,282,2578,df52887eb339902d,df52887eb339902d,True,OPTIMAL,341,0.005174,-11.63892906637053,-11.638929066370526,2.81e-16,PASS,PASS,2.1316282072803006e-14,2.949161815030815e-17,2.768070929322933e-16,"phase-1 iters 85, bound flips 0, refactorizations 17, Bland episodes 0, Devex resets 8, tolerance tightenings 0"
etamacro,400,688,2409,e43247b64f2fc711,e43247b64f2fc711,True,OPTIMAL,548,0.008914,-755.71523335058635,-755.7152333005275,6.62e-11,PASS,PASS,1.7408297026122455e-13,2.539393321243444e-12,2.1725595115596047e-11,"phase-1 iters 353, bound flips 1, refactorizations 23, Bland episodes 0, Devex resets 1, tolerance tightenings 4"
fffff800,524,854,6227,46ead512a7407343,46ead512a7407343,True,OPTIMAL,733,0.016507,555679.56481749634,555679.5648174965,2.1e-16,PASS,PASS,2.9103830456733704e-11,2.4868995751603507e-14,2.0950062670534973e-16,"phase-1 iters 537, bound flips 0, refactorizations 19, Bland episodes 0, Devex resets 6, tolerance tightenings 0"
finnis,497,614,2310,c745988664b6b038,c745988664b6b038,True,OPTIMAL,551,0.008649,172791.06559561158,172791.0655956116,1.68e-16,PASS,PASS,7.016609515630989e-13,2.03846905209442e-18,0.0,"phase-1 iters 352, bound flips 14, refactorizations 14, Bland episodes 0, Devex resets 3, tolerance tightenings 0"
fit1d,24,1026,13404,a0268d110585f0e4,a0268d110585f0e4,True,OPTIMAL,770,0.014828,-9146.3780924209277,-9146.378092420928,0,PASS,PASS,1.8189894035458565e-12,0.0,9.943225356053804e-17,"phase-1 iters 0, bound flips 6, refactorizations 36, Bland episodes 0, Devex resets 10, tolerance tightenings 0"
fit1p,627,1677,9868,4ebfeba947ce7cd8,4ebfeba947ce7cd8,True,OPTIMAL,1558,0.156838,9146.378092420935,9146.378092420935,0,PASS,PASS,2.7068294695622863e-15,1.0658141036401503e-14,9.943225356053804e-17,"phase-1 iters 709, bound flips 0, refactorizations 109, Bland episodes 0, Devex resets 7, tolerance tightenings 0"
fit2d,25,10500,129018,61701aacbef0b214,61701aacbef0b214,True,OPTIMAL,9016,1.436449,-68464.293293832103,-68464.2932938321,0,PASS,PASS,4.405364961712621e-13,0.0,0.0,"phase-1 iters 0, bound flips 18, refactorizations 303, Bland episodes 0, Devex resets 60, tolerance tightenings 0"
fit2p,3000,13525,50284,7d950326190268ff,7d950326190268ff,True,OPTIMAL,15066,17.066300,68464.29329383219,68464.29329383212,1.06e-15,PASS,PASS,1.5987211554602254e-14,2.6044621005315673e-12,0.0,"phase-1 iters 7498, bound flips 294, refactorizations 816, Bland episodes 0, Devex resets 28, tolerance tightenings 0"
forplan,161,421,4563,2d62c05cc8e6a93f,2d62c05cc8e6a93f,True,OPTIMAL,248,0.003692,-664.21896127220464,-664.2189612722036,1.54e-15,PASS,PASS,2.0463630789890885e-12,2.772658872741389e-16,0.0,"phase-1 iters 164, bound flips 0, refactorizations 15, Bland episodes 0, Devex resets 6, tolerance tightenings 0"
ganges,1309,1681,6912,59aa9951ca97e24a,59aa9951ca97e24a,True,OPTIMAL,1620,0.043671,-109585.73612927788,-109585.73612927801,1.2e-15,PASS,PASS,1.1652900866465643e-11,4.5067364654964116e-14,3.2533458186701567e-15,"phase-1 iters 1320, bound flips 94, refactorizations 19, Bland episodes 0, Devex resets 6, tolerance tightenings 0"
gfrd-pnc,616,1092,2377,81cb74c915f85eab,81cb74c915f85eab,True,OPTIMAL,844,0.010880,6902235.9995488124,6902235.999548812,0,PASS,PASS,2.9558577807620168e-12,8.253956344127609e-20,6.746527554339512e-17,"phase-1 iters 428, bound flips 116, refactorizations 14, Bland episodes 0, Devex resets 0, tolerance tightenings 0"
greenbea,2392,5405,30877,eba1107bfa2b50b0,eba1107bfa2b50b0,True,OPTIMAL,17286,2.145194,-72555248.129845932,-72555248.12984599,8.22e-16,PASS,PASS,1.4562260730599519e-08,1.4520398085236107e-13,5.134418761993597e-16,"phase-1 iters 4692, bound flips 92, refactorizations 405, Bland episodes 0, Devex resets 482, tolerance tightenings 2"
greenbeb,2392,5405,30877,ba42efe5ebf109e2,ba42efe5ebf109e2,True,OPTIMAL,11137,1.293496,-4302260.2612065859,-4302260.261206586,0,PASS,PASS,1.3358203432289883e-11,2.5357054190151594e-14,1.0823641642240735e-16,"phase-1 iters 5216, bound flips 50, refactorizations 250, Bland episodes 0, Devex resets 256, tolerance tightenings 2"
grow15,300,645,5620,a520b9f8df5eb54e,a520b9f8df5eb54e,True,OPTIMAL,957,0.028536,-106870941.29357535,-106870941.29357533,1.39e-16,PASS,PASS,9.89530235528946e-10,1.1102230246251565e-16,1.3943136407115909e-16,"phase-1 iters 0, bound flips 8, refactorizations 35, Bland episodes 0, Devex resets 21, tolerance tightenings 0"
grow22,440,946,8252,c662eebb2380b3de,c662eebb2380b3de,True,OPTIMAL,1601,0.069267,-160834336.48256299,-160834336.48256302,1.85e-16,PASS,PASS,9.604264050722122e-10,1.6653345369377348e-16,1.8529825749165964e-16,"phase-1 iters 0, bound flips 9, refactorizations 57, Bland episodes 0, Devex resets 33, tolerance tightenings 0"
grow7,140,301,2612,d898a6cf199c1005,d898a6cf199c1005,True,OPTIMAL,333,0.004658,-47787811.814711504,-47787811.81471149,3.12e-16,PASS,PASS,6.195364221639466e-10,1.1102230246251565e-16,2.338644594522533e-16,"phase-1 iters 0, bound flips 2, refactorizations 14, Bland episodes 0, Devex resets 7, tolerance tightenings 0"
israel,174,142,2269,08b6d0741940748d,08b6d0741940748d,True,OPTIMAL,171,0.002818,-896644.82186304615,-896644.8218630461,0,PASS,PASS,2.7717510826213194e-12,1.8897413185109047e-17,6.491715229442538e-17,"phase-1 iters 8, bound flips 0, refactorizations 11, Bland episodes 0, Devex resets 3, tolerance tightenings 0"
kb2,43,41,286,9253de2e9b41cbda,9253de2e9b41cbda,True,OPTIMAL,47,0.000259,-1749.9001299062056,-1749.9001299062054,1.3e-16,PASS,PASS,9.094947017729282e-13,2.759697232639675e-16,1.298981138989151e-16,"phase-1 iters 0, bound flips 0, refactorizations 6, Bland episodes 0, Devex resets 1, tolerance tightenings 0"
lotfi,153,308,1078,b7613003af533247,b7613003af533247,True,OPTIMAL,288,0.002525,-25.264706061880002,-25.264706061880002,0,PASS,PASS,1.8189894035458565e-12,5.551115123125783e-17,6.894535629996754e-17,"phase-1 iters 156, bound flips 0, refactorizations 14, Bland episodes 0, Devex resets 3, tolerance tightenings 0"
maros,846,1443,9614,68e1697aee72a00b,68e1697aee72a00b,True,OPTIMAL,1828,0.076539,-58063.743701125873,-58063.743701125946,1.25e-15,PASS,PASS,4.656612873077393e-10,7.601446354086757e-16,1.2530874683626238e-16,"phase-1 iters 919, bound flips 0, refactorizations 59, Bland episodes 0, Devex resets 23, tolerance tightenings 0"
maros-r7,3136,9408,144848,487314ce584e8fa6,487314ce584e8fa6,True,OPTIMAL,4894,1.442671,1497185.1664796425,1497185.166479642,3.11e-16,PASS,PASS,1.1368683772161603e-13,4.4114017994090204e-15,0.0,"phase-1 iters 3802, bound flips 0, refactorizations 81, Bland episodes 0, Devex resets 63, tolerance tightenings 0"
modszk1,687,1620,3168,3bd8f63799ec9ff2,3bd8f63799ec9ff2,True,OPTIMAL,956,0.042998,320.61972906423978,320.61972906464734,1.27e-12,PASS,PASS,5.820766091346741e-11,1.545720804270545e-17,8.142748734923934e-14,"phase-1 iters 14, bound flips 0, refactorizations 88, Bland episodes 0, Devex resets 8, tolerance tightenings 0"
nesm,662,2923,13288,b582ede41dd2c3c7,b582ede41dd2c3c7,True,OPTIMAL,4015,0.181473,14076036.487562716,14076036.487562707,6.62e-16,PASS,PASS,8.44480041450879e-12,4.945551128128715e-13,9.924553787103296e-16,"phase-1 iters 1486, bound flips 404, refactorizations 192, Bland episodes 0, Devex resets 38, tolerance tightenings 3"
perold,625,1376,6018,6fd6b17a32ad9483,6fd6b17a32ad9483,True,OPTIMAL,3576,0.189868,-9380.7552782351286,-9380.755278235229,1.07e-14,PASS,PASS,6.331219992716797e-10,3.7395815778315564e-13,2.229805875692216e-15,"phase-1 iters 1820, bound flips 55, refactorizations 140, Bland episodes 0, Devex resets 137, tolerance tightenings 0"
pilot,1441,3652,43167,a24c5870e855ccaa,a24c5870e855ccaa,True,OPTIMAL,19700,4.736006,-557.48972927308546,-557.4897292796667,1.18e-11,PASS,PASS,3.1889157980913296e-11,1.0590064910919618e-08,3.8954034816661754e-10,"phase-1 iters 11538, bound flips 270, refactorizations 358, Bland episodes 0, Devex resets 1488, tolerance tightenings 0"
pilot.ja,940,1988,14698,49e12320c621cf97,49e12320c621cf97,True,OPTIMAL,4055,0.355192,-6113.136465581345,-6113.136465581334,1.79e-15,PASS,PASS,2.767137630144134e-09,1.1895106674328456e-12,0.0,"phase-1 iters 1390, bound flips 63, refactorizations 159, Bland episodes 0, Devex resets 210, tolerance tightenings 0"
pilot.we,722,2789,9126,7d7d6511893a7564,7d7d6511893a7564,True,OPTIMAL,3297,0.209266,-2720107.5328449607,-2720107.5328449626,6.85e-16,PASS,PASS,1.775333657860756e-09,7.561337397234429e-17,8.559610164098964e-17,"phase-1 iters 859, bound flips 118, refactorizations 155, Bland episodes 0, Devex resets 174, tolerance tightenings 1"
pilot4,410,1000,5141,4a509929e2f18dd8,4a509929e2f18dd8,True,OPTIMAL,1522,0.054543,-2581.1392588838844,-2581.1392588838908,2.47e-15,PASS,PASS,5.820766091346741e-11,3.123605018864517e-14,3.522934889695349e-16,"phase-1 iters 576, bound flips 58, refactorizations 53, Bland episodes 0, Devex resets 121, tolerance tightenings 0"
pilot87,2030,4883,73152,5b826ea0d791cb50,5b826ea0d791cb50,True,OPTIMAL,24344,9.636673,301.71034743753455,301.71034733310836,3.45e-10,PASS,PASS,3.845457285933662e-11,5.024309542655996e-09,2.7273373677321866e-15,"phase-1 iters 10451, bound flips 740, refactorizations 354, Bland episodes 0, Devex resets 928, tolerance tightenings 1"
pilotnov,975,2172,13057,488258ea6414a30f,488258ea6414a30f,True,OPTIMAL,3510,0.261200,-4497.2761882188715,-4497.2761882188715,0,PASS,PASS,2.3283064365386963e-10,1.3724483936008967e-16,1.0110493093844782e-16,"phase-1 iters 1566, bound flips 79, refactorizations 150, Bland episodes 0, Devex resets 138, tolerance tightenings 0"
recipe,91,180,663,bcddff95ba49f750,bcddff95ba49f750,True,OPTIMAL,49,0.000163,-266.61600000000027,-266.61600000000027,0,PASS,PASS,0.0,0.0,2.1280424557423744e-16,"phase-1 iters 15, bound flips 4, refactorizations 2, Bland episodes 0, Devex resets 0, tolerance tightenings 0"
sc105,105,103,280,225b78843892265e,225b78843892265e,True,OPTIMAL,102,0.000772,-52.202061211707225,-52.202061211707246,4.01e-16,PASS,PASS,1.1368683772161603e-13,5.551115123125783e-17,0.0,"phase-1 iters 0, bound flips 0, refactorizations 12, Bland episodes 0, Devex resets 1, tolerance tightenings 0"
sc205,205,203,551,604d05fd3cfebfeb,604d05fd3cfebfeb,True,OPTIMAL,220,0.002727,-52.202061211707232,-52.202061211707225,1.34e-16,PASS,PASS,8.810729923425242e-13,1.3877787807814457e-17,6.741128519677901e-17,"phase-1 iters 0, bound flips 0, refactorizations 24, Bland episodes 0, Devex resets 2, tolerance tightenings 0"
sc50a,50,48,130,cbd7505133904fa0,cbd7505133904fa0,True,OPTIMAL,45,0.000208,-64.575077058564503,-64.5750770585645,0,PASS,PASS,5.684341886080802e-14,2.7755575615628914e-17,0.0,"phase-1 iters 0, bound flips 0, refactorizations 6, Bland episodes 0, Devex resets 0, tolerance tightenings 0"
sc50b,50,48,118,d3c4831b02b67d48,d3c4831b02b67d48,True,OPTIMAL,48,0.000228,-69.999999999999972,-69.99999999999999,2e-16,PASS,PASS,2.842170943040401e-14,6.938893903907228e-17,0.0,"phase-1 iters 0, bound flips 0, refactorizations 7, Bland episodes 0, Devex resets 0, tolerance tightenings 0"
scagr25,471,500,1554,c36e27d6b94dba0b,c36e27d6b94dba0b,True,OPTIMAL,581,0.010165,-14753433.060768528,-14753433.060768528,0,PASS,PASS,2.2737367544323206e-12,1.7147336006276928e-15,6.31258188664636e-17,"phase-1 iters 409, bound flips 0, refactorizations 34, Bland episodes 0, Devex resets 1, tolerance tightenings 0"
scagr7,129,140,420,bcaf015c129124f3,bcaf015c129124f3,True,OPTIMAL,143,0.001082,-2331389.8243309841,-2331389.8243309837,2e-16,PASS,PASS,9.094947017729282e-13,4.608346551686925e-16,9.986772323106504e-17,"phase-1 iters 119, bound flips 0, refactorizations 10, Bland episodes 0, Devex resets 1, tolerance tightenings 0"
scfxm1,330,457,2589,fc7ac4581f5ffead,fc7ac4581f5ffead,True,OPTIMAL,439,0.006176,18416.759028348937,18416.759028348944,3.95e-16,PASS,PASS,9.919176591210999e-12,1.2918958832001822e-15,9.876547866031312e-17,"phase-1 iters 272, bound flips 0, refactorizations 14, Bland episodes 0, Devex resets 3, tolerance tightenings 0"
scfxm2,660,914,5183,333e222c051867c5,333e222c051867c5,True,OPTIMAL,954,0.022644,36660.261564998807,36660.26156499881,0,PASS,PASS,9.094947017729282e-13,9.63244635569667e-16,0.0,"phase-1 iters 646, bound flips 0, refactorizations 21, Bland episodes 0, Devex resets 9, tolerance tightenings 0"
scfxm3,990,1371,7777,feb70f404bc58a4f,feb70f404bc58a4f,True,OPTIMAL,1438,0.046485,54901.254549751444,54901.254549751444,0,PASS,PASS,9.094947017729282e-13,9.63244635569667e-16,6.626343432785942e-17,"phase-1 iters 942, bound flips 0, refactorizations 27, Bland episodes 0, Devex resets 13, tolerance tightenings 0"
scorpion,388,358,1426,fc60e99d676c6842,fc60e99d676c6842,True,OPTIMAL,386,0.004649,1878.1248227381068,1878.1248227381068,0,PASS,PASS,3.3306690738754696e-16,4.051467464590713e-16,6.051598826205053e-17,"phase-1 iters 328, bound flips 0, refactorizations 12, Bland episodes 0, Devex resets 1, tolerance tightenings 0"
scrs8,490,1169,3182,f438fe96dc2e5efe,f438fe96dc2e5efe,True,OPTIMAL,681,0.014389,904.29695380079215,904.296953800792,1.26e-16,PASS,PASS,1.2434497875801753e-14,2.1424547138568593e-16,0.0,"phase-1 iters 524, bound flips 0, refactorizations 34, Bland episodes 0, Devex resets 5, tolerance tightenings 0"
scsd1,77,760,2388,336b82683bf20e02,336b82683bf20e02,True,OPTIMAL,334,0.003434,8.6666666743333636,8.666666674333367,3.68e-16,PASS,PASS,4.436017664071997e-17,2.4999999848063226e-09,0.0,"phase-1 iters 92, bound flips 0, refactorizations 26, Bland episodes 0, Devex resets 1, tolerance tightenings 0"
scsd6,147,1350,4316,5a3fd05bc84078c7,5a3fd05bc84078c7,True,OPTIMAL,710,0.012082,50.500000078262374,50.50000007826242,8.28e-16,PASS,PASS,1.6653345369377348e-16,4.086279808532627e-09,0.0,"phase-1 iters 205, bound flips 0, refactorizations 45, Bland episodes 0, Devex resets 2, tolerance tightenings 1"
scsd8,397,2750,8584,749b1b81b1d7fbbd,749b1b81b1d7fbbd,True,OPTIMAL,1994,0.066012,904.99999992546418,904.9999999254641,1.25e-16,PASS,PASS,2.4424906541753444e-15,8.364966847371257e-15,0.0,"phase-1 iters 505, bound flips 0, refactorizations 103, Bland episodes 0, Devex resets 4, tolerance tightenings 0"
sctap1,300,480,1692,0ca3cffa6842e10d,0ca3cffa6842e10d,True,OPTIMAL,361,0.004094,1412.25,1412.25,0,PASS,PASS,1.7763568394002505e-15,3.50885301609926e-16,0.0,"phase-1 iters 215, bound flips 0, refactorizations 12, Bland episodes 0, Devex resets 0, tolerance tightenings 0"
sctap2,1090,1880,6714,acf97b9fa3bb0c64,acf97b9fa3bb0c64,True,OPTIMAL,1178,0.032259,1724.8071428571429,1724.807142857143,0,PASS,PASS,3.552713678800501e-15,8.77213254024815e-17,6.589368054974163e-17,"phase-1 iters 654, bound flips 0, refactorizations 21, Bland episodes 0, Devex resets 1, tolerance tightenings 0"
sctap3,1480,2480,8874,1fc66fa50320b044,1fc66fa50320b044,True,OPTIMAL,1819,0.067619,1424,1424.0,0,PASS,PASS,0.0,4.386066270124075e-17,0.0,"phase-1 iters 954, bound flips 0, refactorizations 30, Bland episodes 0, Devex resets 2, tolerance tightenings 0"
seba,515,1028,4352,e13274ed585a266c,e13274ed585a266c,True,OPTIMAL,524,0.011618,15711.599999999999,15711.599999999999,0,PASS,PASS,0.0,0.0,5.788498684281084e-17,"phase-1 iters 481, bound flips 24, refactorizations 24, Bland episodes 0, Devex resets 0, tolerance tightenings 0"
share1b,117,225,1151,8d714582f87e7248,8d714582f87e7248,True,OPTIMAL,246,0.002002,-76589.31857918571,-76589.31857918571,0,PASS,PASS,1.793547923869103e-10,2.528230650136495e-16,1.8999803757625727e-16,"phase-1 iters 165, bound flips 0, refactorizations 11, Bland episodes 0, Devex resets 4, tolerance tightenings 0"
share2b,96,79,694,2d1c55794fa3f0c3,2d1c55794fa3f0c3,True,OPTIMAL,100,0.000635,-415.73224074142001,-415.7322407414195,1.23e-15,PASS,PASS,2.2737367544323206e-13,1.1842378929335004e-14,8.876828520950368e-16,"phase-1 iters 62, bound flips 0, refactorizations 6, Bland episodes 0, Devex resets 1, tolerance tightenings 0"
shell,536,1775,3556,c9600cad9c3a7d2b,c9600cad9c3a7d2b,True,OPTIMAL,744,0.010208,1208825346,1208825346.0,0,PASS,PASS,0.0,0.0,0.0,"phase-1 iters 597, bound flips 2, refactorizations 9, Bland episodes 0, Devex resets 0, tolerance tightenings 0"
ship04l,402,2118,6332,e5d0cc0ca1ae930c,e5d0cc0ca1ae930c,True,OPTIMAL,644,0.009377,1793324.5379703559,1793324.5379703562,1.3e-16,PASS,PASS,4.085620730620576e-14,6.172761651777713e-17,0.0,"phase-1 iters 483, bound flips 0, refactorizations 8, Bland episodes 0, Devex resets 0, tolerance tightenings 0"
ship04s,402,1458,4352,b0248e5ad69e8b27,b0248e5ad69e8b27,True,OPTIMAL,479,0.005556,1798714.7004453917,1798714.7004453917,0,PASS,PASS,3.6415315207705135e-14,1.2345523303555425e-16,6.47213754562748e-17,"phase-1 iters 376, bound flips 0, refactorizations 6, Bland episodes 0, Devex resets 0, tolerance tightenings 0"
ship08l,778,4283,12802,ba3fc364913ab439,ba3fc364913ab439,True,OPTIMAL,1062,0.028640,1909055.2113891307,1909055.211389131,1.22e-16,PASS,PASS,8.014369574718879e-15,1.1211719696411838e-16,0.0,"phase-1 iters 787, bound flips 0, refactorizations 12, Bland episodes 0, Devex resets 1, tolerance tightenings 0"
ship08s,778,2387,7114,2728d1be38d81964,2728d1be38d81964,True,OPTIMAL,663,0.012894,1920098.2105346182,1920098.2105346182,0,PASS,PASS,4.08006961549745e-15,1.1211719696411838e-16,0.0,"phase-1 iters 515, bound flips 0, refactorizations 8, Bland episodes 0, Devex resets 0, tolerance tightenings 0"
ship12l,1151,5427,16170,76d0078db50a9f2f,76d0078db50a9f2f,True,OPTIMAL,2106,0.073082,1470187.9193292661,1470187.9193292665,3.17e-16,PASS,PASS,1.0741418826909781e-14,6.562739300093288e-17,0.0,"phase-1 iters 1757, bound flips 0, refactorizations 23, Bland episodes 0, Devex resets 0, tolerance tightenings 0"
ship12s,1151,2763,8178,40ae571045b8abf1,40ae571045b8abf1,True,OPTIMAL,1219,0.029795,1489236.1344061329,1489236.1344061329,0,PASS,PASS,2.377434033689365e-14,6.562739300093288e-17,1.5634227514602927e-16,"phase-1 iters 1006, bound flips 0, refactorizations 14, Bland episodes 0, Devex resets 0, tolerance tightenings 0"
sierra,1227,2036,7302,5f95ac65ffdf0920,5f95ac65ffdf0920,True,OPTIMAL,835,0.019338,15394362.183631925,15394362.183631929,2.42e-16,PASS,PASS,4.547473508864641e-13,0.0,2.177914953361828e-15,"phase-1 iters 489, bound flips 34, refactorizations 10, Bland episodes 0, Devex resets 0, tolerance tightenings 0"
stair,356,467,3856,99d23078dc798f69,99d23078dc798f69,True,OPTIMAL,623,0.020679,-251.26695119296372,-251.26695119296335,1.46e-15,PASS,PASS,5.314859663485549e-12,1.835554278017959e-14,1.2417785664601637e-15,"phase-1 iters 448, bound flips 2, refactorizations 31, Bland episodes 0, Devex resets 21, tolerance tightenings 0"
standata,359,1075,3031,5d7b6550d20f5077,5d7b6550d20f5077,True,OPTIMAL,98,0.001154,1257.6994999999999,1257.6995,0,PASS,PASS,2.6645352591003757e-14,0.0,0.0,"phase-1 iters 75, bound flips 0, refactorizations 3, Bland episodes 0, Devex resets 0, tolerance tightenings 0"
standgub,361,1184,3139,1090b6659ef5db55,1090b6659ef5db55,True,OPTIMAL,98,0.001133,1257.6994999999999,1257.6995,0,PASS,PASS,2.6645352591003757e-14,0.0,0.0,"phase-1 iters 75, bound flips 0, refactorizations 3, Bland episodes 0, Devex resets 0, tolerance tightenings 0"
standmps,467,1075,3679,45f064ca2d16a444,45f064ca2d16a444,True,OPTIMAL,518,0.007090,1406.0174999999999,1406.0175,0,PASS,PASS,1.2567724638756772e-13,1.75876914792104e-17,0.0,"phase-1 iters 336, bound flips 0, refactorizations 9, Bland episodes 0, Devex resets 0, tolerance tightenings 0"
stocfor1,117,111,447,ffc8d9953c597427,ffc8d9953c597427,True,OPTIMAL,101,0.000669,-41131.976219436401,-41131.976219436394,1.77e-16,PASS,PASS,9.094947017729282e-13,7.644200138621196e-16,8.844541203120304e-17,"phase-1 iters 75, bound flips 0, refactorizations 8, Bland episodes 0, Devex resets 1, tolerance tightenings 0"
stocfor2,2157,2031,8343,6d9d4058f681fdcb,6d9d4058f681fdcb,True,OPTIMAL,2162,0.208257,-39024.408537882111,-39024.40853788211,0,PASS,PASS,2.7284841053187847e-12,9.990758376829305e-16,0.0,"phase-1 iters 1457, bound flips 0, refactorizations 180, Bland episodes 0, Devex resets 9, tolerance tightenings 0"
tuff,333,587,4520,d2cc7fc9730ff1be,d2cc7fc9730ff1be,True,OPTIMAL,523,0.009911,0.29214776509361301,0.29214776509361273,2.15e-16,PASS,PASS,1.1368683772161603e-12,4.315232527305491e-18,7.007676304521005e-17,"phase-1 iters 358, bound flips 0, refactorizations 26, Bland episodes 0, Devex resets 8, tolerance tightenings 0"
vtp.base,198,203,908,669d21e2dc58ffed,669d21e2dc58ffed,True,OPTIMAL,193,0.001899,129831.46246136137,129831.46246136137,0,PASS,PASS,3.637978807091713e-12,2.2737367544323206e-13,2.241653742651787e-16,"phase-1 iters 170, bound flips 7, refactorizations 10, Bland episodes 0, Devex resets 2, tolerance tightenings 0"
wood1p,244,2594,70215,d8384eb28b4dbf02,d8384eb28b4dbf02,True,OPTIMAL,479,0.039214,1.4429024115734093,1.4429024115734075,7.27e-16,PASS,PASS,5.87589872591554e-14,1.7763568394002505e-15,3.428550043517847e-16,"phase-1 iters 155, bound flips 0, refactorizations 11, Bland episodes 0, Devex resets 3, tolerance tightenings 0"
woodw,1098,8405,37474,18f668656e793840,18f668656e793840,True,OPTIMAL,2382,0.187639,1.3044763330842293,1.3044763330842293,0,PASS,PASS,8.526512829121202e-14,9.992007221626409e-16,0.0,"phase-1 iters 947, bound flips 0, refactorizations 53, Bland episodes 0, Devex resets 29, tolerance tightenings 0"
