git_hash,machine,cpu,gpu,driver,cuda,date,instance,rows,cols,nnz,highs_optimum,delta,engine,backend,time_limit,status,check,verify,certificate,iterations,seconds,message
c935a78,macbook-air-m4,Apple M4,none,,,2026-09-27T03:16:31,25fv47,822,1571,11127,5501.845888286749,0.55,r2hpdhg,cpu,60.0,TimeLimit,,FAIL,,2667264,60.023915,"presolve removed 44 rows, 25 cols"
c935a78,macbook-air-m4,Apple M4,none,,,2026-09-27T03:16:31,80bau3b,2263,9799,29063,987224.1924090902,98.7,r2hpdhg,cpu,60.0,TimeLimit,,FAIL,,787840,60.028158,"presolve removed 220 rows, 532 cols"
c935a78,macbook-air-m4,Apple M4,none,,,2026-09-27T03:16:31,adlittle,57,97,465,225494.9631623803,22.5,r2hpdhg,cpu,60.0,TimeLimit,,FAIL,,56216128,60.000518,"presolve removed 3 rows, 1 cols"
c935a78,macbook-air-m4,Apple M4,none,,,2026-09-27T03:16:31,afiro,28,32,88,-464.75314285714285,0.0466,r2hpdhg,cpu,60.0,Infeasible,PASS,PASS,"Farkas, exact rational check (with 11 implied column bounds)",2496,0.000670,"primal infeasible: dual ray certificate (objective 0.046575, violation 0.000000); presolve: reduced model Infeasible; re-solved the original model for an original-space certificate; Farkas certificate: certified L0(r) = 0.00269 > 0 (rounding-proof)"
c935a78,macbook-air-m4,Apple M4,none,,,2026-09-27T03:16:31,agg,489,163,2541,-35991767.286576495,3.6e+03,r2hpdhg,cpu,60.0,Infeasible,PASS,PASS,"Farkas, exact rational check (with 11 implied column bounds)",2865280,5.522977,"primal infeasible: dual ray certificate (objective 0.009400, violation 0.000000); presolve: reduced model Infeasible; re-solved the original model for an original-space certificate; Farkas certificate: certified L0(r) = 908 > 0 (rounding-proof)"
c935a78,macbook-air-m4,Apple M4,none,,,2026-09-27T03:16:31,agg2,517,302,4515,-20239252.355977114,2.02e+03,r2hpdhg,cpu,60.0,Infeasible,PASS,PASS,"Farkas, exact rational check (with 12 implied column bounds)",111424,0.378588,"primal infeasible: dual ray certificate (objective 0.497475, violation 0.000000); presolve: reduced model Infeasible; re-solved the original model for an original-space certificate; Farkas certificate: certified L0(r) = 2.98 > 0 (rounding-proof)"
c935a78,macbook-air-m4,Apple M4,none,,,2026-09-27T03:16:31,agg3,517,302,4531,10312115.935089216,1.03e+03,r2hpdhg,cpu,60.0,Infeasible,PASS,PASS,"Farkas, exact rational check (with 17 implied column bounds)",231296,0.924925,"primal infeasible: dual ray certificate (objective 0.249037, violation 0.000000); presolve: reduced model Infeasible; re-solved the original model for an original-space certificate; Farkas certificate: certified L0(r) = 0.519 > 0 (rounding-proof)"
c935a78,macbook-air-m4,Apple M4,none,,,2026-09-27T03:16:31,bandm,306,472,2659,-158.62801845012044,0.016,r2hpdhg,cpu,60.0,TimeLimit,,FAIL,,13606848,60.008385,"presolve removed 47 rows, 47 cols"
c935a78,macbook-air-m4,Apple M4,none,,,2026-09-27T03:16:31,beaconfd,174,262,3476,33592.4858072,3.36,r2hpdhg,cpu,60.0,Infeasible,PASS,PASS,"Farkas, tolerance check (not exact)",606976,3.919787,"primal infeasible: dual ray certificate (objective 0.189148, violation 0.000000); presolve: reduced model Infeasible; re-solved the original model for an original-space certificate; Farkas certificate: rigorous L0(r) = -inf; tolerance test L0/s = 0.189, violation/s = 1.52e-09 (infeasibility shown wi"
c935a78,macbook-air-m4,Apple M4,none,,,2026-09-27T03:16:31,blend,75,83,521,-30.812149845828237,0.00318,r2hpdhg,cpu,60.0,TimeLimit,,FAIL,,58480192,60.000485,"presolve removed 2 rows, 0 cols"
c935a78,macbook-air-m4,Apple M4,none,,,2026-09-27T03:16:31,bnl1,644,1175,6129,1977.6295615228867,0.198,r2hpdhg,cpu,60.0,TimeLimit,,FAIL,,4120384,60.006661,"presolve removed 71 rows, 6 cols"
c935a78,macbook-air-m4,Apple M4,none,,,2026-09-27T03:16:31,bnl2,2325,3489,16124,1811.2365403585468,0.181,r2hpdhg,cpu,60.0,TimeLimit,,FAIL,,1435776,60.033974,"presolve removed 178 rows, 34 cols"
c935a78,macbook-air-m4,Apple M4,none,,,2026-09-27T03:16:31,boeing1,352,384,3865,-335.21356750712687,0.0336,r2hpdhg,cpu,60.0,Infeasible,PASS,PASS,"Farkas, exact rational check (with 113 implied column bounds)",599488,2.499476,"primal infeasible: dual ray certificate (objective 0.001014, violation 0.000000); presolve: reduced model Infeasible; re-solved the original model for an original-space certificate; Farkas certificate: certified L0(r) = 0.02 > 0 (rounding-proof)"
c935a78,macbook-air-m4,Apple M4,none,,,2026-09-27T03:16:31,boeing2,167,143,1339,-315.0187280152027,0.0316,r2hpdhg,cpu,60.0,Infeasible,PASS,PASS,"Farkas, exact rational check (with 28 implied column bounds)",16960,0.023880,"primal infeasible: dual ray certificate (objective 0.007103, violation 0.000000); presolve: reduced model Infeasible; re-solved the original model for an original-space certificate; Farkas certificate: certified L0(r) = 0.0364 > 0 (rounding-proof)"
c935a78,macbook-air-m4,Apple M4,none,,,2026-09-27T03:16:31,bore3d,234,315,1525,1373.080394208493,0.137,r2hpdhg,cpu,60.0,TimeLimit,,FAIL,,18783616,60.006127,"presolve removed 44 rows, 42 cols"
c935a78,macbook-air-m4,Apple M4,none,,,2026-09-27T03:16:31,brandy,221,249,2150,1518.5098964881286,0.152,r2hpdhg,cpu,60.0,TimeLimit,,FAIL,,16194688,60.004131,"presolve removed 96 rows, 41 cols"
c935a78,macbook-air-m4,Apple M4,none,,,2026-09-27T03:16:31,capri,272,353,1786,2690.0129137681593,0.269,r2hpdhg,cpu,60.0,TimeLimit,,FAIL,,17177984,60.003673,"presolve removed 16 rows, 32 cols"
c935a78,macbook-air-m4,Apple M4,none,,,2026-09-27T03:16:31,cycle,1904,2857,21322,-5.226393024894103,0.000623,r2hpdhg,cpu,60.0,TimeLimit,,FAIL,,1435072,60.055672,"presolve removed 147 rows, 107 cols"
c935a78,macbook-air-m4,Apple M4,none,,,2026-09-27T03:16:31,czprob,930,3523,14173,2185196.698856578,219,r2hpdhg,cpu,60.0,Infeasible,PASS,PASS,"Farkas, exact rational check (with 352 implied column bounds)",1065664,23.236158,"primal infeasible: dual ray certificate (objective 0.011465, violation 0.000000); presolve: reduced model Infeasible; re-solved the original model for an original-space certificate; Farkas certificate: certified L0(r) = 1.29e+05 > 0 (rounding-proof)"
c935a78,macbook-air-m4,Apple M4,none,,,2026-09-27T03:16:31,d2q06c,2172,5167,35674,122784.21081418936,12.3,r2hpdhg,cpu,60.0,TimeLimit,,FAIL,,756928,60.078878,"presolve removed 73 rows, 10 cols"
c935a78,macbook-air-m4,Apple M4,none,,,2026-09-27T03:16:31,d6cube,416,6184,43888,315.4916666666668,0.0316,r2hpdhg,cpu,60.0,TimeLimit,,FAIL,,537536,60.045536,"presolve removed 12 rows, 1 cols"
c935a78,macbook-air-m4,Apple M4,none,,,2026-09-27T03:16:31,degen2,445,534,4449,-1435.178,0.144,r2hpdhg,cpu,60.0,Infeasible,PASS,PASS,"Farkas, exact rational check (with 155 implied column bounds)",308160,2.846629,"primal infeasible: dual ray certificate (objective 0.003757, violation 0.000000); Farkas certificate: certified L0(r) = 257 > 0 (rounding-proof)"
c935a78,macbook-air-m4,Apple M4,none,,,2026-09-27T03:16:31,degen3,1504,1818,26230,-987.2940000000002,0.0988,r2hpdhg,cpu,60.0,Infeasible,PASS,PASS,"Farkas, exact rational check (with 588 implied column bounds)",258624,14.140909,"primal infeasible: dual ray certificate (objective 0.008084, violation 0.000000); Farkas certificate: certified L0(r) = 2.81 > 0 (rounding-proof)"
c935a78,macbook-air-m4,Apple M4,none,,,2026-09-27T03:16:31,dfl001,6072,12230,41873,11266396.046671377,1.13e+03,r2hpdhg,cpu,60.0,TimeLimit,,FAIL,,465152,60.064060,
c935a78,macbook-air-m4,Apple M4,none,,,2026-09-27T03:16:31,e226,224,282,2767,-11.638929066370526,0.00126,r2hpdhg,cpu,60.0,TimeLimit,,FAIL,,12187776,60.003095,"presolve removed 55 rows, 11 cols"
c935a78,macbook-air-m4,Apple M4,none,,,2026-09-27T03:16:31,etamacro,401,688,2489,-755.7152333005275,0.0757,r2hpdhg,cpu,60.0,TimeLimit,,FAIL,,14378240,60.002687,"presolve removed 65 rows, 146 cols"
c935a78,macbook-air-m4,Apple M4,none,,,2026-09-27T03:16:31,fffff800,525,854,6235,555679.5648174965,55.6,r2hpdhg,cpu,60.0,TimeLimit,,FAIL,,4346112,60.011482,"presolve removed 48 rows, 37 cols"
c935a78,macbook-air-m4,Apple M4,none,,,2026-09-27T03:16:31,finnis,498,614,2714,172791.0655956116,17.3,r2hpdhg,cpu,60.0,TimeLimit,,FAIL,,11307328,60.001842,"presolve removed 64 rows, 65 cols"
c935a78,macbook-air-m4,Apple M4,none,,,2026-09-27T03:16:31,fit1d,25,1026,14430,-9146.378092420928,0.915,r2hpdhg,cpu,60.0,Infeasible,PASS,PASS,"Farkas, exact rational check",18688,0.641552,"primal infeasible: dual ray certificate (objective 0.004877, violation 0.000000); Farkas certificate: certified L0(r) = 4.05e-06 > 0 (rounding-proof)"
c935a78,macbook-air-m4,Apple M4,none,,,2026-09-27T03:16:31,fit1p,628,1677,10894,9146.378092420935,0.915,r2hpdhg,cpu,60.0,Infeasible,PASS,PASS,"Farkas, exact rational check (with 158 implied column bounds)",73600,2.029074,"primal infeasible: dual ray certificate (objective 0.304911, violation 0.000000); Farkas certificate: certified L0(r) = 85.5 > 0 (rounding-proof)"
c935a78,macbook-air-m4,Apple M4,none,,,2026-09-27T03:16:31,fit2d,26,10500,138018,-68464.2932938321,6.85,r2hpdhg,cpu,60.0,Infeasible,PASS,PASS,"Farkas, exact rational check",44992,16.417312,"primal infeasible: dual ray certificate (objective 0.102162, violation 0.000000); Farkas certificate: certified L0(r) = 1.67e-05 > 0 (rounding-proof)"
c935a78,macbook-air-m4,Apple M4,none,,,2026-09-27T03:16:31,fit2p,3001,13525,60784,68464.29329383212,6.85,r2hpdhg,cpu,60.0,Infeasible,PASS,PASS,"Farkas, exact rational check (with 1008 implied column bounds)",115840,20.581158,"primal infeasible: dual ray certificate (objective 3.423200, violation 0.000000); Farkas certificate: certified L0(r) = 3e+03 > 0 (rounding-proof)"
c935a78,macbook-air-m4,Apple M4,none,,,2026-09-27T03:16:31,forplan,162,421,4916,-664.2189612722036,0.0665,r2hpdhg,cpu,60.0,TimeLimit,,FAIL,,6104448,60.009358,"presolve removed 27 rows, 3 cols"
c935a78,macbook-air-m4,Apple M4,none,,,2026-09-27T03:16:31,ganges,1310,1681,7021,-109585.73612927801,11,r2hpdhg,cpu,60.0,TimeLimit,,FAIL,,3604864,60.020908,"presolve removed 184 rows, 184 cols"
c935a78,macbook-air-m4,Apple M4,none,,,2026-09-27T03:16:31,gfrd-pnc,617,1092,3467,6902235.999548812,690,r2hpdhg,cpu,60.0,Infeasible,PASS,PASS,"Farkas, tolerance check (not exact)",81216,0.350560,"primal infeasible: dual ray certificate (objective 8.108774, violation 0.000000); presolve: reduced model Infeasible; re-solved the original model for an original-space certificate; Farkas certificate: rigorous L0(r) = -0.715; tolerance test L0/s = 8.11, violation/s = 6.07e-08 (infeasibility shown w"
c935a78,macbook-air-m4,Apple M4,none,,,2026-09-27T03:16:31,greenbea,2393,5405,31499,-72555248.12984599,7.26e+03,r2hpdhg,cpu,60.0,TimeLimit,,FAIL,,900160,60.074426,"presolve removed 76 rows, 176 cols"
c935a78,macbook-air-m4,Apple M4,none,,,2026-09-27T03:16:31,greenbeb,2393,5405,31499,-4302260.261206586,430,r2hpdhg,cpu,60.0,TimeLimit,,FAIL,,896384,60.074016,"presolve removed 78 rows, 190 cols"
c935a78,macbook-air-m4,Apple M4,none,,,2026-09-27T03:16:31,grow15,301,645,5665,-106870941.29357533,1.07e+04,r2hpdhg,cpu,60.0,Infeasible,PASS,PASS,"Farkas, exact rational check (with 18 implied column bounds)",6848,0.070775,"primal infeasible: dual ray certificate (objective 110.816757, violation 0.000001); Farkas certificate: certified L0(r) = 1.67 > 0 (rounding-proof)"
c935a78,macbook-air-m4,Apple M4,none,,,2026-09-27T03:16:31,grow22,441,946,8318,-160834336.48256302,1.61e+04,r2hpdhg,cpu,60.0,Infeasible,PASS,PASS,"Farkas, exact rational check (with 37 implied column bounds)",6976,0.102654,"primal infeasible: dual ray certificate (objective 176.002011, violation 0.000001); Farkas certificate: certified L0(r) = 14.2 > 0 (rounding-proof)"
c935a78,macbook-air-m4,Apple M4,none,,,2026-09-27T03:16:31,grow7,141,301,2633,-47787811.81471149,4.78e+03,r2hpdhg,cpu,60.0,Infeasible,PASS,PASS,"Farkas, exact rational check (with 10 implied column bounds)",3264,0.015239,"primal infeasible: dual ray certificate (objective 50.288362, violation 0.000000); Farkas certificate: certified L0(r) = 0.0366 > 0 (rounding-proof)"
c935a78,macbook-air-m4,Apple M4,none,,,2026-09-27T03:16:31,israel,175,142,2358,-896644.8218630461,89.7,r2hpdhg,cpu,60.0,Infeasible,PASS,PASS,"Farkas, exact rational check (with 57 implied column bounds)",39424,0.096915,"primal infeasible: dual ray certificate (objective 0.245370, violation 0.000000); presolve: reduced model Infeasible; re-solved the original model for an original-space certificate; Farkas certificate: certified L0(r) = 0.0194 > 0 (rounding-proof)"
c935a78,macbook-air-m4,Apple M4,none,,,2026-09-27T03:16:31,kb2,44,41,291,-1749.9001299062054,0.175,r2hpdhg,cpu,60.0,Infeasible,PASS,PASS,"Farkas, exact rational check (with 6 implied column bounds)",149504,0.083568,"primal infeasible: dual ray certificate (objective 0.010048, violation 0.000000); Farkas certificate: certified L0(r) = 1.45 > 0 (rounding-proof)"
c935a78,macbook-air-m4,Apple M4,none,,,2026-09-27T03:16:31,lotfi,154,308,1086,-25.264706061880002,0.00263,r2hpdhg,cpu,60.0,TimeLimit,,FAIL,,25675456,60.000866,"presolve removed 19 rows, 8 cols"
c935a78,macbook-air-m4,Apple M4,none,,,2026-09-27T03:16:31,maros-r7,3137,9408,151120,1497185.166479642,150,r2hpdhg,cpu,60.0,Infeasible,PASS,PASS,"Farkas, exact rational check (with 1707 implied column bounds)",16128,4.620162,"primal infeasible: dual ray certificate (objective 149.716682, violation 0.000001); Farkas certificate: certified L0(r) = 36.9 > 0 (rounding-proof)"
c935a78,macbook-air-m4,Apple M4,none,,,2026-09-27T03:16:31,maros,847,1443,10006,-58063.743701125946,5.81,r2hpdhg,cpu,60.0,TimeLimit,,FAIL,,2855424,60.024150,"presolve removed 35 rows, 52 cols"
c935a78,macbook-air-m4,Apple M4,none,,,2026-09-27T03:16:31,modszk1,688,1620,4158,320.61972906464734,0.0322,r2hpdhg,cpu,60.0,TimeLimit,,FAIL,,4989760,60.013262,"presolve removed 2 rows, 1 cols"
c935a78,macbook-air-m4,Apple M4,none,,,2026-09-27T03:16:31,nesm,663,2923,13988,14076036.487562707,1.41e+03,r2hpdhg,cpu,60.0,TimeLimit,,FAIL,,2187776,60.023904,"presolve removed 16 rows, 183 cols"
c935a78,macbook-air-m4,Apple M4,none,,,2026-09-27T03:16:31,perold,626,1376,6026,-9380.755278235229,0.938,r2hpdhg,cpu,60.0,TimeLimit,,FAIL,,4572416,60.011737,"presolve removed 5 rows, 68 cols"
c935a78,macbook-air-m4,Apple M4,none,,,2026-09-27T03:16:31,pilot.ja,941,1988,14706,-6113.136465581334,0.611,r2hpdhg,cpu,60.0,TimeLimit,,FAIL,,2386688,60.026535,"presolve removed 21 rows, 315 cols"
c935a78,macbook-air-m4,Apple M4,none,,,2026-09-27T03:16:31,pilot,1442,3652,43220,-557.4897292796667,0.0558,r2hpdhg,cpu,60.0,TimeLimit,,FAIL,,725696,60.097058,"presolve removed 8 rows, 205 cols"
c935a78,macbook-air-m4,Apple M4,none,,,2026-09-27T03:16:31,pilot.we,723,2789,9218,-2720107.5328449626,272,r2hpdhg,cpu,60.0,TimeLimit,,FAIL,,2776192,60.031117,"presolve removed 0 rows, 78 cols"
c935a78,macbook-air-m4,Apple M4,none,,,2026-09-27T03:16:31,pilot4,411,1000,5145,-2581.1392588838908,0.258,r2hpdhg,cpu,60.0,TimeLimit,,FAIL,,5564288,60.007557,"presolve removed 8 rows, 38 cols"
c935a78,macbook-air-m4,Apple M4,none,,,2026-09-27T03:16:31,pilot87,2031,4883,73804,301.71034733310836,0.0303,r2hpdhg,cpu,60.0,TimeLimit,,FAIL,,402368,60.169554,"presolve removed 15 rows, 225 cols"
c935a78,macbook-air-m4,Apple M4,none,,,2026-09-27T03:16:31,pilotnov,976,2172,13129,-4497.2761882188715,0.45,r2hpdhg,cpu,60.0,TimeLimit,,FAIL,,2275136,60.041927,"presolve removed 54 rows, 233 cols"
c935a78,macbook-air-m4,Apple M4,none,,,2026-09-27T03:16:31,recipe,92,180,752,-266.61600000000027,0.0268,r2hpdhg,cpu,60.0,Infeasible,PASS,PASS,"Farkas, exact rational check",58432,0.028135,"primal infeasible: dual ray certificate (objective 0.000588, violation 0.000000); presolve: reduced model Infeasible; re-solved the original model for an original-space certificate; Farkas certificate: certified L0(r) = 2.53e-07 > 0 (rounding-proof)"
c935a78,macbook-air-m4,Apple M4,none,,,2026-09-27T03:16:31,sc105,106,103,281,-52.202061211707246,0.00532,r2hpdhg,cpu,60.0,TimeLimit,,FAIL,,83335168,60.000571,"presolve removed 2 rows, 0 cols"
c935a78,macbook-air-m4,Apple M4,none,,,2026-09-27T03:16:31,sc205,206,203,552,-52.202061211707225,0.00532,r2hpdhg,cpu,60.0,TimeLimit,,FAIL,,43728320,60.000976,"presolve removed 3 rows, 1 cols"
c935a78,macbook-air-m4,Apple M4,none,,,2026-09-27T03:16:31,sc50a,51,48,131,-64.5750770585645,0.00656,r2hpdhg,cpu,60.0,IterationLimit,,FAIL,,100000000,35.875887,"presolve removed 2 rows, 0 cols"
c935a78,macbook-air-m4,Apple M4,none,,,2026-09-27T03:16:31,sc50b,51,48,119,-69.99999999999999,0.0071,r2hpdhg,cpu,60.0,IterationLimit,,FAIL,,100000000,35.712890,"presolve removed 3 rows, 0 cols"
c935a78,macbook-air-m4,Apple M4,none,,,2026-09-27T03:16:31,scagr25,472,500,2029,-14753433.060768528,1.48e+03,r2hpdhg,cpu,60.0,TimeLimit,,FAIL,,14222720,60.002857,"presolve removed 124 rows, 1 cols"
c935a78,macbook-air-m4,Apple M4,none,,,2026-09-27T03:16:31,scagr7,130,140,553,-2331389.8243309837,233,r2hpdhg,cpu,60.0,Infeasible,PASS,PASS,"Farkas, exact rational check (with 42 implied column bounds)",322368,0.356650,"primal infeasible: dual ray certificate (objective 0.055411, violation 0.000000); presolve: reduced model Infeasible; re-solved the original model for an original-space certificate; Farkas certificate: certified L0(r) = 3.2e+03 > 0 (rounding-proof)"
c935a78,macbook-air-m4,Apple M4,none,,,2026-09-27T03:16:31,scfxm1,331,457,2612,18416.759028348944,1.84,r2hpdhg,cpu,60.0,TimeLimit,,FAIL,,12186496,60.003925,"presolve removed 41 rows, 9 cols"
c935a78,macbook-air-m4,Apple M4,none,,,2026-09-27T03:16:31,scfxm2,661,914,5229,36660.26156499881,3.67,r2hpdhg,cpu,60.0,TimeLimit,,FAIL,,5530368,60.008056,"presolve removed 82 rows, 18 cols"
c935a78,macbook-air-m4,Apple M4,none,,,2026-09-27T03:16:31,scfxm3,991,1371,7846,54901.254549751444,5.49,r2hpdhg,cpu,60.0,TimeLimit,,FAIL,,3743552,60.012006,"presolve removed 123 rows, 27 cols"
c935a78,macbook-air-m4,Apple M4,none,,,2026-09-27T03:16:31,scorpion,389,358,1708,1878.1248227381068,0.188,r2hpdhg,cpu,60.0,TimeLimit,,FAIL,,16426368,60.005132,"presolve removed 91 rows, 23 cols"
c935a78,macbook-air-m4,Apple M4,none,,,2026-09-27T03:16:31,scrs8,491,1169,4029,904.296953800792,0.0905,r2hpdhg,cpu,60.0,TimeLimit,,FAIL,,5986688,60.011897,"presolve removed 36 rows, 32 cols"
c935a78,macbook-air-m4,Apple M4,none,,,2026-09-27T03:16:31,scsd1,78,760,3148,8.666666674333367,0.000967,r2hpdhg,cpu,60.0,TimeLimit,,FAIL,,9435264,60.001273,
c935a78,macbook-air-m4,Apple M4,none,,,2026-09-27T03:16:31,scsd6,148,1350,5666,50.50000007826242,0.00515,r2hpdhg,cpu,60.0,TimeLimit,,FAIL,,4655296,60.002019,
c935a78,macbook-air-m4,Apple M4,none,,,2026-09-27T03:16:31,scsd8,398,2750,11334,904.9999999254641,0.0906,r2hpdhg,cpu,60.0,TimeLimit,,FAIL,,2366528,60.004887,
c935a78,macbook-air-m4,Apple M4,none,,,2026-09-27T03:16:31,sctap1,301,480,2052,1412.25,0.141,r2hpdhg,cpu,60.0,TimeLimit,,FAIL,,14103040,60.000916,
c935a78,macbook-air-m4,Apple M4,none,,,2026-09-27T03:16:31,sctap2,1091,1880,8124,1724.807142857143,0.173,r2hpdhg,cpu,60.0,TimeLimit,,FAIL,,3188608,60.003871,
c935a78,macbook-air-m4,Apple M4,none,,,2026-09-27T03:16:31,sctap3,1481,2480,10734,1424.0,0.143,r2hpdhg,cpu,60.0,TimeLimit,,FAIL,,2355648,60.003503,
c935a78,macbook-air-m4,Apple M4,none,,,2026-09-27T03:16:31,seba,516,1028,4874,15711.599999999999,1.57,r2hpdhg,cpu,60.0,Infeasible,PASS,PASS,"Farkas, exact rational check (with 288 implied column bounds)",5568,0.073494,"primal infeasible: dual ray certificate (objective 0.005570, violation 0.000000); Farkas certificate: certified L0(r) = 0.784 > 0 (rounding-proof)"
c935a78,macbook-air-m4,Apple M4,none,,,2026-09-27T03:16:31,share1b,118,225,1182,-76589.31857918571,7.66,r2hpdhg,cpu,60.0,TimeLimit,,FAIL,,29173824,60.000491,presolve: reduced model Infeasible; re-solved the original model for an original-space certificate
c935a78,macbook-air-m4,Apple M4,none,,,2026-09-27T03:16:31,share2b,97,79,730,-415.7322407414195,0.0417,r2hpdhg,cpu,60.0,TimeLimit,,FAIL,,46233280,60.001212,"presolve removed 3 rows, 0 cols"
c935a78,macbook-air-m4,Apple M4,none,,,2026-09-27T03:16:31,shell,537,1775,4900,1208825346.0,1.21e+05,r2hpdhg,cpu,60.0,Infeasible,PASS,PASS,"Farkas, tolerance check (not exact)",61824,0.622476,"primal infeasible: dual ray certificate (objective 25.532680, violation 0.000000); presolve: reduced model Infeasible; re-solved the original model for an original-space certificate; Farkas certificate: rigorous L0(r) = -2.41e+03; tolerance test L0/s = 25.5, violation/s = 2.55e-07 (infeasibility sho"
c935a78,macbook-air-m4,Apple M4,none,,,2026-09-27T03:16:31,ship04l,403,2118,8450,1793324.5379703562,179,r2hpdhg,cpu,60.0,TimeLimit,,FAIL,,2943808,60.006154,"presolve removed 46 rows, 4 cols"
c935a78,macbook-air-m4,Apple M4,none,,,2026-09-27T03:16:31,ship04s,403,1458,5810,1798714.7004453917,180,r2hpdhg,cpu,60.0,TimeLimit,,FAIL,,4671552,60.004987,"presolve removed 134 rows, 92 cols"
c935a78,macbook-air-m4,Apple M4,none,,,2026-09-27T03:16:31,ship08l,779,4283,17085,1909055.211389131,191,r2hpdhg,cpu,60.0,TimeLimit,,FAIL,,1472448,60.013742,"presolve removed 90 rows, 24 cols"
c935a78,macbook-air-m4,Apple M4,none,,,2026-09-27T03:16:31,ship08s,779,2387,9501,1920098.2105346182,192,r2hpdhg,cpu,60.0,TimeLimit,,FAIL,,3055680,60.007808,"presolve removed 362 rows, 296 cols"
c935a78,macbook-air-m4,Apple M4,none,,,2026-09-27T03:16:31,ship12l,1152,5427,21597,1470187.9193292665,147,r2hpdhg,cpu,60.0,TimeLimit,,FAIL,,1230464,60.016478,"presolve removed 313 rows, 204 cols"
c935a78,macbook-air-m4,Apple M4,none,,,2026-09-27T03:16:31,ship12s,1152,2763,10941,1489236.1344061329,149,r2hpdhg,cpu,60.0,TimeLimit,,FAIL,,2993664,60.008864,"presolve removed 685 rows, 576 cols"
c935a78,macbook-air-m4,Apple M4,none,,,2026-09-27T03:16:31,sierra,1228,2036,9252,15394362.183631929,1.54e+03,r2hpdhg,cpu,60.0,TimeLimit,,FAIL,,2867136,60.003167,"presolve removed 15 rows, 20 cols"
c935a78,macbook-air-m4,Apple M4,none,,,2026-09-27T03:16:31,stair,357,467,3857,-251.26695119296335,0.0252,r2hpdhg,cpu,60.0,TimeLimit,,FAIL,,9121664,60.009346,"presolve removed 1 rows, 82 cols"
c935a78,macbook-air-m4,Apple M4,none,,,2026-09-27T03:16:31,standata,360,1075,3038,1257.6995,0.126,r2hpdhg,cpu,60.0,TimeLimit,,FAIL,,7902016,60.002099,presolve: reduced model Infeasible; re-solved the original model for an original-space certificate
c935a78,macbook-air-m4,Apple M4,none,,,2026-09-27T03:16:31,standgub,362,1184,3146,1257.6995,0.126,r2hpdhg,cpu,60.0,Infeasible,PASS,PASS,"Farkas, exact rational check (with 41 implied column bounds)",19008,0.134035,"primal infeasible: dual ray certificate (objective 0.007172, violation 0.000000); presolve: reduced model Infeasible; re-solved the original model for an original-space certificate; Farkas certificate: certified L0(r) = 6.21 > 0 (rounding-proof)"
c935a78,macbook-air-m4,Apple M4,none,,,2026-09-27T03:16:31,standmps,468,1075,3686,1406.0175,0.141,r2hpdhg,cpu,60.0,TimeLimit,,FAIL,,6532800,60.002453,presolve: reduced model Infeasible; re-solved the original model for an original-space certificate
c935a78,macbook-air-m4,Apple M4,none,,,2026-09-27T03:16:31,stocfor1,118,111,474,-41131.976219436394,4.11,r2hpdhg,cpu,60.0,TimeLimit,,FAIL,,64746624,60.000619,"presolve removed 19 rows, 11 cols"
c935a78,macbook-air-m4,Apple M4,none,,,2026-09-27T03:16:31,stocfor2,2158,2031,9492,-39024.40853788211,3.9,r2hpdhg,cpu,60.0,TimeLimit,,FAIL,,2703424,60.010038,"presolve removed 28 rows, 16 cols"
c935a78,macbook-air-m4,Apple M4,none,,,2026-09-27T03:16:31,tuff,334,587,4523,0.29214776509361273,0.000129,r2hpdhg,cpu,60.0,TimeLimit,,FAIL,,6351744,60.008991,"presolve removed 41 rows, 5 cols"
c935a78,macbook-air-m4,Apple M4,none,,,2026-09-27T03:16:31,vtp.base,199,203,914,129831.46246136137,13,r2hpdhg,cpu,60.0,TimeLimit,,FAIL,,37281472,60.001581,"presolve removed 32 rows, 21 cols"
c935a78,macbook-air-m4,Apple M4,none,,,2026-09-27T03:16:31,wood1p,245,2594,70216,1.4429024115734075,0.000244,r2hpdhg,cpu,60.0,TimeLimit,,FAIL,,370112,60.110871,"presolve removed 2 rows, 0 cols"
c935a78,macbook-air-m4,Apple M4,none,,,2026-09-27T03:16:31,woodw,1099,8405,37478,1.3044763330842293,0.00023,r2hpdhg,cpu,60.0,TimeLimit,,FAIL,,654400,60.041337,"presolve removed 1 rows, 0 cols"
