git_hash,machine,cpu,gpu,driver,cuda,date,instance,rows,cols,nnz,engine,backend,precision,tolerance,status,objective,published_optimum,rel_err_published,iterations,seconds,iterations_to_1e-4,seconds_to_1e-4,verify,verify_primal_rel,verify_dual_rel,verify_gap_rel,message
82d376c,rtx4050-laptop,Intel(R) Core(TM) 5 210H,NVIDIA GeForce RTX 4050 Laptop GPU,616.64,13.3.73,2026-09-26T20:25:43,afiro,27,32,83,pdlp,gpu,fp64,1e-8,Optimal,-464.753143836,-464.75314286,2.10e-09,512,0.401282,320,0.376403,PASS,6.09e-07,8.15e-11,3.06e-09,"presolve removed 2 rows, 0 cols"
82d376c,rtx4050-laptop,Intel(R) Core(TM) 5 210H,NVIDIA GeForce RTX 4050 Laptop GPU,616.64,13.3.73,2026-09-26T20:25:43,afiro,27,32,83,pdlp,gpu,mixed,1e-8,Optimal,-464.753143696,-464.75314286,1.80e-09,512,0.490664,320,0.467752,PASS,5.30e-07,1.08e-10,4.21e-09,"fp32 -> fp64 at iteration 384; presolve removed 2 rows, 0 cols"
82d376c,rtx4050-laptop,Intel(R) Core(TM) 5 210H,NVIDIA GeForce RTX 4050 Laptop GPU,616.64,13.3.73,2026-09-26T20:25:43,afiro,27,32,83,r2hpdhg,gpu,fp64,1e-8,Optimal,-464.753141878,-464.75314286,2.11e-09,448,0.270982,256,0.260112,PASS,9.85e-07,8.37e-11,1.11e-09,"presolve removed 2 rows, 0 cols"
82d376c,rtx4050-laptop,Intel(R) Core(TM) 5 210H,NVIDIA GeForce RTX 4050 Laptop GPU,616.64,13.3.73,2026-09-26T20:25:43,afiro,27,32,83,r2hpdhg,gpu,mixed,1e-8,Optimal,-464.75314205,-464.75314286,1.74e-09,448,0.274447,256,0.263722,PASS,8.28e-07,8.50e-11,9.58e-10,"fp32 -> fp64 at iteration 320; presolve removed 2 rows, 0 cols"
82d376c,rtx4050-laptop,Intel(R) Core(TM) 5 210H,NVIDIA GeForce RTX 4050 Laptop GPU,616.64,13.3.73,2026-09-26T20:25:43,sc50a,50,48,130,pdlp,gpu,fp64,1e-8,Optimal,-64.575077139,-64.575077059,1.22e-09,1664,0.436893,704,0.338597,PASS,4.83e-08,7.85e-10,8.56e-09,"presolve removed 1 rows, 0 cols"
82d376c,rtx4050-laptop,Intel(R) Core(TM) 5 210H,NVIDIA GeForce RTX 4050 Laptop GPU,616.64,13.3.73,2026-09-26T20:25:43,sc50a,50,48,130,pdlp,gpu,mixed,1e-8,Optimal,-64.575077254,-64.575077059,2.97e-09,1856,0.406405,704,0.318227,PASS,1.17e-07,4.52e-10,3.68e-09,"fp32 -> fp64 at iteration 1152; presolve removed 1 rows, 0 cols"
82d376c,rtx4050-laptop,Intel(R) Core(TM) 5 210H,NVIDIA GeForce RTX 4050 Laptop GPU,616.64,13.3.73,2026-09-26T20:25:43,sc50a,50,48,130,r2hpdhg,gpu,fp64,1e-8,Optimal,-64.5750775154,-64.575077059,6.96e-09,768,0.250598,448,0.232073,PASS,2.71e-07,3.26e-10,1.55e-10,"presolve removed 1 rows, 0 cols"
82d376c,rtx4050-laptop,Intel(R) Core(TM) 5 210H,NVIDIA GeForce RTX 4050 Laptop GPU,616.64,13.3.73,2026-09-26T20:25:43,sc50a,50,48,130,r2hpdhg,gpu,mixed,1e-8,Optimal,-64.5750778063,-64.575077059,1.14e-08,832,0.249060,448,0.232550,PASS,4.57e-07,3.83e-10,8.73e-10,"fp32 -> fp64 at iteration 704; presolve removed 1 rows, 0 cols"
82d376c,rtx4050-laptop,Intel(R) Core(TM) 5 210H,NVIDIA GeForce RTX 4050 Laptop GPU,616.64,13.3.73,2026-09-26T20:25:43,sc50b,50,48,118,pdlp,gpu,fp64,1e-8,Optimal,-69.9999991375,-70,1.21e-08,1984,0.403081,640,0.269861,PASS,6.51e-07,1.80e-10,6.56e-09,"presolve removed 2 rows, 0 cols"
82d376c,rtx4050-laptop,Intel(R) Core(TM) 5 210H,NVIDIA GeForce RTX 4050 Laptop GPU,616.64,13.3.73,2026-09-26T20:25:43,sc50b,50,48,118,pdlp,gpu,mixed,1e-8,Optimal,-69.9999990091,-70,1.40e-08,1664,0.326985,640,0.252741,PASS,7.47e-07,5.80e-10,9.33e-09,"fp32 -> fp64 at iteration 1280; presolve removed 2 rows, 0 cols"
82d376c,rtx4050-laptop,Intel(R) Core(TM) 5 210H,NVIDIA GeForce RTX 4050 Laptop GPU,616.64,13.3.73,2026-09-26T20:25:43,sc50b,50,48,118,r2hpdhg,gpu,fp64,1e-8,Optimal,-69.9999990368,-70,1.36e-08,1792,0.321897,960,0.262083,PASS,7.24e-07,4.80e-10,8.63e-09,"presolve removed 2 rows, 0 cols"
82d376c,rtx4050-laptop,Intel(R) Core(TM) 5 210H,NVIDIA GeForce RTX 4050 Laptop GPU,616.64,13.3.73,2026-09-26T20:25:43,sc50b,50,48,118,r2hpdhg,gpu,mixed,1e-8,Optimal,-69.9999999766,-70,3.30e-10,2304,0.433159,960,0.388483,PASS,1.77e-08,3.86e-11,1.31e-09,"fp32 -> fp64 at iteration 1984; presolve removed 2 rows, 0 cols"
82d376c,rtx4050-laptop,Intel(R) Core(TM) 5 210H,NVIDIA GeForce RTX 4050 Laptop GPU,616.64,13.3.73,2026-09-26T20:25:43,kb2,43,41,286,pdlp,gpu,fp64,1e-8,Optimal,-1749.90012991,-1749.9001299,4.49e-12,39872,3.340511,24448,2.091070,PASS,6.61e-09,1.14e-10,1.73e-11,
82d376c,rtx4050-laptop,Intel(R) Core(TM) 5 210H,NVIDIA GeForce RTX 4050 Laptop GPU,616.64,13.3.73,2026-09-26T20:25:43,kb2,43,41,286,pdlp,gpu,mixed,1e-8,Optimal,-1749.90012991,-1749.9001299,2.89e-12,46272,3.938676,24640,2.258011,PASS,9.11e-09,6.67e-11,5.37e-13,fp32 -> fp64 at iteration 832
82d376c,rtx4050-laptop,Intel(R) Core(TM) 5 210H,NVIDIA GeForce RTX 4050 Laptop GPU,616.64,13.3.73,2026-09-26T20:25:43,kb2,43,41,286,r2hpdhg,gpu,fp64,1e-8,Optimal,-1749.90012991,-1749.9001299,3.04e-12,21568,1.165986,12416,0.786635,PASS,6.99e-09,3.85e-10,6.38e-11,
82d376c,rtx4050-laptop,Intel(R) Core(TM) 5 210H,NVIDIA GeForce RTX 4050 Laptop GPU,616.64,13.3.73,2026-09-26T20:25:43,kb2,43,41,286,r2hpdhg,gpu,mixed,1e-8,Optimal,-1749.90012991,-1749.9001299,2.91e-12,21568,1.177412,12416,0.740742,PASS,8.77e-09,3.88e-10,6.44e-11,fp32 -> fp64 at iteration 832
82d376c,rtx4050-laptop,Intel(R) Core(TM) 5 210H,NVIDIA GeForce RTX 4050 Laptop GPU,616.64,13.3.73,2026-09-26T20:25:43,adlittle,56,97,383,pdlp,gpu,fp64,1e-8,Optimal,225494.964192,225494.96316,4.58e-09,3968,0.591304,2112,0.432108,PASS,7.41e-07,4.04e-09,3.34e-09,"presolve removed 3 rows, 1 cols"
82d376c,rtx4050-laptop,Intel(R) Core(TM) 5 210H,NVIDIA GeForce RTX 4050 Laptop GPU,616.64,13.3.73,2026-09-26T20:25:43,adlittle,56,97,383,pdlp,gpu,mixed,1e-8,Optimal,225494.964193,225494.96316,4.58e-09,3968,0.612058,2112,0.434872,PASS,7.41e-07,4.04e-09,3.34e-09,"fp32 -> fp64 at iteration 1984; presolve removed 3 rows, 1 cols"
82d376c,rtx4050-laptop,Intel(R) Core(TM) 5 210H,NVIDIA GeForce RTX 4050 Laptop GPU,616.64,13.3.73,2026-09-26T20:25:43,adlittle,56,97,383,r2hpdhg,gpu,fp64,1e-8,Optimal,225494.964997,225494.96316,8.14e-09,2560,0.422892,1536,0.366956,PASS,2.97e-08,1.74e-09,4.25e-09,"presolve removed 3 rows, 1 cols"
82d376c,rtx4050-laptop,Intel(R) Core(TM) 5 210H,NVIDIA GeForce RTX 4050 Laptop GPU,616.64,13.3.73,2026-09-26T20:25:43,adlittle,56,97,383,r2hpdhg,gpu,mixed,1e-8,Optimal,225494.961101,225494.96316,9.13e-09,3264,0.435041,1536,0.351772,PASS,4.19e-07,1.60e-09,4.94e-09,"fp32 -> fp64 at iteration 2688; presolve removed 3 rows, 1 cols"
82d376c,rtx4050-laptop,Intel(R) Core(TM) 5 210H,NVIDIA GeForce RTX 4050 Laptop GPU,616.64,13.3.73,2026-09-26T20:25:43,blend,74,83,491,pdlp,gpu,fp64,1e-8,Optimal,-30.8121498833,-30.812149846,1.17e-09,4992,0.733324,2752,0.520572,PASS,1.72e-07,1.13e-09,3.87e-09,"presolve removed 2 rows, 0 cols"
82d376c,rtx4050-laptop,Intel(R) Core(TM) 5 210H,NVIDIA GeForce RTX 4050 Laptop GPU,616.64,13.3.73,2026-09-26T20:25:43,blend,74,83,491,pdlp,gpu,mixed,1e-8,Optimal,-30.8121502657,-30.812149846,1.32e-08,4992,0.802407,2752,0.533565,PASS,3.42e-07,1.03e-09,7.21e-09,"fp32 -> fp64 at iteration 3904; presolve removed 2 rows, 0 cols"
82d376c,rtx4050-laptop,Intel(R) Core(TM) 5 210H,NVIDIA GeForce RTX 4050 Laptop GPU,616.64,13.3.73,2026-09-26T20:25:43,blend,74,83,491,r2hpdhg,gpu,fp64,1e-8,Optimal,-30.8121496993,-30.812149846,4.61e-09,1920,0.336126,1088,0.284681,PASS,4.29e-07,1.87e-10,2.29e-09,"presolve removed 2 rows, 0 cols"
82d376c,rtx4050-laptop,Intel(R) Core(TM) 5 210H,NVIDIA GeForce RTX 4050 Laptop GPU,616.64,13.3.73,2026-09-26T20:25:43,blend,74,83,491,r2hpdhg,gpu,mixed,1e-8,Optimal,-30.8121501674,-30.812149846,1.01e-08,2368,0.344943,1088,0.270451,PASS,1.16e-07,4.50e-11,5.21e-09,"fp32 -> fp64 at iteration 1728; presolve removed 2 rows, 0 cols"
82d376c,rtx4050-laptop,Intel(R) Core(TM) 5 210H,NVIDIA GeForce RTX 4050 Laptop GPU,616.64,13.3.73,2026-09-26T20:25:43,share2b,96,79,694,pdlp,gpu,fp64,1e-8,Optimal,-415.732245251,-415.73224074,1.08e-08,99904,8.101367,48384,4.301278,PASS,3.73e-07,3.97e-09,5.36e-09,"presolve removed 3 rows, 0 cols"
82d376c,rtx4050-laptop,Intel(R) Core(TM) 5 210H,NVIDIA GeForce RTX 4050 Laptop GPU,616.64,13.3.73,2026-09-26T20:25:43,share2b,96,79,694,pdlp,gpu,mixed,1e-8,Optimal,-415.732231603,-415.73224074,2.19e-08,102848,7.287221,66688,4.802696,PASS,1.69e-08,7.74e-09,9.93e-09,"fp32 -> fp64 at iteration 896; presolve removed 3 rows, 0 cols"
82d376c,rtx4050-laptop,Intel(R) Core(TM) 5 210H,NVIDIA GeForce RTX 4050 Laptop GPU,616.64,13.3.73,2026-09-26T20:25:43,share2b,96,79,694,r2hpdhg,gpu,fp64,1e-8,Optimal,-415.732233047,-415.73224074,1.85e-08,49344,2.279320,33216,1.665926,PASS,1.41e-08,7.01e-09,8.34e-09,"presolve removed 3 rows, 0 cols"
82d376c,rtx4050-laptop,Intel(R) Core(TM) 5 210H,NVIDIA GeForce RTX 4050 Laptop GPU,616.64,13.3.73,2026-09-26T20:25:43,share2b,96,79,694,r2hpdhg,gpu,mixed,1e-8,Optimal,-415.7322374,-415.73224074,8.01e-09,65536,2.616061,40768,1.755176,PASS,6.09e-09,4.54e-10,3.96e-09,"fp32 -> fp64 at iteration 832; presolve removed 3 rows, 0 cols"
82d376c,rtx4050-laptop,Intel(R) Core(TM) 5 210H,NVIDIA GeForce RTX 4050 Laptop GPU,616.64,13.3.73,2026-09-26T20:25:43,sc105,105,103,280,pdlp,gpu,fp64,1e-8,Optimal,-52.2020604186,-52.202061212,1.49e-08,4608,0.809221,2880,0.648211,PASS,6.16e-07,1.96e-10,2.67e-09,"presolve removed 1 rows, 0 cols"
82d376c,rtx4050-laptop,Intel(R) Core(TM) 5 210H,NVIDIA GeForce RTX 4050 Laptop GPU,616.64,13.3.73,2026-09-26T20:25:43,sc105,105,103,280,pdlp,gpu,mixed,1e-8,Optimal,-52.2020605643,-52.202061212,1.22e-08,4992,0.647380,2880,0.460624,PASS,5.89e-07,1.10e-11,9.58e-09,"fp32 -> fp64 at iteration 3968; presolve removed 1 rows, 0 cols"
82d376c,rtx4050-laptop,Intel(R) Core(TM) 5 210H,NVIDIA GeForce RTX 4050 Laptop GPU,616.64,13.3.73,2026-09-26T20:25:43,sc105,105,103,280,r2hpdhg,gpu,fp64,1e-8,Optimal,-52.2020611773,-52.202061212,6.52e-10,2304,0.353296,1152,0.302264,PASS,3.56e-07,5.07e-12,1.84e-09,"presolve removed 1 rows, 0 cols"
82d376c,rtx4050-laptop,Intel(R) Core(TM) 5 210H,NVIDIA GeForce RTX 4050 Laptop GPU,616.64,13.3.73,2026-09-26T20:25:43,sc105,105,103,280,r2hpdhg,gpu,mixed,1e-8,Optimal,-52.2020611008,-52.202061212,2.09e-09,3456,0.407067,1152,0.301653,PASS,3.19e-07,3.28e-12,3.04e-09,"fp32 -> fp64 at iteration 2944; presolve removed 1 rows, 0 cols"
82d376c,rtx4050-laptop,Intel(R) Core(TM) 5 210H,NVIDIA GeForce RTX 4050 Laptop GPU,616.64,13.3.73,2026-09-26T20:25:43,stocfor1,117,111,447,pdlp,gpu,fp64,1e-8,Optimal,-41131.9757971,-41131.976219,1.03e-08,12928,1.331214,8064,0.896365,PASS,1.18e-07,1.80e-08,9.36e-09,"presolve removed 19 rows, 11 cols"
82d376c,rtx4050-laptop,Intel(R) Core(TM) 5 210H,NVIDIA GeForce RTX 4050 Laptop GPU,616.64,13.3.73,2026-09-26T20:25:43,stocfor1,117,111,447,pdlp,gpu,mixed,1e-8,Optimal,-41131.9757367,-41131.976219,1.17e-08,10944,1.111676,6208,0.736357,PASS,1.68e-07,1.59e-08,9.84e-09,"fp32 -> fp64 at iteration 768; presolve removed 19 rows, 11 cols"
82d376c,rtx4050-laptop,Intel(R) Core(TM) 5 210H,NVIDIA GeForce RTX 4050 Laptop GPU,616.64,13.3.73,2026-09-26T20:25:43,stocfor1,117,111,447,r2hpdhg,gpu,fp64,1e-8,Optimal,-41131.976296,-41131.976219,1.87e-09,6016,0.529076,4160,0.430255,PASS,2.08e-07,1.26e-08,4.24e-09,"presolve removed 19 rows, 11 cols"
82d376c,rtx4050-laptop,Intel(R) Core(TM) 5 210H,NVIDIA GeForce RTX 4050 Laptop GPU,616.64,13.3.73,2026-09-26T20:25:43,stocfor1,117,111,447,r2hpdhg,gpu,mixed,1e-8,Optimal,-41131.9767005,-41131.976219,1.17e-08,6912,0.517321,4800,0.436378,PASS,1.06e-07,1.95e-08,7.62e-09,"fp32 -> fp64 at iteration 768; presolve removed 19 rows, 11 cols"
82d376c,rtx4050-laptop,Intel(R) Core(TM) 5 210H,NVIDIA GeForce RTX 4050 Laptop GPU,616.64,13.3.73,2026-09-26T20:25:43,recipe,91,180,663,pdlp,gpu,fp64,1e-8,Optimal,-266.616000003,-266.616,9.47e-12,1664,0.375273,1344,0.344386,PASS,5.05e-10,0.00e+00,5.02e-11,"presolve removed 8 rows, 29 cols"
82d376c,rtx4050-laptop,Intel(R) Core(TM) 5 210H,NVIDIA GeForce RTX 4050 Laptop GPU,616.64,13.3.73,2026-09-26T20:25:43,recipe,91,180,663,pdlp,gpu,mixed,1e-8,Optimal,-266.615999957,-266.616,1.62e-10,2432,0.499804,1408,0.386135,PASS,2.62e-09,0.00e+00,1.04e-09,"fp32 -> fp64 at iteration 2112; presolve removed 8 rows, 29 cols"
82d376c,rtx4050-laptop,Intel(R) Core(TM) 5 210H,NVIDIA GeForce RTX 4050 Laptop GPU,616.64,13.3.73,2026-09-26T20:25:43,recipe,91,180,663,r2hpdhg,gpu,fp64,1e-8,Optimal,-266.616000004,-266.616,1.60e-11,1024,0.376813,768,0.359911,PASS,1.65e-09,0.00e+00,7.11e-12,"presolve removed 8 rows, 29 cols"
82d376c,rtx4050-laptop,Intel(R) Core(TM) 5 210H,NVIDIA GeForce RTX 4050 Laptop GPU,616.64,13.3.73,2026-09-26T20:25:43,recipe,91,180,663,r2hpdhg,gpu,mixed,1e-8,Optimal,-266.616,-266.616,1.30e-12,1536,0.337839,1344,0.324194,PASS,1.02e-09,0.00e+00,1.33e-12,"fp32 -> fp64 at iteration 1280; presolve removed 8 rows, 29 cols"
