git_hash,machine,cpu,gpu,driver,cuda,date,settings,instance,rows,cols,nnz,engine,backend,precision,tolerance,time_limit,status,iterations,seconds,seconds_to_1e-4,objective,published_optimum,highs_objective,rel_err_highs,rel_err_published,verify,verify_primal_rel,verify_dual_rel,verify_gap_rel,certified_bound,certified_gap,message
4f0fc82,macbook-air-m4,Apple M4,none,,,2026-09-25T02:30:17,,25fv47,821,1571,10400,r2hpdhg,cpu,fp64,1e-8,60.0,Optimal,109056,1.209354,0.166333,5501.8458814519317,5501.8458883,5501.845888286749,1.24e-09,1.24e-09,PASS,9.68e-07,3.06e-09,1.21e-09,-inf,inf,
4f0fc82,macbook-air-m4,Apple M4,none,,,2026-09-25T02:30:17,,80bau3b,2262,9799,21002,r2hpdhg,cpu,fp64,1e-8,60.0,Optimal,170368,5.364985,1.324562,987224.19257270591,987232.16072,987224.1924090902,1.66e-10,8.07e-06,PASS,6.12e-08,4.20e-09,1.97e-09,-inf,inf,
4f0fc82,macbook-air-m4,Apple M4,none,,,2026-09-25T02:30:17,,adlittle,56,97,383,r2hpdhg,cpu,fp64,1e-8,60.0,Optimal,3072,0.001618,0.001135,225494.9631695592,225494.96316,225494.9631623803,3.18e-11,4.24e-11,PASS,4.08e-09,3.84e-09,8.88e-10,225494.9616623547,6.68e-09,
4f0fc82,macbook-air-m4,Apple M4,none,,,2026-09-25T02:30:17,,afiro,27,32,83,r2hpdhg,cpu,fp64,1e-8,60.0,Optimal,512,0.000205,0.000133,-464.75314293244747,-464.75314286,-464.75314285714285,1.62e-10,1.56e-10,PASS,6.33e-08,8.52e-11,1.11e-09,-464.75314357849834,1.39e-09,
4f0fc82,macbook-air-m4,Apple M4,none,,,2026-09-25T02:30:17,,agg,488,163,2410,r2hpdhg,cpu,fp64,1e-8,60.0,Optimal,80384,0.196408,0.018101,-35991767.286482878,-35991767.287,-35991767.286576495,2.60e-12,1.44e-11,PASS,3.93e-07,6.15e-08,6.04e-10,-35991767.422656871,3.78e-09,
4f0fc82,macbook-air-m4,Apple M4,none,,,2026-09-25T02:30:17,,agg2,516,302,4284,r2hpdhg,cpu,fp64,1e-8,60.0,Optimal,5568,0.023928,0.016483,-20239252.35605552,-20239252.356,-20239252.355977114,3.87e-12,2.74e-12,PASS,4.83e-07,3.41e-11,2.97e-12,-20239252.356070559,7.43e-13,
4f0fc82,macbook-air-m4,Apple M4,none,,,2026-09-25T02:30:17,,agg3,516,302,4300,r2hpdhg,cpu,fp64,1e-8,60.0,Optimal,7296,0.031015,0.019090,10312115.935145458,10312115.935,10312115.935089216,5.45e-12,1.41e-11,PASS,9.47e-07,8.21e-14,2.72e-12,10312115.935088683,5.51e-12,
4f0fc82,macbook-air-m4,Apple M4,none,,,2026-09-25T02:30:17,,bandm,305,472,2494,r2hpdhg,cpu,fp64,1e-8,60.0,Optimal,25280,0.068815,0.010643,-158.62801842808574,-158.62801845,-158.62801845012044,1.38e-10,1.37e-10,PASS,4.16e-08,2.37e-09,1.17e-09,-inf,inf,
4f0fc82,macbook-air-m4,Apple M4,none,,,2026-09-25T02:30:17,,beaconfd,173,262,3375,r2hpdhg,cpu,fp64,1e-8,60.0,Optimal,13184,0.044807,0.039907,33592.485806089164,33592.485807,33592.4858072,3.31e-11,2.71e-11,PASS,3.40e-07,2.09e-11,1.97e-11,33592.485775694207,9.05e-10,
4f0fc82,macbook-air-m4,Apple M4,none,,,2026-09-25T02:30:17,,blend,74,83,491,r2hpdhg,cpu,fp64,1e-8,60.0,Optimal,2112,0.001442,0.000827,-30.812150132851038,-30.812149846,-30.812149845828237,9.02e-09,9.02e-09,PASS,2.93e-07,1.72e-10,5.22e-09,-inf,inf,
4f0fc82,macbook-air-m4,Apple M4,none,,,2026-09-25T02:30:17,,bnl1,643,1175,5121,r2hpdhg,cpu,fp64,1e-8,60.0,Optimal,773504,4.841401,2.633474,1977.6295867008914,1977.6292856,1977.6295615228867,1.27e-08,1.52e-07,PASS,2.72e-09,1.38e-09,9.96e-09,1977.6295470487614,2.00e-08,
4f0fc82,macbook-air-m4,Apple M4,none,,,2026-09-25T02:30:17,,bnl2,2324,3489,13999,r2hpdhg,cpu,fp64,1e-8,60.0,Optimal,722048,13.443395,2.636257,1811.2365640050523,1811.2365404,1811.2365403585468,1.30e-08,1.30e-08,PASS,1.03e-07,9.82e-10,9.95e-09,-inf,inf,
4f0fc82,macbook-air-m4,Apple M4,none,,,2026-09-25T02:30:17,,boeing1,351,384,3485,r2hpdhg,cpu,fp64,1e-8,60.0,Optimal,23424,0.086689,0.024991,-335.21356751912009,,-335.21356750712687,3.57e-11,,PASS,6.04e-07,4.49e-15,1.46e-11,-335.21356752920332,3.00e-11,
4f0fc82,macbook-air-m4,Apple M4,none,,,2026-09-25T02:30:17,,boeing2,166,143,1196,r2hpdhg,cpu,fp64,1e-8,60.0,Optimal,2688,0.003653,0.001580,-315.01872796049577,,-315.0187280152027,1.73e-10,,PASS,5.59e-07,1.06e-10,8.21e-09,-315.01873330861577,1.69e-08,
4f0fc82,macbook-air-m4,Apple M4,none,,,2026-09-25T02:30:17,,bore3d,233,315,1429,r2hpdhg,cpu,fp64,1e-8,60.0,Optimal,23680,0.040757,0.032912,1373.0803942084237,1373.0803942,1373.080394208493,5.05e-14,6.13e-12,PASS,4.37e-09,3.02e-12,3.19e-11,-inf,inf,
4f0fc82,macbook-air-m4,Apple M4,none,,,2026-09-25T02:30:17,,brandy,220,249,2148,r2hpdhg,cpu,fp64,1e-8,60.0,Optimal,58560,0.125506,0.088731,1518.5098959121117,1518.5098965,1518.5098964881286,3.79e-10,3.87e-10,PASS,3.08e-07,2.91e-09,2.38e-11,-inf,inf,
4f0fc82,macbook-air-m4,Apple M4,none,,,2026-09-25T02:30:17,,capri,271,353,1767,r2hpdhg,cpu,fp64,1e-8,60.0,Optimal,132736,0.256455,0.132196,2690.012888796944,2690.0129138,2690.0129137681593,9.28e-09,9.29e-09,PASS,9.89e-07,1.29e-09,5.45e-09,-inf,inf,
4f0fc82,macbook-air-m4,Apple M4,none,,,2026-09-25T02:30:17,,cycle,1903,2857,20720,r2hpdhg,cpu,fp64,1e-8,60.0,Optimal,58048,1.256444,1.081357,-5.2263930251485435,-5.2263930249,-5.226393024894103,4.09e-11,3.99e-11,PASS,5.91e-10,8.02e-12,2.40e-10,-inf,inf,
4f0fc82,macbook-air-m4,Apple M4,none,,,2026-09-25T02:30:17,,czprob,929,3523,10669,r2hpdhg,cpu,fp64,1e-8,60.0,Optimal,25728,0.408121,0.044040,2185196.6960420217,2185196.6989,2185196.698856578,1.29e-09,1.31e-09,PASS,8.32e-08,1.05e-07,3.46e-09,2185196.49039444,9.41e-08,
4f0fc82,macbook-air-m4,Apple M4,none,,,2026-09-25T02:30:17,,d2q06c,2171,5167,32417,r2hpdhg,cpu,fp64,1e-8,60.0,TimeLimit,1711168,60.019189,3.198409,122784.10997236383,122784.23615,122784.21081418936,8.21e-07,1.03e-06,FAIL,1.67e-01,3.74e-06,4.66e-07,-inf,inf,
4f0fc82,macbook-air-m4,Apple M4,none,,,2026-09-25T02:30:17,,d6cube,415,6184,37704,r2hpdhg,cpu,fp64,1e-8,60.0,Optimal,14080,0.712336,0.548032,315.49166561708722,315.49166667,315.4916666666668,3.32e-09,3.33e-09,PASS,8.84e-07,3.48e-08,5.60e-09,315.49160671256084,1.86e-07,
4f0fc82,macbook-air-m4,Apple M4,none,,,2026-09-25T02:30:17,,degen2,444,534,3978,r2hpdhg,cpu,fp64,1e-8,60.0,Optimal,4160,0.018145,0.010464,-1435.1780017447886,-1435.178,-1435.178,1.21e-09,1.21e-09,PASS,1.71e-07,2.12e-09,5.89e-10,-1435.1780015766171,1.17e-10,
4f0fc82,macbook-air-m4,Apple M4,none,,,2026-09-25T02:30:17,,degen3,1503,1818,24646,r2hpdhg,cpu,fp64,1e-8,60.0,Optimal,20928,0.540742,0.088362,-987.29400221754122,-987.294,-987.2940000000002,2.24e-09,2.24e-09,PASS,3.81e-07,2.15e-09,1.14e-09,-987.29400093028676,1.30e-09,
4f0fc82,macbook-air-m4,Apple M4,none,,,2026-09-25T02:30:17,,dfl001,6071,12230,35632,r2hpdhg,cpu,fp64,1e-8,60.0,Optimal,31680,1.879739,0.342531,11266395.90536976,11266400.0,11266396.046671377,1.25e-08,3.63e-07,PASS,7.63e-07,8.46e-11,6.70e-09,-inf,inf,
4f0fc82,macbook-air-m4,Apple M4,none,,,2026-09-25T02:30:17,,e226,223,282,2578,r2hpdhg,cpu,fp64,1e-8,60.0,Optimal,17024,0.044253,0.014293,-11.638929109271503,-18.751929066,-11.638929066370526,3.39e-09,3.60e-01,PASS,4.40e-07,2.99e-11,1.16e-09,-inf,inf,
4f0fc82,macbook-air-m4,Apple M4,none,,,2026-09-25T02:30:17,,etamacro,400,688,2409,r2hpdhg,cpu,fp64,1e-8,60.0,Optimal,26624,0.070542,0.001731,-755.71522977648954,-755.71521774,-755.7152333005275,4.66e-09,1.59e-08,PASS,1.82e-07,1.92e-09,4.89e-09,-755.71528920532376,7.85e-08,
4f0fc82,macbook-air-m4,Apple M4,none,,,2026-09-25T02:30:17,,fffff800,524,854,6227,r2hpdhg,cpu,fp64,1e-8,60.0,Optimal,68224,0.465616,0.090499,555679.56485179008,555679.61165,555679.5648174965,6.17e-11,8.42e-08,PASS,4.68e-08,9.38e-09,1.21e-09,555679.54663791368,3.28e-08,
4f0fc82,macbook-air-m4,Apple M4,none,,,2026-09-25T02:30:17,,finnis,497,614,2310,r2hpdhg,cpu,fp64,1e-8,60.0,Optimal,68352,0.181568,0.004809,172791.0658265551,172790.96547,172791.0655956116,1.34e-09,5.81e-07,PASS,3.49e-07,1.13e-11,7.46e-10,-inf,inf,
4f0fc82,macbook-air-m4,Apple M4,none,,,2026-09-25T02:30:17,,fit1d,24,1026,13404,r2hpdhg,cpu,fp64,1e-8,60.0,Optimal,3329792,54.501999,3.125635,-9146.3780924119164,-9146.3780924,-9146.378092420928,9.85e-13,1.30e-12,PASS,6.16e-09,6.35e-19,1.43e-09,-9146.3781186386404,2.87e-09,
4f0fc82,macbook-air-m4,Apple M4,none,,,2026-09-25T02:30:17,,fit1p,627,1677,9868,r2hpdhg,cpu,fp64,1e-8,60.0,Optimal,27584,0.352139,0.043525,9146.3780921496527,9146.3780924,9146.378092420935,2.97e-11,2.74e-11,PASS,2.36e-08,1.27e-07,2.01e-11,-inf,inf,
4f0fc82,macbook-air-m4,Apple M4,none,,,2026-09-25T02:30:17,,fit2d,25,10500,129018,r2hpdhg,cpu,fp64,1e-8,60.0,TimeLimit,338176,60.006909,26.097854,-68463.196603332952,-68464.293294,-68464.2932938321,1.60e-05,1.60e-05,FAIL,7.67e-03,1.13e-19,1.27e-05,-68464.931358345741,2.53e-05,
4f0fc82,macbook-air-m4,Apple M4,none,,,2026-09-25T02:30:17,,fit2p,3000,13525,50284,r2hpdhg,cpu,fp64,1e-8,60.0,Optimal,48576,3.738681,0.694197,68464.293293804294,68464.293232,68464.29329383212,4.06e-13,9.03e-10,PASS,2.08e-08,2.35e-07,2.21e-11,-inf,inf,
4f0fc82,macbook-air-m4,Apple M4,none,,,2026-09-25T02:30:17,,forplan,161,421,4563,r2hpdhg,cpu,fp64,1e-8,60.0,Optimal,143936,0.693549,0.090221,-664.21896513827585,,-664.2189612722036,5.81e-09,,PASS,4.46e-08,2.36e-10,3.06e-09,-664.21898992560807,3.73e-08,
4f0fc82,macbook-air-m4,Apple M4,none,,,2026-09-25T02:30:17,,ganges,1309,1681,6912,r2hpdhg,cpu,fp64,1e-8,60.0,Optimal,149184,1.240720,0.017530,-109585.73648092899,-109586.36356,-109585.73612927801,3.21e-09,5.72e-06,PASS,2.74e-08,1.19e-08,5.76e-09,-109585.73962921329,2.87e-08,
4f0fc82,macbook-air-m4,Apple M4,none,,,2026-09-25T02:30:17,,gfrd-pnc,616,1092,2377,r2hpdhg,cpu,fp64,1e-8,60.0,Optimal,86144,0.325930,0.145823,6902235.9982386306,6902235.9995,6902235.999548812,1.90e-10,1.83e-10,PASS,9.81e-07,1.65e-15,9.51e-11,-inf,inf,
4f0fc82,macbook-air-m4,Apple M4,none,,,2026-09-25T02:30:17,,greenbea,2392,5405,30877,r2hpdhg,cpu,fp64,1e-8,60.0,TimeLimit,1752384,60.018758,,-49736460.588250913,-72462405.908,-72555248.12984599,3.15e-01,3.14e-01,FAIL,3.19e+00,2.14e-01,1.44e-01,-inf,inf,
4f0fc82,macbook-air-m4,Apple M4,none,,,2026-09-25T02:30:17,,greenbeb,2392,5405,30877,r2hpdhg,cpu,fp64,1e-8,60.0,TimeLimit,1758528,60.020263,,-4302238.4025646187,-4302147.6065,-4302260.261206586,5.08e-06,2.11e-05,FAIL,1.00e-01,3.13e-07,2.76e-06,-inf,inf,
4f0fc82,macbook-air-m4,Apple M4,none,,,2026-09-25T02:30:17,,grow15,300,645,5620,r2hpdhg,cpu,fp64,1e-8,60.0,Optimal,7232,0.038494,0.033367,-106870941.29357541,-106870941.29,-106870941.29357533,6.97e-16,3.35e-11,PASS,1.34e-09,4.18e-14,2.11e-14,-106870941.29358225,6.40e-14,
4f0fc82,macbook-air-m4,Apple M4,none,,,2026-09-25T02:30:17,,grow22,440,946,8252,r2hpdhg,cpu,fp64,1e-8,60.0,Optimal,4928,0.037358,0.031443,-160834336.4825629,-160834336.48,-160834336.48256302,7.41e-16,1.59e-11,PASS,1.64e-09,6.06e-11,2.13e-11,-160834336.49342951,6.76e-11,
4f0fc82,macbook-air-m4,Apple M4,none,,,2026-09-25T02:30:17,,grow7,140,301,2612,r2hpdhg,cpu,fp64,1e-8,60.0,Optimal,3904,0.008962,0.007071,-47787811.814711221,-47787811.815,-47787811.81471149,5.61e-15,6.04e-12,PASS,3.83e-09,5.01e-10,1.17e-10,-47787811.841382384,5.58e-10,
4f0fc82,macbook-air-m4,Apple M4,none,,,2026-09-25T02:30:17,,israel,174,142,2269,r2hpdhg,cpu,fp64,1e-8,60.0,Optimal,14464,0.032338,0.005573,-896644.82186393801,-896644.82186,-896644.8218630461,9.95e-13,4.39e-12,PASS,5.29e-07,1.07e-10,1.01e-09,-896644.82420996437,2.62e-09,
4f0fc82,macbook-air-m4,Apple M4,none,,,2026-09-25T02:30:17,,kb2,43,41,286,r2hpdhg,cpu,fp64,1e-8,60.0,Optimal,21568,0.006455,0.003750,-1749.9001299053036,-1749.9001299,-1749.9001299062054,5.15e-13,3.03e-12,PASS,6.99e-09,3.85e-10,6.38e-11,-1749.9001300348677,7.40e-11,
4f0fc82,macbook-air-m4,Apple M4,none,,,2026-09-25T02:30:17,,lotfi,153,308,1078,r2hpdhg,cpu,fp64,1e-8,60.0,Optimal,4608,0.006384,0.004361,-25.264706058824512,-25.264706062,-25.264706061880002,1.16e-10,1.21e-10,PASS,2.04e-07,4.91e-11,3.66e-10,-inf,inf,
4f0fc82,macbook-air-m4,Apple M4,none,,,2026-09-25T02:30:17,,maros-r7,3136,9408,144848,r2hpdhg,cpu,fp64,1e-8,60.0,Optimal,8128,1.125058,0.133737,1497185.1664783671,1497185.1665,1497185.166479642,8.52e-13,1.44e-11,PASS,1.88e-08,2.28e-07,3.43e-11,-inf,inf,
4f0fc82,macbook-air-m4,Apple M4,none,,,2026-09-25T02:30:17,,maros,846,1443,9614,r2hpdhg,cpu,fp64,1e-8,60.0,Optimal,234816,2.325420,0.936248,-58063.743701678075,-58063.743701,-58063.743701125946,9.51e-12,1.17e-11,PASS,4.55e-07,3.95e-09,6.72e-11,-inf,inf,
4f0fc82,macbook-air-m4,Apple M4,none,,,2026-09-25T02:30:17,,modszk1,687,1620,3168,r2hpdhg,cpu,fp64,1e-8,60.0,Optimal,1366336,6.649855,0.261755,320.61972798374825,320.61972906,320.61972906464734,3.36e-09,3.35e-09,PASS,2.49e-07,9.33e-15,9.76e-09,-inf,inf,
4f0fc82,macbook-air-m4,Apple M4,none,,,2026-09-25T02:30:17,,nesm,662,2923,13288,r2hpdhg,cpu,fp64,1e-8,60.0,TimeLimit,4478144,60.003944,0.828391,14075996.291007146,,14076036.487562707,2.86e-06,,FAIL,1.02e-02,3.12e-11,1.43e-06,14076036.487555912,2.86e-06,
4f0fc82,macbook-air-m4,Apple M4,none,,,2026-09-25T02:30:17,,perold,625,1376,6018,r2hpdhg,cpu,fp64,1e-8,60.0,TimeLimit,8746496,60.002854,0.234821,-9380.7552782354287,-9380.7580773,-9380.755278235229,2.13e-14,2.98e-07,FAIL,2.24e-07,4.70e-05,4.78e-08,-inf,inf,
4f0fc82,macbook-air-m4,Apple M4,none,,,2026-09-25T02:30:17,,pilot.ja,940,1988,14698,r2hpdhg,cpu,fp64,1e-8,60.0,TimeLimit,3753280,60.007801,20.798028,-6113.1369941930734,-6113.1344111,-6113.136465581334,8.65e-08,4.22e-07,FAIL,5.97e-06,9.11e-08,3.92e-08,-inf,inf,
4f0fc82,macbook-air-m4,Apple M4,none,,,2026-09-25T02:30:17,,pilot,1441,3652,43167,r2hpdhg,cpu,fp64,1e-8,60.0,TimeLimit,1351232,60.024454,20.440485,-557.53331918381616,-557.40430007,-557.4897292796667,7.80e-05,2.31e-04,FAIL,1.71e-02,6.76e-07,4.22e-05,-557.97878677489746,7.98e-04,
4f0fc82,macbook-air-m4,Apple M4,none,,,2026-09-25T02:30:17,,pilot.we,722,2789,9126,r2hpdhg,cpu,fp64,1e-8,60.0,TimeLimit,5330176,60.008183,1.395273,-2720107.530683646,-2720102.7439,-2720107.5328449626,7.95e-10,1.76e-06,FAIL,6.71e-05,3.03e-07,2.90e-07,-2720151.1033411021,1.60e-05,
4f0fc82,macbook-air-m4,Apple M4,none,,,2026-09-25T02:30:17,,pilot4,410,1000,5141,r2hpdhg,cpu,fp64,1e-8,60.0,Optimal,6487424,36.162129,1.380589,-2581.1392590973983,-2581.1392641,-2581.1392588838908,8.27e-11,1.94e-09,PASS,9.99e-07,8.54e-09,6.31e-11,-inf,inf,
4f0fc82,macbook-air-m4,Apple M4,none,,,2026-09-25T02:30:17,,pilot87,2030,4883,73152,r2hpdhg,cpu,fp64,1e-8,60.0,TimeLimit,771520,60.041262,4.773796,301.71054956273224,301.71072827,301.71034733310836,6.68e-07,5.90e-07,FAIL,8.06e-03,3.21e-10,3.34e-07,-inf,inf,
4f0fc82,macbook-air-m4,Apple M4,none,,,2026-09-25T02:30:17,,pilotnov,975,2172,13057,r2hpdhg,cpu,fp64,1e-8,60.0,Optimal,75840,1.115305,0.696945,-4497.2761882186132,-4497.2761882,-4497.2761882188715,5.74e-14,4.14e-12,PASS,7.05e-07,2.34e-09,3.25e-10,-4497.2761997971402,2.57e-09,
4f0fc82,macbook-air-m4,Apple M4,none,,,2026-09-25T02:30:17,,recipe,91,180,663,r2hpdhg,cpu,fp64,1e-8,60.0,Optimal,896,0.000792,0.000598,-266.61599998162188,-266.616,-266.61600000000027,6.87e-11,6.87e-11,PASS,2.05e-09,0.00e+00,3.50e-11,-266.61600000032075,6.99e-11,
4f0fc82,macbook-air-m4,Apple M4,none,,,2026-09-25T02:30:17,,sc105,105,103,280,r2hpdhg,cpu,fp64,1e-8,60.0,Optimal,2304,0.001205,0.000702,-52.202061177295803,-52.202061212,-52.202061211707246,6.47e-10,6.52e-10,PASS,3.56e-07,5.07e-12,1.84e-09,-52.202061418869725,4.54e-09,
4f0fc82,macbook-air-m4,Apple M4,none,,,2026-09-25T02:30:17,,sc205,205,203,551,r2hpdhg,cpu,fp64,1e-8,60.0,Optimal,12544,0.009870,0.005757,-52.20206130738169,-52.202061212,-52.202061211707225,1.80e-09,1.79e-09,PASS,6.67e-07,1.05e-11,6.74e-09,-52.202091738101025,5.72e-07,
4f0fc82,macbook-air-m4,Apple M4,none,,,2026-09-25T02:30:17,,sc50a,50,48,130,r2hpdhg,cpu,fp64,1e-8,60.0,Optimal,768,0.000342,0.000236,-64.575077515415018,-64.575077059,-64.5750770585645,6.97e-09,6.96e-09,PASS,2.71e-07,3.26e-10,1.55e-10,-64.575079007823504,2.28e-08,
4f0fc82,macbook-air-m4,Apple M4,none,,,2026-09-25T02:30:17,,sc50b,50,48,118,r2hpdhg,cpu,fp64,1e-8,60.0,Optimal,1792,0.000512,0.000321,-69.999999036804709,-70.0,-69.99999999999999,1.36e-08,1.36e-08,PASS,7.24e-07,4.80e-10,8.63e-09,-70.000003747263278,6.63e-08,
4f0fc82,macbook-air-m4,Apple M4,none,,,2026-09-25T02:30:17,,scagr25,471,500,1554,r2hpdhg,cpu,fp64,1e-8,60.0,Optimal,49152,0.093804,0.036299,-14753433.087343019,-14753433.061,-14753433.060768528,1.80e-09,1.79e-09,PASS,5.73e-07,3.80e-10,8.78e-10,-14753433.063200938,1.64e-09,
4f0fc82,macbook-air-m4,Apple M4,none,,,2026-09-25T02:30:17,,scagr7,129,140,420,r2hpdhg,cpu,fp64,1e-8,60.0,Optimal,28864,0.015517,0.008958,-2331389.8435725495,-2331389.2548,-2331389.8243309837,8.25e-09,2.53e-07,PASS,8.31e-07,2.20e-11,4.11e-09,-2331389.8244347349,8.21e-09,
4f0fc82,macbook-air-m4,Apple M4,none,,,2026-09-25T02:30:17,,scfxm1,330,457,2589,r2hpdhg,cpu,fp64,1e-8,60.0,Optimal,28288,0.076277,0.041274,18416.759055211442,18416.759028,18416.759028348944,1.46e-09,1.48e-09,PASS,9.76e-07,8.13e-09,4.25e-10,-inf,inf,
4f0fc82,macbook-air-m4,Apple M4,none,,,2026-09-25T02:30:17,,scfxm2,660,914,5183,r2hpdhg,cpu,fp64,1e-8,60.0,Optimal,37952,0.221435,0.106300,36660.261570070863,36660.261565,36660.26156499881,1.38e-10,1.38e-10,PASS,3.12e-07,2.79e-10,6.35e-11,-inf,inf,
4f0fc82,macbook-air-m4,Apple M4,none,,,2026-09-25T02:30:17,,scfxm3,990,1371,7777,r2hpdhg,cpu,fp64,1e-8,60.0,Optimal,49088,0.425426,0.155385,54901.254551961953,54901.25455,54901.254549751444,4.03e-11,3.57e-11,PASS,9.11e-07,1.19e-08,1.78e-10,-inf,inf,
4f0fc82,macbook-air-m4,Apple M4,none,,,2026-09-25T02:30:17,,scorpion,388,358,1426,r2hpdhg,cpu,fp64,1e-8,60.0,Optimal,28992,0.050988,0.019463,1878.1248347230237,1878.1248227,1878.1248227381068,6.38e-09,6.40e-09,PASS,1.60e-08,2.54e-08,6.41e-09,-inf,inf,
4f0fc82,macbook-air-m4,Apple M4,none,,,2026-09-25T02:30:17,,scrs8,490,1169,3182,r2hpdhg,cpu,fp64,1e-8,60.0,Optimal,27200,0.122173,0.060665,904.29695550544318,904.29998619,904.296953800792,1.88e-09,3.35e-06,PASS,6.98e-07,1.40e-13,9.46e-10,-inf,inf,
4f0fc82,macbook-air-m4,Apple M4,none,,,2026-09-25T02:30:17,,scsd1,77,760,2388,r2hpdhg,cpu,fp64,1e-8,60.0,Optimal,1280,0.003525,0.002101,8.6666665690716993,8.6666666743,8.666666674333367,1.09e-08,1.09e-08,PASS,7.33e-09,9.05e-10,4.39e-09,-inf,inf,
4f0fc82,macbook-air-m4,Apple M4,none,,,2026-09-25T02:30:17,,scsd6,147,1350,4316,r2hpdhg,cpu,fp64,1e-8,60.0,Optimal,3648,0.019290,0.013389,50.500000246284202,50.500000078,50.50000007826242,3.26e-09,3.27e-09,PASS,2.19e-09,4.73e-08,7.14e-09,-inf,inf,
4f0fc82,macbook-air-m4,Apple M4,none,,,2026-09-25T02:30:17,,scsd8,397,2750,8584,r2hpdhg,cpu,fp64,1e-8,60.0,Optimal,23616,0.231722,0.107615,904.99999992545747,904.99999993,904.9999999254641,7.28e-15,5.01e-12,PASS,1.87e-08,1.05e-08,3.32e-14,-inf,inf,
4f0fc82,macbook-air-m4,Apple M4,none,,,2026-09-25T02:30:17,,sctap1,300,480,1692,r2hpdhg,cpu,fp64,1e-8,60.0,Optimal,2432,0.004911,0.002418,1412.2500232090474,1412.25,1412.25,1.64e-08,1.64e-08,PASS,7.93e-09,2.13e-08,8.41e-09,-inf,inf,
4f0fc82,macbook-air-m4,Apple M4,none,,,2026-09-25T02:30:17,,sctap2,1090,1880,6714,r2hpdhg,cpu,fp64,1e-8,60.0,Optimal,1536,0.013907,0.006433,1724.8071545081093,1724.8071429,1724.807142857143,6.75e-09,6.73e-09,PASS,5.96e-08,3.57e-08,3.64e-09,1724.807137980262,9.58e-09,
4f0fc82,macbook-air-m4,Apple M4,none,,,2026-09-25T02:30:17,,sctap3,1480,2480,8874,r2hpdhg,cpu,fp64,1e-8,60.0,Optimal,1088,0.013653,0.006591,1424.0000077673649,1424.0,1424.0,5.45e-09,5.45e-09,PASS,1.35e-07,4.17e-08,1.06e-09,1423.9999868390648,1.47e-08,
4f0fc82,macbook-air-m4,Apple M4,none,,,2026-09-25T02:30:17,,seba,515,1028,4352,r2hpdhg,cpu,fp64,1e-8,60.0,Optimal,4864,0.030678,0.023170,15711.599985531077,,15711.599999999999,9.21e-10,,PASS,5.51e-07,3.46e-12,4.98e-10,15711.599994116474,5.46e-10,
4f0fc82,macbook-air-m4,Apple M4,none,,,2026-09-25T02:30:17,,share1b,117,225,1151,r2hpdhg,cpu,fp64,1e-8,60.0,Optimal,45248,0.052203,0.015377,-76589.318577980492,-76589.318579,-76589.31857918571,1.57e-11,1.33e-11,PASS,4.42e-07,5.04e-13,9.21e-13,-inf,inf,
4f0fc82,macbook-air-m4,Apple M4,none,,,2026-09-25T02:30:17,,share2b,96,79,694,r2hpdhg,cpu,fp64,1e-8,60.0,Optimal,54720,0.034882,0.019074,-415.73223517738347,-415.73224074,-415.7322407414195,1.34e-08,1.33e-08,PASS,1.02e-08,5.15e-10,6.62e-09,-inf,inf,
4f0fc82,macbook-air-m4,Apple M4,none,,,2026-09-25T02:30:17,,shell,536,1775,3556,r2hpdhg,cpu,fp64,1e-8,60.0,Optimal,13760,0.076723,0.024353,1208825346.0026531,1208825346.0,1208825346.0,2.19e-12,2.19e-12,PASS,7.97e-07,4.42e-13,1.07e-12,-inf,inf,
4f0fc82,macbook-air-m4,Apple M4,none,,,2026-09-25T02:30:17,,ship04l,402,2118,6332,r2hpdhg,cpu,fp64,1e-8,60.0,Optimal,5824,0.049107,0.040004,1793324.5699137454,1793324.538,1793324.5379703562,1.78e-08,1.78e-08,PASS,6.73e-07,1.81e-09,8.84e-09,-inf,inf,
4f0fc82,macbook-air-m4,Apple M4,none,,,2026-09-25T02:30:17,,ship04s,402,1458,4352,r2hpdhg,cpu,fp64,1e-8,60.0,Optimal,18240,0.102885,0.047445,1798714.7280436582,1798714.7004,1798714.7004453917,1.53e-08,1.54e-08,PASS,3.16e-07,7.34e-09,7.73e-09,1798714.691158805,2.05e-08,
4f0fc82,macbook-air-m4,Apple M4,none,,,2026-09-25T02:30:17,,ship08l,778,4283,12802,r2hpdhg,cpu,fp64,1e-8,60.0,Optimal,13440,0.221932,0.069430,1909055.2026613883,1909055.2114,1909055.211389131,4.57e-09,4.58e-09,PASS,6.86e-08,1.62e-08,2.07e-09,1909055.1741181377,1.50e-08,
4f0fc82,macbook-air-m4,Apple M4,none,,,2026-09-25T02:30:17,,ship08s,778,2387,7114,r2hpdhg,cpu,fp64,1e-8,60.0,Optimal,6912,0.064585,0.036420,1920098.1975672566,1920098.2105,1920098.2105346182,6.75e-09,6.74e-09,PASS,6.48e-08,1.60e-09,3.51e-09,-inf,inf,
4f0fc82,macbook-air-m4,Apple M4,none,,,2026-09-25T02:30:17,,ship12l,1151,5427,16170,r2hpdhg,cpu,fp64,1e-8,60.0,Optimal,11712,0.243693,0.168586,1470187.9095314557,1470187.9193,1470187.9193292665,6.66e-09,6.64e-09,PASS,1.49e-07,1.34e-09,3.48e-09,-inf,inf,
4f0fc82,macbook-air-m4,Apple M4,none,,,2026-09-25T02:30:17,,ship12s,1151,2763,8178,r2hpdhg,cpu,fp64,1e-8,60.0,Optimal,11328,0.124298,0.099147,1489236.116365395,1489236.1344,1489236.1344061329,1.21e-08,1.21e-08,PASS,1.69e-07,8.98e-09,6.39e-09,-inf,inf,
4f0fc82,macbook-air-m4,Apple M4,none,,,2026-09-25T02:30:17,,sierra,1227,2036,7302,r2hpdhg,cpu,fp64,1e-8,60.0,Optimal,463680,4.023249,3.675245,15394362.166661607,15394362.184,15394362.183631929,1.10e-09,1.13e-09,PASS,9.44e-07,4.78e-18,8.70e-10,15394362.139873436,1.74e-09,
4f0fc82,macbook-air-m4,Apple M4,none,,,2026-09-25T02:30:17,,stair,356,467,3856,r2hpdhg,cpu,fp64,1e-8,60.0,Optimal,13312,0.050399,0.024274,-251.26695094055191,-251.26695119,-251.26695119296335,1.00e-09,9.89e-10,PASS,3.51e-07,4.93e-09,1.46e-10,-inf,inf,
4f0fc82,macbook-air-m4,Apple M4,none,,,2026-09-25T02:30:17,,standata,359,1075,3031,r2hpdhg,cpu,fp64,1e-8,60.0,Optimal,1792,0.008867,0.004997,1257.6994988664767,1257.6995,1257.6995,9.01e-10,9.01e-10,PASS,5.03e-07,3.04e-10,3.08e-09,1257.6994905489937,6.61e-09,
4f0fc82,macbook-air-m4,Apple M4,none,,,2026-09-25T02:30:17,,standgub,361,1184,3139,r2hpdhg,cpu,fp64,1e-8,60.0,Optimal,1920,0.009700,0.004986,1257.6995006755856,,1257.6995,5.37e-10,,PASS,4.36e-07,7.94e-11,2.88e-09,1257.6994960682894,3.66e-09,
4f0fc82,macbook-air-m4,Apple M4,none,,,2026-09-25T02:30:17,,standmps,467,1075,3679,r2hpdhg,cpu,fp64,1e-8,60.0,Optimal,2752,0.014664,0.009104,1406.0174982482895,1406.0175,1406.0175,1.24e-09,1.24e-09,PASS,1.52e-08,2.10e-09,1.66e-09,1406.0167479001898,5.33e-07,
4f0fc82,macbook-air-m4,Apple M4,none,,,2026-09-25T02:30:17,,stocfor1,117,111,447,r2hpdhg,cpu,fp64,1e-8,60.0,Optimal,6784,0.004233,0.002950,-41131.976139740123,-41131.976219,-41131.976219436394,1.94e-09,1.93e-09,PASS,4.94e-08,2.13e-08,4.56e-09,-41131.976550846855,9.99e-09,
4f0fc82,macbook-air-m4,Apple M4,none,,,2026-09-25T02:30:17,,stocfor2,2157,2031,8343,r2hpdhg,cpu,fp64,1e-8,60.0,Optimal,39104,0.419093,0.290168,-39024.408515387826,-39024.408538,-39024.40853788211,5.76e-10,5.79e-10,PASS,3.24e-07,2.24e-08,1.39e-10,-inf,inf,
4f0fc82,macbook-air-m4,Apple M4,none,,,2026-09-25T02:30:17,,tuff,333,587,4520,r2hpdhg,cpu,fp64,1e-8,60.0,Optimal,1086848,5.337711,0.947597,0.29214776509922369,0.29214776509,0.29214776509361273,4.34e-12,7.14e-12,PASS,7.37e-09,2.39e-13,2.59e-12,0.29214776507786644,1.65e-11,
4f0fc82,macbook-air-m4,Apple M4,none,,,2026-09-25T02:30:17,,vtp.base,198,203,908,r2hpdhg,cpu,fp64,1e-8,60.0,Optimal,24512,0.024971,0.020551,129831.4633979225,129831.46246,129831.46246136137,7.21e-09,7.22e-09,PASS,4.93e-07,2.23e-09,3.21e-09,-inf,inf,
4f0fc82,macbook-air-m4,Apple M4,none,,,2026-09-25T02:30:17,,wood1p,244,2594,70215,r2hpdhg,cpu,fp64,1e-8,60.0,Optimal,17344,1.472417,0.853057,1.4429024092196399,1.4429024116,1.4429024115734075,9.64e-10,9.74e-10,PASS,4.68e-09,7.09e-09,5.90e-10,1.4429023985541873,4.37e-09,
4f0fc82,macbook-air-m4,Apple M4,none,,,2026-09-25T02:30:17,,woodw,1098,8405,37474,r2hpdhg,cpu,fp64,1e-8,60.0,Optimal,108224,5.100039,1.403926,1.3044763331331282,1.3044763331,1.3044763330842293,2.12e-11,1.44e-11,PASS,1.47e-08,6.37e-10,1.09e-11,1.3044763284039089,2.05e-09,
