git_hash,machine,cpu,gpu,driver,cuda,date,instance,rows,cols,nnz,engine,backend,precision,tolerance,time_limit,status,iterations,seconds,seconds_to_1e-4,objective,published_optimum,highs_objective,rel_err_highs,rel_err_published,verify,verify_primal_rel,verify_dual_rel,verify_gap_rel,message
5649634,macbook-air-m4,Apple M4,none,,,2026-09-24T23:10:19,25fv47,821,1571,10400,r2hpdhg,cpu,fp64,1e-8,60.0,Optimal,75904,0.855985,0.088260,5501.8458415876794,5501.8458883,5501.845888286749,8.49e-09,8.49e-09,PASS,9.64e-07,3.77e-10,4.06e-09,
5649634,macbook-air-m4,Apple M4,none,,,2026-09-24T23:10:19,80bau3b,2262,9799,21002,r2hpdhg,cpu,fp64,1e-8,60.0,Optimal,116736,3.531390,0.324318,987224.19282733346,987232.16072,987224.1924090902,4.24e-10,8.07e-06,PASS,8.47e-07,9.17e-09,4.69e-09,
5649634,macbook-air-m4,Apple M4,none,,,2026-09-24T23:10:19,adlittle,56,97,383,r2hpdhg,cpu,fp64,1e-8,60.0,Optimal,13120,0.005790,0.000476,225494.96467425488,225494.96316,225494.9631623803,6.70e-09,6.72e-09,PASS,1.43e-07,5.90e-11,3.31e-09,
5649634,macbook-air-m4,Apple M4,none,,,2026-09-24T23:10:19,afiro,27,32,83,r2hpdhg,cpu,fp64,1e-8,60.0,Optimal,512,0.000103,0.000052,-464.75314293075883,-464.75314286,-464.75314285714285,1.58e-10,1.52e-10,PASS,6.19e-08,2.88e-10,3.57e-09,
5649634,macbook-air-m4,Apple M4,none,,,2026-09-24T23:10:19,agg,488,163,2410,r2hpdhg,cpu,fp64,1e-8,60.0,Optimal,156608,0.373634,0.099675,-35991767.28646794,-35991767.287,-35991767.286576495,3.02e-12,1.48e-11,PASS,8.31e-07,3.82e-08,2.79e-09,
5649634,macbook-air-m4,Apple M4,none,,,2026-09-24T23:10:19,agg2,516,302,4284,r2hpdhg,cpu,fp64,1e-8,60.0,Optimal,5888,0.025751,0.020304,-20239252.356072783,-20239252.356,-20239252.355977114,4.73e-12,3.60e-12,PASS,4.71e-07,2.86e-14,2.36e-12,
5649634,macbook-air-m4,Apple M4,none,,,2026-09-24T23:10:19,agg3,516,302,4300,r2hpdhg,cpu,fp64,1e-8,60.0,Optimal,4174336,16.701706,0.015656,10312115.93509642,10312115.935,10312115.935089216,6.99e-13,9.35e-12,PASS,2.19e-07,1.78e-12,2.54e-13,
5649634,macbook-air-m4,Apple M4,none,,,2026-09-24T23:10:19,bandm,305,472,2494,r2hpdhg,cpu,fp64,1e-8,60.0,Optimal,30016,0.077701,0.021521,-158.62801833514817,-158.62801845,-158.62801845012044,7.20e-10,7.19e-10,PASS,6.10e-07,2.83e-11,3.48e-10,
5649634,macbook-air-m4,Apple M4,none,,,2026-09-24T23:10:19,beaconfd,173,262,3375,r2hpdhg,cpu,fp64,1e-8,60.0,Optimal,2816,0.010152,0.009097,33592.485807223093,33592.485807,33592.4858072,6.87e-13,6.64e-12,PASS,4.27e-07,1.62e-10,7.89e-11,
5649634,macbook-air-m4,Apple M4,none,,,2026-09-24T23:10:19,blend,74,83,491,r2hpdhg,cpu,fp64,1e-8,60.0,Optimal,2112,0.001253,0.000699,-30.812150135317321,-30.812149846,-30.812149845828237,9.10e-09,9.09e-09,PASS,2.93e-07,1.74e-10,5.26e-09,
5649634,macbook-air-m4,Apple M4,none,,,2026-09-24T23:10:19,bnl1,643,1175,5121,r2hpdhg,cpu,fp64,1e-8,60.0,TimeLimit,9924800,60.000403,9.420016,1977.6150494648587,1977.6292856,1977.6295615228867,7.33e-06,7.19e-06,FAIL,3.03e-06,6.32e-07,2.06e-05,
5649634,macbook-air-m4,Apple M4,none,,,2026-09-24T23:10:19,bnl2,2324,3489,13999,r2hpdhg,cpu,fp64,1e-8,60.0,Optimal,3012032,53.392883,2.314764,1811.2364700147505,1811.2365404,1811.2365403585468,3.88e-08,3.88e-08,PASS,2.02e-07,3.27e-11,9.98e-09,
5649634,macbook-air-m4,Apple M4,none,,,2026-09-24T23:10:19,boeing1,351,384,3485,r2hpdhg,cpu,fp64,1e-8,60.0,Optimal,34624,0.124857,0.018529,-335.21356751582243,,-335.21356750712687,2.59e-11,,PASS,8.26e-07,1.81e-12,1.70e-10,
5649634,macbook-air-m4,Apple M4,none,,,2026-09-24T23:10:19,boeing2,166,143,1196,r2hpdhg,cpu,fp64,1e-8,60.0,Optimal,9344,0.011760,0.003683,-315.01872801710539,,-315.0187280152027,6.02e-12,,PASS,1.13e-07,2.51e-10,1.76e-10,
5649634,macbook-air-m4,Apple M4,none,,,2026-09-24T23:10:19,bore3d,233,315,1429,r2hpdhg,cpu,fp64,1e-8,60.0,Optimal,908416,1.421399,1.320009,1373.0803942449245,1373.0803942,1373.080394208493,2.65e-11,3.27e-11,PASS,7.25e-09,6.24e-15,4.84e-10,
5649634,macbook-air-m4,Apple M4,none,,,2026-09-24T23:10:19,brandy,220,249,2148,r2hpdhg,cpu,fp64,1e-8,60.0,Optimal,16128,0.033771,0.021380,1518.5098959748063,1518.5098965,1518.5098964881286,3.38e-10,3.46e-10,PASS,8.68e-07,6.55e-09,1.23e-10,
5649634,macbook-air-m4,Apple M4,none,,,2026-09-24T23:10:19,capri,271,353,1767,r2hpdhg,cpu,fp64,1e-8,60.0,Optimal,333888,0.603047,0.206269,2690.0128886230259,2690.0129138,2690.0129137681593,9.34e-09,9.36e-09,PASS,1.40e-08,4.77e-11,5.94e-09,
5649634,macbook-air-m4,Apple M4,none,,,2026-09-24T23:10:19,cycle,1903,2857,20720,r2hpdhg,cpu,fp64,1e-8,60.0,Optimal,44672,0.918942,0.889120,-5.2263930226308393,-5.2263930249,-5.226393024894103,3.63e-10,3.64e-10,PASS,2.99e-09,1.48e-12,1.80e-10,
5649634,macbook-air-m4,Apple M4,none,,,2026-09-24T23:10:19,czprob,929,3523,10669,r2hpdhg,cpu,fp64,1e-8,60.0,Optimal,22976,0.324417,0.043007,2185196.6849211333,2185196.6989,2185196.698856578,6.38e-09,6.40e-09,PASS,3.29e-07,6.65e-08,2.97e-09,
5649634,macbook-air-m4,Apple M4,none,,,2026-09-24T23:10:19,d2q06c,2171,5167,32417,r2hpdhg,cpu,fp64,1e-8,60.0,TimeLimit,1753216,60.003572,1.257449,122784.21208251352,122784.23615,122784.21081418936,1.03e-08,1.96e-07,FAIL,3.16e-04,9.83e-08,1.24e-08,
5649634,macbook-air-m4,Apple M4,none,,,2026-09-24T23:10:19,d6cube,415,6184,37704,r2hpdhg,cpu,fp64,1e-8,60.0,Optimal,14016,0.705103,0.553179,315.49166553832606,315.49166667,315.4916666666668,3.57e-09,3.58e-09,PASS,9.81e-07,9.94e-08,9.39e-09,
5649634,macbook-air-m4,Apple M4,none,,,2026-09-24T23:10:19,degen2,444,534,3978,r2hpdhg,cpu,fp64,1e-8,60.0,Optimal,4736,0.019351,0.010266,-1435.1780003894673,-1435.178,-1435.178,2.71e-10,2.71e-10,PASS,9.37e-09,1.19e-10,1.30e-10,
5649634,macbook-air-m4,Apple M4,none,,,2026-09-24T23:10:19,degen3,1503,1818,24646,r2hpdhg,cpu,fp64,1e-8,60.0,Optimal,20928,0.517038,0.087052,-987.29400226603741,-987.294,-987.2940000000002,2.29e-09,2.29e-09,PASS,4.00e-07,2.13e-09,1.16e-09,
5649634,macbook-air-m4,Apple M4,none,,,2026-09-24T23:10:19,dfl001,6071,12230,35632,r2hpdhg,cpu,fp64,1e-8,60.0,Optimal,83520,4.884293,0.339182,11266396.028876858,11266400.0,11266396.046671377,1.58e-09,3.52e-07,PASS,9.74e-07,3.49e-12,7.23e-10,
5649634,macbook-air-m4,Apple M4,none,,,2026-09-24T23:10:19,e226,223,282,2578,r2hpdhg,cpu,fp64,1e-8,60.0,Optimal,25216,0.062890,0.040304,-11.638928743883039,-18.751929066,-11.638929066370526,2.55e-08,3.60e-01,PASS,2.02e-07,5.89e-09,7.73e-09,
5649634,macbook-air-m4,Apple M4,none,,,2026-09-24T23:10:19,etamacro,400,688,2409,r2hpdhg,cpu,fp64,1e-8,60.0,Optimal,64320,0.168543,0.009856,-755.71522997265799,-755.71521774,-755.7152333005275,4.40e-09,1.62e-08,PASS,9.86e-07,9.38e-15,2.25e-09,
5649634,macbook-air-m4,Apple M4,none,,,2026-09-24T23:10:19,fffff800,524,854,6227,r2hpdhg,cpu,fp64,1e-8,60.0,Optimal,795264,5.183372,0.468553,555679.56456594937,555679.61165,555679.5648174965,4.53e-10,8.47e-08,PASS,8.53e-07,2.57e-11,2.26e-10,
5649634,macbook-air-m4,Apple M4,none,,,2026-09-24T23:10:19,finnis,497,614,2310,r2hpdhg,cpu,fp64,1e-8,60.0,Optimal,38784,0.100257,0.011202,172791.06681450517,172790.96547,172791.0655956116,7.05e-09,5.87e-07,PASS,5.57e-09,1.63e-08,3.20e-09,
5649634,macbook-air-m4,Apple M4,none,,,2026-09-24T23:10:19,fit1d,24,1026,13404,r2hpdhg,cpu,fp64,1e-8,60.0,TimeLimit,3700672,60.000789,9.673082,-9146.3985482541793,-9146.3780924,-9146.378092420928,2.24e-06,2.24e-06,FAIL,9.26e-03,6.45e-26,1.12e-06,
5649634,macbook-air-m4,Apple M4,none,,,2026-09-24T23:10:19,fit1p,627,1677,9868,r2hpdhg,cpu,fp64,1e-8,60.0,Optimal,16832,0.214192,0.034528,9146.3780923972372,9146.3780924,9146.378092420935,2.59e-12,3.02e-13,PASS,1.20e-08,8.62e-08,1.34e-10,
5649634,macbook-air-m4,Apple M4,none,,,2026-09-24T23:10:19,fit2d,25,10500,129018,r2hpdhg,cpu,fp64,1e-8,60.0,TimeLimit,342592,60.006737,,-68451.514195607102,-68464.293294,-68464.2932938321,1.87e-04,1.87e-04,FAIL,4.13e-05,6.34e-18,1.15e-04,
5649634,macbook-air-m4,Apple M4,none,,,2026-09-24T23:10:19,fit2p,3000,13525,50284,r2hpdhg,cpu,fp64,1e-8,60.0,Optimal,56384,4.349401,0.646154,68464.293294080693,68464.293232,68464.29329383212,3.63e-12,9.07e-10,PASS,8.15e-08,3.27e-07,1.25e-11,
5649634,macbook-air-m4,Apple M4,none,,,2026-09-24T23:10:19,forplan,161,421,4563,r2hpdhg,cpu,fp64,1e-8,60.0,Optimal,625984,2.954979,0.429420,-664.21895365318619,,-664.2189612722036,1.15e-08,,PASS,2.56e-07,3.72e-11,5.70e-09,
5649634,macbook-air-m4,Apple M4,none,,,2026-09-24T23:10:19,ganges,1309,1681,6912,r2hpdhg,cpu,fp64,1e-8,60.0,Optimal,201344,1.698041,0.026803,-109585.73600811207,-109586.36356,-109585.73612927801,1.11e-09,5.73e-06,PASS,9.45e-09,1.22e-08,8.43e-09,
5649634,macbook-air-m4,Apple M4,none,,,2026-09-24T23:10:19,gfrd-pnc,616,1092,2377,r2hpdhg,cpu,fp64,1e-8,60.0,Optimal,84480,0.320735,0.148894,6902235.999840782,6902235.9995,6902235.999548812,4.23e-11,4.94e-11,PASS,9.97e-07,1.13e-14,3.13e-12,
5649634,macbook-air-m4,Apple M4,none,,,2026-09-24T23:10:19,greenbea,2392,5405,30877,r2hpdhg,cpu,fp64,1e-8,60.0,TimeLimit,1592768,60.003212,,-72464898.474534571,-72462405.908,-72555248.12984599,1.25e-03,3.44e-05,FAIL,2.55e-02,6.54e-05,1.81e-05,
5649634,macbook-air-m4,Apple M4,none,,,2026-09-24T23:10:19,greenbeb,2392,5405,30877,r2hpdhg,cpu,fp64,1e-8,60.0,TimeLimit,1615360,60.003949,23.823508,-4302260.2611444341,-4302147.6065,-4302260.261206586,1.44e-11,2.62e-05,FAIL,4.04e-08,2.88e-13,7.22e-12,
5649634,macbook-air-m4,Apple M4,none,,,2026-09-24T23:10:19,grow15,300,645,5620,r2hpdhg,cpu,fp64,1e-8,60.0,Optimal,13824,0.073576,0.046281,-106870941.29357491,-106870941.29,-106870941.29357533,3.90e-15,3.35e-11,PASS,3.95e-09,1.41e-08,5.35e-10,
5649634,macbook-air-m4,Apple M4,none,,,2026-09-24T23:10:19,grow22,440,946,8252,r2hpdhg,cpu,fp64,1e-8,60.0,Optimal,4160,0.035636,0.029460,-160834336.48256224,-160834336.48,-160834336.48256302,4.82e-15,1.59e-11,PASS,1.71e-09,3.76e-10,1.46e-10,
5649634,macbook-air-m4,Apple M4,none,,,2026-09-24T23:10:19,grow7,140,301,2612,r2hpdhg,cpu,fp64,1e-8,60.0,Optimal,6272,0.014359,0.011882,-47787811.814711563,-47787811.815,-47787811.81471149,1.56e-15,6.04e-12,PASS,9.34e-09,8.15e-14,6.85e-14,
5649634,macbook-air-m4,Apple M4,none,,,2026-09-24T23:10:19,israel,174,142,2269,r2hpdhg,cpu,fp64,1e-8,60.0,Optimal,7552,0.017783,0.003921,-896644.82186312531,-896644.82186,-896644.8218630461,8.83e-14,3.49e-12,PASS,1.86e-08,7.15e-10,6.14e-10,
5649634,macbook-air-m4,Apple M4,none,,,2026-09-24T23:10:19,kb2,43,41,286,r2hpdhg,cpu,fp64,1e-8,60.0,Optimal,27840,0.008011,0.004620,-1749.900129905679,-1749.9001299,-1749.9001299062054,3.01e-13,3.24e-12,PASS,7.78e-09,1.86e-12,1.58e-13,
5649634,macbook-air-m4,Apple M4,none,,,2026-09-24T23:10:19,lotfi,153,308,1078,r2hpdhg,cpu,fp64,1e-8,60.0,Optimal,87936,0.118313,0.074027,-25.264707350962855,-25.264706062,-25.264706061880002,4.91e-08,4.91e-08,PASS,9.61e-07,1.83e-09,8.06e-09,
5649634,macbook-air-m4,Apple M4,none,,,2026-09-24T23:10:19,maros-r7,3136,9408,144848,r2hpdhg,cpu,fp64,1e-8,60.0,Optimal,8192,1.273268,0.139220,1497185.1664786753,1497185.1665,1497185.166479642,6.46e-13,1.42e-11,PASS,1.47e-08,2.56e-07,2.52e-10,
5649634,macbook-air-m4,Apple M4,none,,,2026-09-24T23:10:19,maros,846,1443,9614,r2hpdhg,cpu,fp64,1e-8,60.0,Optimal,355456,4.269966,0.810901,-58063.743700412881,-58063.743701,-58063.743701125946,1.23e-11,1.01e-11,PASS,9.70e-07,5.79e-09,1.11e-11,
5649634,macbook-air-m4,Apple M4,none,,,2026-09-24T23:10:19,modszk1,687,1620,3168,r2hpdhg,cpu,fp64,1e-8,60.0,Optimal,120576,0.644708,0.562244,320.61972901981642,320.61972906,320.61972906464734,1.39e-10,1.25e-10,PASS,1.61e-09,6.31e-14,4.28e-09,
5649634,macbook-air-m4,Apple M4,none,,,2026-09-24T23:10:19,nesm,662,2923,13288,r2hpdhg,cpu,fp64,1e-8,60.0,TimeLimit,3791552,60.001993,0.063227,14075507.401971746,,14076036.487562707,3.76e-05,,FAIL,3.16e-02,4.30e-13,1.88e-05,
5649634,macbook-air-m4,Apple M4,none,,,2026-09-24T23:10:19,perold,625,1376,6018,r2hpdhg,cpu,fp64,1e-8,60.0,TimeLimit,7291648,60.001003,17.513337,-9380.7626834509138,-9380.7580773,-9380.755278235229,7.89e-07,4.91e-07,FAIL,1.00e-04,4.80e-08,4.05e-08,
5649634,macbook-air-m4,Apple M4,none,,,2026-09-24T23:10:19,pilot.ja,940,1988,14698,r2hpdhg,cpu,fp64,1e-8,60.0,TimeLimit,3131328,60.002135,43.689876,-6117.2879926130017,-6113.1344111,-6113.136465581334,6.79e-04,6.79e-04,FAIL,9.49e-01,8.41e-04,1.47e-03,
5649634,macbook-air-m4,Apple M4,none,,,2026-09-24T23:10:19,pilot,1441,3652,43167,r2hpdhg,cpu,fp64,1e-8,60.0,TimeLimit,1132800,60.005587,45.863679,-557.40310361725346,-557.40430007,-557.4897292796667,1.55e-04,2.14e-06,FAIL,5.60e-05,1.84e-05,6.95e-05,
5649634,macbook-air-m4,Apple M4,none,,,2026-09-24T23:10:19,pilot.we,722,2789,9126,r2hpdhg,cpu,fp64,1e-8,60.0,TimeLimit,4180288,60.001400,2.382680,-2720955.1898645554,-2720102.7439,-2720107.5328449626,3.12e-04,3.13e-04,FAIL,8.40e-02,1.17e-09,1.01e-04,
5649634,macbook-air-m4,Apple M4,none,,,2026-09-24T23:10:19,pilot4,410,1000,5141,r2hpdhg,cpu,fp64,1e-8,60.0,TimeLimit,9221824,60.000665,3.325361,-2581.1430832926521,-2581.1392641,-2581.1392588838908,1.48e-06,1.48e-06,FAIL,1.78e-03,5.09e-10,7.18e-07,
5649634,macbook-air-m4,Apple M4,none,,,2026-09-24T23:10:19,pilot87,2030,4883,73152,r2hpdhg,cpu,fp64,1e-8,60.0,TimeLimit,720512,60.006675,5.435816,301.71069132983439,301.71072827,301.71034733310836,1.14e-06,1.22e-07,FAIL,1.89e-03,8.61e-08,3.44e-08,
5649634,macbook-air-m4,Apple M4,none,,,2026-09-24T23:10:19,pilotnov,975,2172,13057,r2hpdhg,cpu,fp64,1e-8,60.0,Optimal,52544,0.835484,0.814293,-4497.2761882160412,-4497.2761882,-4497.2761882188715,6.29e-13,3.57e-12,PASS,6.68e-09,1.04e-08,1.91e-09,
5649634,macbook-air-m4,Apple M4,none,,,2026-09-24T23:10:19,recipe,91,180,663,r2hpdhg,cpu,fp64,1e-8,60.0,Optimal,1088,0.000902,0.000567,-266.61599998165627,-266.616,-266.61600000000027,6.85e-11,6.85e-11,PASS,4.76e-09,0.00e+00,3.56e-11,
5649634,macbook-air-m4,Apple M4,none,,,2026-09-24T23:10:19,sc105,105,103,280,r2hpdhg,cpu,fp64,1e-8,60.0,Optimal,2368,0.001095,0.000617,-52.202061264639767,-52.202061212,-52.202061211707246,9.95e-10,9.89e-10,PASS,5.33e-07,7.92e-12,1.10e-09,
5649634,macbook-air-m4,Apple M4,none,,,2026-09-24T23:10:19,sc205,205,203,551,r2hpdhg,cpu,fp64,1e-8,60.0,Optimal,14464,0.010993,0.006368,-52.202061304458283,-52.202061212,-52.202061211707225,1.74e-09,1.74e-09,PASS,6.43e-07,1.17e-11,7.42e-09,
5649634,macbook-air-m4,Apple M4,none,,,2026-09-24T23:10:19,sc50a,50,48,130,r2hpdhg,cpu,fp64,1e-8,60.0,Optimal,768,0.000212,0.000125,-64.575077508334417,-64.575077059,-64.5750770585645,6.86e-09,6.85e-09,PASS,2.67e-07,3.24e-10,1.22e-10,
5649634,macbook-air-m4,Apple M4,none,,,2026-09-24T23:10:19,sc50b,50,48,118,r2hpdhg,cpu,fp64,1e-8,60.0,Optimal,1792,0.000389,0.000211,-69.999999217796315,-70.0,-69.99999999999999,1.10e-08,1.10e-08,PASS,5.88e-07,6.70e-10,8.06e-09,
5649634,macbook-air-m4,Apple M4,none,,,2026-09-24T23:10:19,scagr25,471,500,1554,r2hpdhg,cpu,fp64,1e-8,60.0,Optimal,46208,0.102150,0.037122,-14753433.020552721,-14753433.061,-14753433.060768528,2.73e-09,2.74e-09,PASS,8.68e-07,6.44e-11,1.36e-09,
5649634,macbook-air-m4,Apple M4,none,,,2026-09-24T23:10:19,scagr7,129,140,420,r2hpdhg,cpu,fp64,1e-8,60.0,Optimal,56576,0.032450,0.010657,-2331389.8043966382,-2331389.2548,-2331389.8243309837,8.55e-09,2.36e-07,PASS,8.60e-07,3.30e-11,4.26e-09,
5649634,macbook-air-m4,Apple M4,none,,,2026-09-24T23:10:19,scfxm1,330,457,2589,r2hpdhg,cpu,fp64,1e-8,60.0,Optimal,12032,0.035985,0.014953,18416.759036284733,18416.759028,18416.759028348944,4.31e-10,4.50e-10,PASS,1.11e-07,1.57e-08,1.57e-10,
5649634,macbook-air-m4,Apple M4,none,,,2026-09-24T23:10:19,scfxm2,660,914,5183,r2hpdhg,cpu,fp64,1e-8,60.0,Optimal,43904,0.277735,0.048245,36660.261563540807,36660.261565,36660.26156499881,3.98e-11,3.98e-11,PASS,9.72e-07,8.76e-09,8.25e-11,
5649634,macbook-air-m4,Apple M4,none,,,2026-09-24T23:10:19,scfxm3,990,1371,7777,r2hpdhg,cpu,fp64,1e-8,60.0,Optimal,39360,0.379057,0.284359,54901.254550056787,54901.25455,54901.254549751444,5.56e-12,1.03e-12,PASS,3.77e-07,4.11e-08,1.97e-10,
5649634,macbook-air-m4,Apple M4,none,,,2026-09-24T23:10:19,scorpion,388,358,1426,r2hpdhg,cpu,fp64,1e-8,60.0,Optimal,34624,0.064456,0.026318,1878.1248404063588,1878.1248227,1878.1248227381068,9.40e-09,9.42e-09,PASS,2.35e-08,5.42e-09,4.02e-09,
5649634,macbook-air-m4,Apple M4,none,,,2026-09-24T23:10:19,scrs8,490,1169,3182,r2hpdhg,cpu,fp64,1e-8,60.0,TimeLimit,12984512,60.000426,,5883361.5567067694,904.29998619,904.296953800792,6.50e+03,6.50e+03,FAIL,3.52e-01,7.87e-03,1.00e+00,
5649634,macbook-air-m4,Apple M4,none,,,2026-09-24T23:10:19,scsd1,77,760,2388,r2hpdhg,cpu,fp64,1e-8,60.0,Optimal,1472,0.004384,0.002411,8.6666667039030152,8.6666666743,8.666666674333367,3.06e-09,3.06e-09,PASS,1.09e-09,8.52e-10,1.31e-09,
5649634,macbook-air-m4,Apple M4,none,,,2026-09-24T23:10:19,scsd6,147,1350,4316,r2hpdhg,cpu,fp64,1e-8,60.0,Optimal,3584,0.020925,0.013915,50.500000193988235,50.500000078,50.50000007826242,2.25e-09,2.25e-09,PASS,2.10e-09,4.58e-08,1.00e-10,
5649634,macbook-air-m4,Apple M4,none,,,2026-09-24T23:10:19,scsd8,397,2750,8584,r2hpdhg,cpu,fp64,1e-8,60.0,Optimal,21824,0.239255,0.107729,904.99999992592507,904.99999993,904.9999999254641,5.09e-13,4.50e-12,PASS,3.67e-09,6.57e-08,9.35e-13,
5649634,macbook-air-m4,Apple M4,none,,,2026-09-24T23:10:19,sctap1,300,480,1692,r2hpdhg,cpu,fp64,1e-8,60.0,Optimal,2432,0.005615,0.002958,1412.2500008829752,1412.25,1412.25,6.25e-10,6.25e-10,PASS,3.99e-10,3.58e-08,6.46e-10,
5649634,macbook-air-m4,Apple M4,none,,,2026-09-24T23:10:19,sctap2,1090,1880,6714,r2hpdhg,cpu,fp64,1e-8,60.0,Optimal,1536,0.016383,0.008610,1724.8071544406146,1724.8071429,1724.807142857143,6.71e-09,6.69e-09,PASS,5.98e-08,3.59e-08,3.62e-09,
5649634,macbook-air-m4,Apple M4,none,,,2026-09-24T23:10:19,sctap3,1480,2480,8874,r2hpdhg,cpu,fp64,1e-8,60.0,Optimal,1152,0.016861,0.008968,1424.0000096605943,1424.0,1424.0,6.78e-09,6.78e-09,PASS,2.51e-07,2.49e-09,3.76e-09,
5649634,macbook-air-m4,Apple M4,none,,,2026-09-24T23:10:19,seba,515,1028,4352,r2hpdhg,cpu,fp64,1e-8,60.0,Optimal,4800,0.036089,0.027861,15711.600008224317,,15711.599999999999,5.23e-10,,PASS,7.93e-07,3.32e-14,2.61e-10,
5649634,macbook-air-m4,Apple M4,none,,,2026-09-24T23:10:19,share1b,117,225,1151,r2hpdhg,cpu,fp64,1e-8,60.0,Optimal,42304,0.053360,0.014407,-76589.318583387678,-76589.318579,-76589.31857918571,5.49e-11,5.73e-11,PASS,9.52e-07,1.45e-14,2.67e-11,
5649634,macbook-air-m4,Apple M4,none,,,2026-09-24T23:10:19,share2b,96,79,694,r2hpdhg,cpu,fp64,1e-8,60.0,Optimal,86528,0.065498,0.024467,-415.73224490506379,-415.73224074,-415.7322407414195,9.99e-09,9.99e-09,PASS,3.77e-07,3.35e-09,4.61e-09,
5649634,macbook-air-m4,Apple M4,none,,,2026-09-24T23:10:19,shell,536,1775,3556,r2hpdhg,cpu,fp64,1e-8,60.0,Optimal,12096,0.074221,0.028635,1208825346.0004125,1208825346.0,1208825346.0,3.41e-13,3.41e-13,PASS,8.30e-08,1.12e-14,1.72e-13,
5649634,macbook-air-m4,Apple M4,none,,,2026-09-24T23:10:19,ship04l,402,2118,6332,r2hpdhg,cpu,fp64,1e-8,60.0,Optimal,6080,0.055891,0.046154,1793324.5418304293,1793324.538,1793324.5379703562,2.15e-09,2.14e-09,PASS,4.17e-07,2.02e-09,1.33e-09,
5649634,macbook-air-m4,Apple M4,none,,,2026-09-24T23:10:19,ship04s,402,1458,4352,r2hpdhg,cpu,fp64,1e-8,60.0,Optimal,19136,0.116864,0.047526,1798714.6786566882,1798714.7004,1798714.7004453917,1.21e-08,1.21e-08,PASS,2.50e-07,2.39e-08,5.85e-09,
5649634,macbook-air-m4,Apple M4,none,,,2026-09-24T23:10:19,ship08l,778,4283,12802,r2hpdhg,cpu,fp64,1e-8,60.0,Optimal,13440,0.244413,0.076123,1909055.2451793896,1909055.2114,1909055.211389131,1.77e-08,1.77e-08,PASS,2.66e-07,1.55e-08,9.06e-09,
5649634,macbook-air-m4,Apple M4,none,,,2026-09-24T23:10:19,ship08s,778,2387,7114,r2hpdhg,cpu,fp64,1e-8,60.0,Optimal,7232,0.075542,0.040288,1920098.2048647269,1920098.2105,1920098.2105346182,2.95e-09,2.93e-09,PASS,3.82e-08,1.80e-09,1.63e-09,
5649634,macbook-air-m4,Apple M4,none,,,2026-09-24T23:10:19,ship12l,1151,5427,16170,r2hpdhg,cpu,fp64,1e-8,60.0,Optimal,10880,0.246454,0.192060,1470187.8926761621,1470187.9193,1470187.9193292665,1.81e-08,1.81e-08,PASS,2.31e-07,1.84e-08,5.05e-09,
5649634,macbook-air-m4,Apple M4,none,,,2026-09-24T23:10:19,ship12s,1151,2763,8178,r2hpdhg,cpu,fp64,1e-8,60.0,Optimal,15104,0.171850,0.133608,1489236.1366765979,1489236.1344,1489236.1344061329,1.52e-09,1.53e-09,PASS,2.74e-08,1.62e-08,7.52e-10,
5649634,macbook-air-m4,Apple M4,none,,,2026-09-24T23:10:19,sierra,1227,2036,7302,r2hpdhg,cpu,fp64,1e-8,60.0,Optimal,64192,0.617692,0.449574,15394362.183478603,15394362.184,15394362.183631929,9.96e-12,3.39e-11,PASS,2.94e-07,4.74e-19,1.56e-10,
5649634,macbook-air-m4,Apple M4,none,,,2026-09-24T23:10:19,stair,356,467,3856,r2hpdhg,cpu,fp64,1e-8,60.0,Optimal,55680,0.229731,0.090647,-251.2669483238987,-251.26695119,-251.26695119296335,1.14e-08,1.14e-08,PASS,3.57e-08,1.11e-09,3.33e-09,
5649634,macbook-air-m4,Apple M4,none,,,2026-09-24T23:10:19,standata,359,1075,3031,r2hpdhg,cpu,fp64,1e-8,60.0,Optimal,1856,0.009677,0.005507,1257.6994988423244,1257.6995,1257.6995,9.20e-10,9.20e-10,PASS,4.10e-07,8.12e-12,1.30e-09,
5649634,macbook-air-m4,Apple M4,none,,,2026-09-24T23:10:19,standgub,361,1184,3139,r2hpdhg,cpu,fp64,1e-8,60.0,Optimal,1664,0.009056,0.005252,1257.6995002021881,,1257.6995,1.61e-10,,PASS,8.70e-07,2.70e-11,7.63e-10,
5649634,macbook-air-m4,Apple M4,none,,,2026-09-24T23:10:19,standmps,467,1075,3679,r2hpdhg,cpu,fp64,1e-8,60.0,Optimal,2752,0.015132,0.009909,1406.0174982627973,1406.0175,1406.0175,1.23e-09,1.23e-09,PASS,1.48e-08,2.24e-09,4.30e-10,
5649634,macbook-air-m4,Apple M4,none,,,2026-09-24T23:10:19,stocfor1,117,111,447,r2hpdhg,cpu,fp64,1e-8,60.0,Optimal,9216,0.006025,0.003509,-41131.975980202405,-41131.976219,-41131.976219436394,5.82e-09,5.81e-09,PASS,5.27e-08,1.35e-08,1.14e-09,
5649634,macbook-air-m4,Apple M4,none,,,2026-09-24T23:10:19,stocfor2,2157,2031,8343,r2hpdhg,cpu,fp64,1e-8,60.0,Optimal,56128,0.661340,0.328838,-39024.408509663903,-39024.408538,-39024.40853788211,7.23e-10,7.26e-10,PASS,3.29e-07,1.67e-08,6.99e-10,
5649634,macbook-air-m4,Apple M4,none,,,2026-09-24T23:10:19,tuff,333,587,4520,r2hpdhg,cpu,fp64,1e-8,60.0,Optimal,74112,0.415504,0.319012,0.29214776509159163,0.29214776509,0.29214776509361273,1.56e-12,1.23e-12,PASS,7.57e-10,7.24e-13,6.78e-11,
5649634,macbook-air-m4,Apple M4,none,,,2026-09-24T23:10:19,vtp.base,198,203,908,r2hpdhg,cpu,fp64,1e-8,60.0,Optimal,25728,0.027861,0.022952,129831.46235701401,129831.46246,129831.46246136137,8.04e-10,7.93e-10,PASS,5.43e-07,1.19e-08,2.67e-09,
5649634,macbook-air-m4,Apple M4,none,,,2026-09-24T23:10:19,wood1p,244,2594,70215,r2hpdhg,cpu,fp64,1e-8,60.0,Optimal,12800,1.139054,0.727061,1.4429024468012113,1.4429024116,1.4429024115734075,1.44e-08,1.44e-08,PASS,1.60e-08,3.73e-09,7.92e-09,
5649634,macbook-air-m4,Apple M4,none,,,2026-09-24T23:10:19,woodw,1098,8405,37474,r2hpdhg,cpu,fp64,1e-8,60.0,Optimal,40448,2.040536,0.842985,1.3044763330005693,1.3044763331,1.3044763330842293,3.63e-11,4.31e-11,PASS,4.46e-09,1.14e-08,9.82e-11,
