git_hash,machine,cpu,gpu,driver,cuda,date,settings,instance,rows,cols,nnz,engine,backend,precision,tolerance,time_limit,status,iterations,seconds,seconds_to_1e-4,objective,published_optimum,highs_objective,rel_err_highs,rel_err_published,verify,verify_primal_rel,verify_dual_rel,verify_gap_rel,message
4f0db8c,macbook-air-m4,Apple M4,none,,,2026-09-25T02:02:15,geometric_mean_iterations=12,25fv47,821,1571,10400,r2hpdhg,cpu,fp64,1e-8,60.0,Optimal,109056,1.193618,0.177726,5501.8458814519327,5501.8458883,5501.845888286749,1.24e-09,1.24e-09,PASS,9.68e-07,3.06e-09,1.21e-09,
4f0db8c,macbook-air-m4,Apple M4,none,,,2026-09-25T02:02:15,geometric_mean_iterations=12,80bau3b,2262,9799,21002,r2hpdhg,cpu,fp64,1e-8,60.0,Optimal,170368,5.005124,1.239367,987224.19257270615,987232.16072,987224.1924090902,1.66e-10,8.07e-06,PASS,6.12e-08,4.20e-09,1.97e-09,
4f0db8c,macbook-air-m4,Apple M4,none,,,2026-09-25T02:02:15,geometric_mean_iterations=12,adlittle,56,97,383,r2hpdhg,cpu,fp64,1e-8,60.0,Optimal,3072,0.001417,0.001018,225494.96316955911,225494.96316,225494.9631623803,3.18e-11,4.24e-11,PASS,4.08e-09,3.84e-09,8.88e-10,
4f0db8c,macbook-air-m4,Apple M4,none,,,2026-09-25T02:02:15,geometric_mean_iterations=12,afiro,27,32,83,r2hpdhg,cpu,fp64,1e-8,60.0,Optimal,832,0.000192,0.000117,-464.75314267460374,-464.75314286,-464.75314285714285,3.92e-10,3.98e-10,PASS,1.03e-07,1.50e-10,7.73e-10,
4f0db8c,macbook-air-m4,Apple M4,none,,,2026-09-25T02:02:15,geometric_mean_iterations=12,agg,488,163,2410,r2hpdhg,cpu,fp64,1e-8,60.0,Optimal,80448,0.188238,0.017541,-35991767.286484636,-35991767.287,-35991767.286576495,2.55e-12,1.43e-11,PASS,3.84e-07,2.21e-08,1.64e-10,
4f0db8c,macbook-air-m4,Apple M4,none,,,2026-09-25T02:02:15,geometric_mean_iterations=12,agg2,516,302,4284,r2hpdhg,cpu,fp64,1e-8,60.0,Optimal,5568,0.022693,0.015890,-20239252.356020123,-20239252.356,-20239252.355977114,2.13e-12,9.94e-13,PASS,4.86e-07,3.41e-11,2.10e-12,
4f0db8c,macbook-air-m4,Apple M4,none,,,2026-09-25T02:02:15,geometric_mean_iterations=12,agg3,516,302,4300,r2hpdhg,cpu,fp64,1e-8,60.0,Optimal,7360,0.029911,0.018469,10312115.935215548,10312115.935,10312115.935089216,1.23e-11,2.09e-11,PASS,7.19e-07,8.52e-14,6.12e-12,
4f0db8c,macbook-air-m4,Apple M4,none,,,2026-09-25T02:02:15,geometric_mean_iterations=12,bandm,305,472,2494,r2hpdhg,cpu,fp64,1e-8,60.0,Optimal,25280,0.064715,0.010266,-158.62801842811058,-158.62801845,-158.62801845012044,1.38e-10,1.37e-10,PASS,4.16e-08,2.37e-09,1.17e-09,
4f0db8c,macbook-air-m4,Apple M4,none,,,2026-09-25T02:02:15,geometric_mean_iterations=12,beaconfd,173,262,3375,r2hpdhg,cpu,fp64,1e-8,60.0,Optimal,13184,0.044052,0.039632,33592.485806089164,33592.485807,33592.4858072,3.31e-11,2.71e-11,PASS,3.40e-07,2.09e-11,1.97e-11,
4f0db8c,macbook-air-m4,Apple M4,none,,,2026-09-25T02:02:15,geometric_mean_iterations=12,blend,74,83,491,r2hpdhg,cpu,fp64,1e-8,60.0,Optimal,7040,0.003640,0.002665,-30.812149956167449,-30.812149846,-30.812149845828237,3.47e-09,3.46e-09,PASS,1.08e-08,6.93e-10,2.58e-09,
4f0db8c,macbook-air-m4,Apple M4,none,,,2026-09-25T02:02:15,geometric_mean_iterations=12,bnl1,643,1175,5121,r2hpdhg,cpu,fp64,1e-8,60.0,Optimal,773504,4.688154,2.550714,1977.6295867009801,1977.6292856,1977.6295615228867,1.27e-08,1.52e-07,PASS,2.71e-09,1.38e-09,9.96e-09,
4f0db8c,macbook-air-m4,Apple M4,none,,,2026-09-25T02:02:15,geometric_mean_iterations=12,bnl2,2324,3489,13999,r2hpdhg,cpu,fp64,1e-8,60.0,Optimal,722048,12.905934,2.505468,1811.2365640050862,1811.2365404,1811.2365403585468,1.30e-08,1.30e-08,PASS,1.03e-07,9.82e-10,9.95e-09,
4f0db8c,macbook-air-m4,Apple M4,none,,,2026-09-25T02:02:15,geometric_mean_iterations=12,boeing1,351,384,3485,r2hpdhg,cpu,fp64,1e-8,60.0,Optimal,23424,0.085030,0.024934,-335.21356751931199,,-335.21356750712687,3.62e-11,,PASS,6.04e-07,4.48e-15,1.43e-11,
4f0db8c,macbook-air-m4,Apple M4,none,,,2026-09-25T02:02:15,geometric_mean_iterations=12,boeing2,166,143,1196,r2hpdhg,cpu,fp64,1e-8,60.0,Optimal,2688,0.003571,0.001621,-315.0187279604956,,-315.0187280152027,1.73e-10,,PASS,5.59e-07,1.06e-10,8.21e-09,
4f0db8c,macbook-air-m4,Apple M4,none,,,2026-09-25T02:02:15,geometric_mean_iterations=12,bore3d,233,315,1429,r2hpdhg,cpu,fp64,1e-8,60.0,Optimal,23680,0.037566,0.031086,1373.0803942084478,1373.0803942,1373.080394208493,3.29e-14,6.15e-12,PASS,4.37e-09,3.02e-12,3.20e-11,
4f0db8c,macbook-air-m4,Apple M4,none,,,2026-09-25T02:02:15,geometric_mean_iterations=12,brandy,220,249,2148,r2hpdhg,cpu,fp64,1e-8,60.0,Optimal,58560,0.121279,0.086135,1518.5098959126863,1518.5098965,1518.5098964881286,3.79e-10,3.87e-10,PASS,3.09e-07,2.91e-09,2.36e-11,
4f0db8c,macbook-air-m4,Apple M4,none,,,2026-09-25T02:02:15,geometric_mean_iterations=12,capri,271,353,1767,r2hpdhg,cpu,fp64,1e-8,60.0,Optimal,132800,0.237087,0.121872,2690.0128902052998,2690.0129138,2690.0129137681593,8.76e-09,8.77e-09,PASS,9.48e-07,1.28e-09,5.19e-09,
4f0db8c,macbook-air-m4,Apple M4,none,,,2026-09-25T02:02:15,geometric_mean_iterations=12,cycle,1903,2857,20720,r2hpdhg,cpu,fp64,1e-8,60.0,Optimal,58048,1.189971,1.033912,-5.2263930251485773,-5.2263930249,-5.226393024894103,4.09e-11,3.99e-11,PASS,5.90e-10,8.02e-12,2.40e-10,
4f0db8c,macbook-air-m4,Apple M4,none,,,2026-09-25T02:02:15,geometric_mean_iterations=12,czprob,929,3523,10669,r2hpdhg,cpu,fp64,1e-8,60.0,Optimal,25728,0.366759,0.040813,2185196.6960420022,2185196.6989,2185196.698856578,1.29e-09,1.31e-09,PASS,8.32e-08,1.05e-07,3.46e-09,
4f0db8c,macbook-air-m4,Apple M4,none,,,2026-09-25T02:02:15,geometric_mean_iterations=12,d2q06c,2171,5167,32417,r2hpdhg,cpu,fp64,1e-8,60.0,TimeLimit,1721536,60.003467,3.179520,122784.09609351032,122784.23615,122784.21081418936,9.34e-07,1.14e-06,FAIL,1.70e-01,4.05e-06,5.80e-07,
4f0db8c,macbook-air-m4,Apple M4,none,,,2026-09-25T02:02:15,geometric_mean_iterations=12,d6cube,415,6184,37704,r2hpdhg,cpu,fp64,1e-8,60.0,Optimal,11072,0.559993,0.130880,315.49166512604251,315.49166667,315.4916666666668,4.87e-09,4.88e-09,PASS,9.71e-07,6.35e-08,4.54e-09,
4f0db8c,macbook-air-m4,Apple M4,none,,,2026-09-25T02:02:15,geometric_mean_iterations=12,degen2,444,534,3978,r2hpdhg,cpu,fp64,1e-8,60.0,Optimal,4160,0.016880,0.009956,-1435.1780017447834,-1435.178,-1435.178,1.21e-09,1.21e-09,PASS,1.71e-07,2.12e-09,5.89e-10,
4f0db8c,macbook-air-m4,Apple M4,none,,,2026-09-25T02:02:15,geometric_mean_iterations=12,degen3,1503,1818,24646,r2hpdhg,cpu,fp64,1e-8,60.0,Optimal,20928,0.525507,0.088099,-987.29400221755145,-987.294,-987.2940000000002,2.24e-09,2.24e-09,PASS,3.81e-07,2.15e-09,1.14e-09,
4f0db8c,macbook-air-m4,Apple M4,none,,,2026-09-25T02:02:15,geometric_mean_iterations=12,dfl001,6071,12230,35632,r2hpdhg,cpu,fp64,1e-8,60.0,Optimal,113152,6.653419,0.449862,11266396.017073678,11266400.0,11266396.046671377,2.63e-09,3.54e-07,PASS,9.82e-07,3.06e-13,1.31e-09,
4f0db8c,macbook-air-m4,Apple M4,none,,,2026-09-25T02:02:15,geometric_mean_iterations=12,e226,223,282,2578,r2hpdhg,cpu,fp64,1e-8,60.0,Optimal,17024,0.043659,0.014362,-11.638929109315052,-18.751929066,-11.638929066370526,3.40e-09,3.60e-01,PASS,4.40e-07,2.99e-11,1.16e-09,
4f0db8c,macbook-air-m4,Apple M4,none,,,2026-09-25T02:02:15,geometric_mean_iterations=12,etamacro,400,688,2409,r2hpdhg,cpu,fp64,1e-8,60.0,Optimal,26624,0.068678,0.001710,-755.71522977655559,-755.71521774,-755.7152333005275,4.66e-09,1.59e-08,PASS,1.82e-07,1.92e-09,4.89e-09,
4f0db8c,macbook-air-m4,Apple M4,none,,,2026-09-25T02:02:15,geometric_mean_iterations=12,fffff800,524,854,6227,r2hpdhg,cpu,fp64,1e-8,60.0,Optimal,68224,0.454598,0.089807,555679.56485178927,555679.61165,555679.5648174965,6.17e-11,8.42e-08,PASS,4.68e-08,9.39e-09,1.21e-09,
4f0db8c,macbook-air-m4,Apple M4,none,,,2026-09-25T02:02:15,geometric_mean_iterations=12,finnis,497,614,2310,r2hpdhg,cpu,fp64,1e-8,60.0,Optimal,68352,0.180161,0.004681,172791.06582687981,172790.96547,172791.0655956116,1.34e-09,5.81e-07,PASS,3.47e-07,1.13e-11,7.47e-10,
4f0db8c,macbook-air-m4,Apple M4,none,,,2026-09-25T02:02:15,geometric_mean_iterations=12,fit1d,24,1026,13404,r2hpdhg,cpu,fp64,1e-8,60.0,Optimal,3329792,54.212965,3.138500,-9146.3780924119164,-9146.3780924,-9146.378092420928,9.85e-13,1.30e-12,PASS,6.16e-09,6.35e-19,1.43e-09,
4f0db8c,macbook-air-m4,Apple M4,none,,,2026-09-25T02:02:15,geometric_mean_iterations=12,fit1p,627,1677,9868,r2hpdhg,cpu,fp64,1e-8,60.0,Optimal,27584,0.344736,0.042453,9146.3780921496564,9146.3780924,9146.378092420935,2.97e-11,2.74e-11,PASS,2.36e-08,1.27e-07,2.01e-11,
4f0db8c,macbook-air-m4,Apple M4,none,,,2026-09-25T02:02:15,geometric_mean_iterations=12,fit2d,25,10500,129018,r2hpdhg,cpu,fp64,1e-8,60.0,TimeLimit,340608,60.016335,26.106628,-68463.210212375867,-68464.293294,-68464.2932938321,1.58e-05,1.58e-05,FAIL,6.06e-03,2.69e-20,1.25e-05,
4f0db8c,macbook-air-m4,Apple M4,none,,,2026-09-25T02:02:15,geometric_mean_iterations=12,fit2p,3000,13525,50284,r2hpdhg,cpu,fp64,1e-8,60.0,Optimal,48576,3.663280,0.685839,68464.293293804338,68464.293232,68464.29329383212,4.06e-13,9.03e-10,PASS,2.08e-08,2.36e-07,2.20e-11,
4f0db8c,macbook-air-m4,Apple M4,none,,,2026-09-25T02:02:15,geometric_mean_iterations=12,forplan,161,421,4563,r2hpdhg,cpu,fp64,1e-8,60.0,Optimal,143936,0.685790,0.089353,-664.21896513382183,,-664.2189612722036,5.81e-09,,PASS,4.39e-08,2.36e-10,3.05e-09,
4f0db8c,macbook-air-m4,Apple M4,none,,,2026-09-25T02:02:15,geometric_mean_iterations=12,ganges,1309,1681,6912,r2hpdhg,cpu,fp64,1e-8,60.0,Optimal,83136,0.653618,0.368788,-109585.73659204002,-109586.36356,-109585.73612927801,4.22e-09,5.72e-06,PASS,7.09e-07,7.36e-09,5.23e-11,
4f0db8c,macbook-air-m4,Apple M4,none,,,2026-09-25T02:02:15,geometric_mean_iterations=12,gfrd-pnc,616,1092,2377,r2hpdhg,cpu,fp64,1e-8,60.0,Optimal,21568,0.081347,0.046430,6902236.0005926834,6902235.9995,6902235.999548812,1.51e-10,1.58e-10,PASS,8.69e-07,1.12e-14,7.42e-11,
4f0db8c,macbook-air-m4,Apple M4,none,,,2026-09-25T02:02:15,geometric_mean_iterations=12,greenbea,2392,5405,30877,r2hpdhg,cpu,fp64,1e-8,60.0,TimeLimit,1792512,60.002092,,-51127530.204291664,-72462405.908,-72555248.12984599,2.95e-01,2.94e-01,FAIL,1.41e+00,2.57e-01,1.50e-01,
4f0db8c,macbook-air-m4,Apple M4,none,,,2026-09-25T02:02:15,geometric_mean_iterations=12,greenbeb,2392,5405,30877,r2hpdhg,cpu,fp64,1e-8,60.0,TimeLimit,1804800,60.002829,,-4302227.6446204167,-4302147.6065,-4302260.261206586,7.58e-06,1.86e-05,FAIL,9.93e-02,2.60e-07,4.07e-06,
4f0db8c,macbook-air-m4,Apple M4,none,,,2026-09-25T02:02:15,geometric_mean_iterations=12,grow15,300,645,5620,r2hpdhg,cpu,fp64,1e-8,60.0,Optimal,7232,0.036179,0.032192,-106870941.29357541,-106870941.29,-106870941.29357533,6.97e-16,3.35e-11,PASS,1.31e-09,2.66e-14,1.66e-14,
4f0db8c,macbook-air-m4,Apple M4,none,,,2026-09-25T02:02:15,geometric_mean_iterations=12,grow22,440,946,8252,r2hpdhg,cpu,fp64,1e-8,60.0,Optimal,4928,0.034864,0.030521,-160834336.4825629,-160834336.48,-160834336.48256302,7.41e-16,1.59e-11,PASS,1.23e-09,3.35e-11,2.30e-11,
4f0db8c,macbook-air-m4,Apple M4,none,,,2026-09-25T02:02:15,geometric_mean_iterations=12,grow7,140,301,2612,r2hpdhg,cpu,fp64,1e-8,60.0,Optimal,3776,0.008220,0.007038,-47787811.814711154,-47787811.815,-47787811.81471149,7.02e-15,6.04e-12,PASS,3.94e-09,1.35e-10,1.52e-09,
4f0db8c,macbook-air-m4,Apple M4,none,,,2026-09-25T02:02:15,geometric_mean_iterations=12,israel,174,142,2269,r2hpdhg,cpu,fp64,1e-8,60.0,Optimal,14464,0.030660,0.005232,-896644.82186393801,-896644.82186,-896644.8218630461,9.95e-13,4.39e-12,PASS,5.29e-07,1.07e-10,1.01e-09,
4f0db8c,macbook-air-m4,Apple M4,none,,,2026-09-25T02:02:15,geometric_mean_iterations=12,kb2,43,41,286,r2hpdhg,cpu,fp64,1e-8,60.0,Optimal,32064,0.009119,0.004680,-1749.900129907259,-1749.9001299,-1749.9001299062054,6.02e-13,4.15e-12,PASS,3.64e-09,4.73e-12,4.51e-13,
4f0db8c,macbook-air-m4,Apple M4,none,,,2026-09-25T02:02:15,geometric_mean_iterations=12,lotfi,153,308,1078,r2hpdhg,cpu,fp64,1e-8,60.0,Optimal,4608,0.006148,0.004276,-25.26470605882448,-25.264706062,-25.264706061880002,1.16e-10,1.21e-10,PASS,2.03e-07,4.91e-11,3.66e-10,
4f0db8c,macbook-air-m4,Apple M4,none,,,2026-09-25T02:02:15,geometric_mean_iterations=12,maros-r7,3136,9408,144848,r2hpdhg,cpu,fp64,1e-8,60.0,Optimal,17664,2.320710,1.826032,1497185.1665121033,1497185.1665,1497185.166479642,2.17e-11,8.08e-12,PASS,9.10e-07,6.99e-09,1.20e-11,
4f0db8c,macbook-air-m4,Apple M4,none,,,2026-09-25T02:02:15,geometric_mean_iterations=12,maros,846,1443,9614,r2hpdhg,cpu,fp64,1e-8,60.0,Optimal,234816,2.264135,0.918223,-58063.743701678075,-58063.743701,-58063.743701125946,9.51e-12,1.17e-11,PASS,4.55e-07,3.95e-09,6.72e-11,
4f0db8c,macbook-air-m4,Apple M4,none,,,2026-09-25T02:02:15,geometric_mean_iterations=12,modszk1,687,1620,3168,r2hpdhg,cpu,fp64,1e-8,60.0,Optimal,25536,0.118390,0.082263,320.61972905825462,320.61972906,320.61972906464734,1.99e-11,5.43e-12,PASS,1.11e-09,5.84e-13,5.17e-09,
4f0db8c,macbook-air-m4,Apple M4,none,,,2026-09-25T02:02:15,geometric_mean_iterations=12,nesm,662,2923,13288,r2hpdhg,cpu,fp64,1e-8,60.0,Optimal,455552,5.857710,0.791114,14076036.476889327,,14076036.487562707,7.58e-10,,PASS,8.37e-07,6.52e-10,3.78e-10,
4f0db8c,macbook-air-m4,Apple M4,none,,,2026-09-25T02:02:15,geometric_mean_iterations=12,perold,625,1376,6018,r2hpdhg,cpu,fp64,1e-8,60.0,Optimal,448832,3.035831,0.230029,-9380.7552782351431,-9380.7580773,-9380.755278235229,9.11e-15,2.98e-07,PASS,1.40e-09,1.23e-08,1.94e-10,
4f0db8c,macbook-air-m4,Apple M4,none,,,2026-09-25T02:02:15,geometric_mean_iterations=12,pilot.ja,940,1988,14698,r2hpdhg,cpu,fp64,1e-8,60.0,TimeLimit,3769856,60.001286,20.643247,-6113.1369941916528,-6113.1344111,-6113.136465581334,8.65e-08,4.22e-07,FAIL,5.97e-06,1.19e-07,4.08e-08,
4f0db8c,macbook-air-m4,Apple M4,none,,,2026-09-25T02:02:15,geometric_mean_iterations=12,pilot,1441,3652,43167,r2hpdhg,cpu,fp64,1e-8,60.0,TimeLimit,1356736,60.003214,20.209972,-557.53338549703471,-557.40430007,-557.4897292796667,7.82e-05,2.31e-04,FAIL,3.42e-02,6.75e-07,4.22e-05,
4f0db8c,macbook-air-m4,Apple M4,none,,,2026-09-25T02:02:15,geometric_mean_iterations=12,pilot.we,722,2789,9126,r2hpdhg,cpu,fp64,1e-8,60.0,TimeLimit,5450944,60.001202,1.358128,-2720107.5298148063,-2720102.7439,-2720107.5328449626,1.11e-09,1.76e-06,FAIL,3.88e-05,3.93e-07,4.78e-07,
4f0db8c,macbook-air-m4,Apple M4,none,,,2026-09-25T02:02:15,geometric_mean_iterations=12,pilot4,410,1000,5141,r2hpdhg,cpu,fp64,1e-8,60.0,Optimal,6486592,35.240675,1.361484,-2581.1392590986679,-2581.1392641,-2581.1392588838908,8.32e-11,1.94e-09,PASS,1.00e-06,8.38e-09,6.07e-11,
4f0db8c,macbook-air-m4,Apple M4,none,,,2026-09-25T02:02:15,geometric_mean_iterations=12,pilot87,2030,4883,73152,r2hpdhg,cpu,fp64,1e-8,60.0,TimeLimit,767872,60.003846,4.805702,301.7105662339294,301.71072827,301.71034733310836,7.23e-07,5.35e-07,FAIL,8.40e-03,2.73e-10,3.62e-07,
4f0db8c,macbook-air-m4,Apple M4,none,,,2026-09-25T02:02:15,geometric_mean_iterations=12,pilotnov,975,2172,13057,r2hpdhg,cpu,fp64,1e-8,60.0,Optimal,75840,1.115116,0.698545,-4497.2761882186005,-4497.2761882,-4497.2761882188715,6.03e-14,4.13e-12,PASS,7.04e-07,2.34e-09,3.23e-10,
4f0db8c,macbook-air-m4,Apple M4,none,,,2026-09-25T02:02:15,geometric_mean_iterations=12,recipe,91,180,663,r2hpdhg,cpu,fp64,1e-8,60.0,Optimal,896,0.000744,0.000565,-266.61599998162023,-266.616,-266.61600000000027,6.87e-11,6.87e-11,PASS,2.05e-09,0.00e+00,3.50e-11,
4f0db8c,macbook-air-m4,Apple M4,none,,,2026-09-25T02:02:15,geometric_mean_iterations=12,sc105,105,103,280,r2hpdhg,cpu,fp64,1e-8,60.0,Optimal,2368,0.001206,0.000735,-52.202061062036137,-52.202061212,-52.202061211707246,2.81e-09,2.82e-09,PASS,1.01e-07,6.66e-11,5.55e-09,
4f0db8c,macbook-air-m4,Apple M4,none,,,2026-09-25T02:02:15,geometric_mean_iterations=12,sc205,205,203,551,r2hpdhg,cpu,fp64,1e-8,60.0,Optimal,13952,0.010135,0.005824,-52.202061293133212,-52.202061212,-52.202061211707225,1.53e-09,1.53e-09,PASS,5.63e-07,1.58e-13,3.61e-09,
4f0db8c,macbook-air-m4,Apple M4,none,,,2026-09-25T02:02:15,geometric_mean_iterations=12,sc50a,50,48,130,r2hpdhg,cpu,fp64,1e-8,60.0,Optimal,1984,0.000497,0.000222,-64.575076175418872,-64.575077059,-64.5750770585645,1.35e-08,1.35e-08,PASS,4.65e-07,2.49e-10,1.40e-09,
4f0db8c,macbook-air-m4,Apple M4,none,,,2026-09-25T02:02:15,geometric_mean_iterations=12,sc50b,50,48,118,r2hpdhg,cpu,fp64,1e-8,60.0,Optimal,1344,0.000374,0.000247,-70.000000188309016,-70.0,-69.99999999999999,2.65e-09,2.65e-09,PASS,3.37e-07,8.13e-11,1.91e-09,
4f0db8c,macbook-air-m4,Apple M4,none,,,2026-09-25T02:02:15,geometric_mean_iterations=12,scagr25,471,500,1554,r2hpdhg,cpu,fp64,1e-8,60.0,Optimal,53312,0.099133,0.047361,-14753433.077618808,-14753433.061,-14753433.060768528,1.14e-09,1.13e-09,PASS,3.79e-07,9.71e-10,4.69e-10,
4f0db8c,macbook-air-m4,Apple M4,none,,,2026-09-25T02:02:15,geometric_mean_iterations=12,scagr7,129,140,420,r2hpdhg,cpu,fp64,1e-8,60.0,Optimal,40128,0.021920,0.003730,-2331389.8344214163,-2331389.2548,-2331389.8243309837,4.33e-09,2.49e-07,PASS,4.42e-07,4.26e-09,8.64e-10,
4f0db8c,macbook-air-m4,Apple M4,none,,,2026-09-25T02:02:15,geometric_mean_iterations=12,scfxm1,330,457,2589,r2hpdhg,cpu,fp64,1e-8,60.0,Optimal,28288,0.075774,0.041393,18416.759055211449,18416.759028,18416.759028348944,1.46e-09,1.48e-09,PASS,9.76e-07,8.13e-09,4.25e-10,
4f0db8c,macbook-air-m4,Apple M4,none,,,2026-09-25T02:02:15,geometric_mean_iterations=12,scfxm2,660,914,5183,r2hpdhg,cpu,fp64,1e-8,60.0,Optimal,37952,0.218835,0.106089,36660.261570070703,36660.261565,36660.26156499881,1.38e-10,1.38e-10,PASS,3.12e-07,2.79e-10,6.35e-11,
4f0db8c,macbook-air-m4,Apple M4,none,,,2026-09-25T02:02:15,geometric_mean_iterations=12,scfxm3,990,1371,7777,r2hpdhg,cpu,fp64,1e-8,60.0,Optimal,49088,0.425881,0.155638,54901.254551961902,54901.25455,54901.254549751444,4.03e-11,3.57e-11,PASS,9.11e-07,1.19e-08,1.78e-10,
4f0db8c,macbook-air-m4,Apple M4,none,,,2026-09-25T02:02:15,geometric_mean_iterations=12,scorpion,388,358,1426,r2hpdhg,cpu,fp64,1e-8,60.0,Optimal,24704,0.041133,0.016908,1878.1248339771264,1878.1248227,1878.1248227381068,5.98e-09,6.00e-09,PASS,1.32e-08,1.81e-08,5.26e-09,
4f0db8c,macbook-air-m4,Apple M4,none,,,2026-09-25T02:02:15,geometric_mean_iterations=12,scrs8,490,1169,3182,r2hpdhg,cpu,fp64,1e-8,60.0,Optimal,27200,0.115309,0.058444,904.29695571122238,904.29998619,904.296953800792,2.11e-09,3.35e-06,PASS,6.99e-07,1.40e-13,1.06e-09,
4f0db8c,macbook-air-m4,Apple M4,none,,,2026-09-25T02:02:15,geometric_mean_iterations=12,scsd1,77,760,2388,r2hpdhg,cpu,fp64,1e-8,60.0,Optimal,1472,0.003881,0.002403,8.666666633046761,8.6666666743,8.666666674333367,4.27e-09,4.27e-09,PASS,3.53e-09,1.17e-09,2.25e-09,
4f0db8c,macbook-air-m4,Apple M4,none,,,2026-09-25T02:02:15,geometric_mean_iterations=12,scsd6,147,1350,4316,r2hpdhg,cpu,fp64,1e-8,60.0,Optimal,4672,0.023007,0.017292,50.499999995096879,50.500000078,50.50000007826242,1.61e-09,1.61e-09,PASS,4.83e-09,1.21e-08,2.17e-09,
4f0db8c,macbook-air-m4,Apple M4,none,,,2026-09-25T02:02:15,geometric_mean_iterations=12,scsd8,397,2750,8584,r2hpdhg,cpu,fp64,1e-8,60.0,Optimal,40960,0.389505,0.173215,904.99999992552432,904.99999993,904.9999999254641,6.65e-14,4.94e-12,PASS,2.17e-08,5.08e-08,3.57e-14,
4f0db8c,macbook-air-m4,Apple M4,none,,,2026-09-25T02:02:15,geometric_mean_iterations=12,sctap1,300,480,1692,r2hpdhg,cpu,fp64,1e-8,60.0,Optimal,2240,0.004553,0.002489,1412.2500050166311,1412.25,1412.25,3.55e-09,3.55e-09,PASS,1.32e-09,1.07e-08,1.58e-09,
4f0db8c,macbook-air-m4,Apple M4,none,,,2026-09-25T02:02:15,geometric_mean_iterations=12,sctap2,1090,1880,6714,r2hpdhg,cpu,fp64,1e-8,60.0,Optimal,1472,0.012753,0.006386,1724.8071627956065,1724.8071429,1724.807142857143,1.16e-08,1.15e-08,PASS,4.90e-08,4.37e-08,9.85e-09,
4f0db8c,macbook-air-m4,Apple M4,none,,,2026-09-25T02:02:15,geometric_mean_iterations=12,sctap3,1480,2480,8874,r2hpdhg,cpu,fp64,1e-8,60.0,Optimal,1088,0.012918,0.008481,1423.9999993511251,1424.0,1424.0,4.55e-10,4.55e-10,PASS,4.67e-08,8.95e-09,3.01e-11,
4f0db8c,macbook-air-m4,Apple M4,none,,,2026-09-25T02:02:15,geometric_mean_iterations=12,seba,515,1028,4352,r2hpdhg,cpu,fp64,1e-8,60.0,Optimal,4544,0.027100,0.017758,15711.600005253567,,15711.599999999999,3.34e-10,,PASS,4.48e-07,2.87e-12,8.43e-11,
4f0db8c,macbook-air-m4,Apple M4,none,,,2026-09-25T02:02:15,geometric_mean_iterations=12,share1b,117,225,1151,r2hpdhg,cpu,fp64,1e-8,60.0,Optimal,87104,0.096340,0.064042,-76589.318579406434,-76589.318579,-76589.31857918571,2.88e-12,5.31e-12,PASS,9.41e-07,1.14e-11,1.11e-12,
4f0db8c,macbook-air-m4,Apple M4,none,,,2026-09-25T02:02:15,geometric_mean_iterations=12,share2b,96,79,694,r2hpdhg,cpu,fp64,1e-8,60.0,Optimal,72768,0.044608,0.026664,-415.73224081232081,-415.73224074,-415.7322407414195,1.70e-10,1.74e-10,PASS,4.72e-08,3.91e-10,1.11e-10,
4f0db8c,macbook-air-m4,Apple M4,none,,,2026-09-25T02:02:15,geometric_mean_iterations=12,shell,536,1775,3556,r2hpdhg,cpu,fp64,1e-8,60.0,Optimal,13760,0.073427,0.023665,1208825346.0026526,1208825346.0,1208825346.0,2.19e-12,2.19e-12,PASS,7.97e-07,4.42e-13,1.07e-12,
4f0db8c,macbook-air-m4,Apple M4,none,,,2026-09-25T02:02:15,geometric_mean_iterations=12,ship04l,402,2118,6332,r2hpdhg,cpu,fp64,1e-8,60.0,Optimal,5248,0.042307,0.034854,1793324.540051647,1793324.538,1793324.5379703562,1.16e-09,1.14e-09,PASS,3.93e-07,8.97e-09,5.45e-10,
4f0db8c,macbook-air-m4,Apple M4,none,,,2026-09-25T02:02:15,geometric_mean_iterations=12,ship04s,402,1458,4352,r2hpdhg,cpu,fp64,1e-8,60.0,Optimal,14528,0.078281,0.034637,1798714.6893736743,1798714.7004,1798714.7004453917,6.16e-09,6.13e-09,PASS,8.65e-08,2.71e-08,2.92e-09,
4f0db8c,macbook-air-m4,Apple M4,none,,,2026-09-25T02:02:15,geometric_mean_iterations=12,ship08l,778,4283,12802,r2hpdhg,cpu,fp64,1e-8,60.0,Optimal,18432,0.292757,0.099578,1909055.1774689248,1909055.2114,1909055.211389131,1.78e-08,1.78e-08,PASS,1.61e-07,6.90e-09,8.68e-09,
4f0db8c,macbook-air-m4,Apple M4,none,,,2026-09-25T02:02:15,geometric_mean_iterations=12,ship08s,778,2387,7114,r2hpdhg,cpu,fp64,1e-8,60.0,Optimal,7168,0.064181,0.026030,1920098.1939067955,1920098.2105,1920098.2105346182,8.66e-09,8.64e-09,PASS,8.36e-08,2.00e-10,4.33e-09,
4f0db8c,macbook-air-m4,Apple M4,none,,,2026-09-25T02:02:15,geometric_mean_iterations=12,ship12l,1151,5427,16170,r2hpdhg,cpu,fp64,1e-8,60.0,Optimal,10688,0.213456,0.148951,1470187.9178065266,1470187.9193,1470187.9193292665,1.04e-09,1.02e-09,PASS,8.09e-09,1.25e-09,6.65e-10,
4f0db8c,macbook-air-m4,Apple M4,none,,,2026-09-25T02:02:15,geometric_mean_iterations=12,ship12s,1151,2763,8178,r2hpdhg,cpu,fp64,1e-8,60.0,Optimal,13888,0.140196,0.111679,1489236.1271780496,1489236.1344,1489236.1344061329,4.85e-09,4.85e-09,PASS,4.15e-08,1.35e-08,5.19e-10,
4f0db8c,macbook-air-m4,Apple M4,none,,,2026-09-25T02:02:15,geometric_mean_iterations=12,sierra,1227,2036,7302,r2hpdhg,cpu,fp64,1e-8,60.0,Optimal,463680,3.790819,3.459839,15394362.166661607,15394362.184,15394362.183631929,1.10e-09,1.13e-09,PASS,9.44e-07,4.78e-18,8.70e-10,
4f0db8c,macbook-air-m4,Apple M4,none,,,2026-09-25T02:02:15,geometric_mean_iterations=12,stair,356,467,3856,r2hpdhg,cpu,fp64,1e-8,60.0,Optimal,13312,0.048502,0.024266,-251.26695094055171,-251.26695119,-251.26695119296335,1.00e-09,9.89e-10,PASS,3.51e-07,4.93e-09,1.46e-10,
4f0db8c,macbook-air-m4,Apple M4,none,,,2026-09-25T02:02:15,geometric_mean_iterations=12,standata,359,1075,3031,r2hpdhg,cpu,fp64,1e-8,60.0,Optimal,1280,0.005926,0.004155,1257.6994999821084,1257.6995,1257.6995,1.42e-11,1.42e-11,PASS,1.30e-07,1.84e-13,2.67e-10,
4f0db8c,macbook-air-m4,Apple M4,none,,,2026-09-25T02:02:15,geometric_mean_iterations=12,standgub,361,1184,3139,r2hpdhg,cpu,fp64,1e-8,60.0,Optimal,3136,0.014253,0.004265,1257.6994996018379,,1257.6995,3.16e-10,,PASS,3.69e-07,1.34e-14,8.07e-11,
4f0db8c,macbook-air-m4,Apple M4,none,,,2026-09-25T02:02:15,geometric_mean_iterations=12,standmps,467,1075,3679,r2hpdhg,cpu,fp64,1e-8,60.0,Optimal,2880,0.013713,0.008052,1406.0175001995478,1406.0175,1406.0175,1.42e-10,1.42e-10,PASS,2.28e-07,2.33e-09,9.02e-10,
4f0db8c,macbook-air-m4,Apple M4,none,,,2026-09-25T02:02:15,geometric_mean_iterations=12,stocfor1,117,111,447,r2hpdhg,cpu,fp64,1e-8,60.0,Optimal,15936,0.008541,0.006805,-41131.976203838858,-41131.976219,-41131.976219436394,3.79e-10,3.69e-10,PASS,3.58e-08,8.80e-09,1.07e-09,
4f0db8c,macbook-air-m4,Apple M4,none,,,2026-09-25T02:02:15,geometric_mean_iterations=12,stocfor2,2157,2031,8343,r2hpdhg,cpu,fp64,1e-8,60.0,Optimal,27712,0.286388,0.215348,-39024.408549957378,-39024.408538,-39024.40853788211,3.09e-10,3.06e-10,PASS,3.33e-07,6.45e-10,1.56e-10,
4f0db8c,macbook-air-m4,Apple M4,none,,,2026-09-25T02:02:15,geometric_mean_iterations=12,tuff,333,587,4520,r2hpdhg,cpu,fp64,1e-8,60.0,Optimal,973952,4.642614,0.921950,0.29214776509462681,0.29214776509,0.29214776509361273,7.85e-13,3.58e-12,PASS,3.23e-09,6.00e-13,6.62e-12,
4f0db8c,macbook-air-m4,Apple M4,none,,,2026-09-25T02:02:15,geometric_mean_iterations=12,vtp.base,198,203,908,r2hpdhg,cpu,fp64,1e-8,60.0,Optimal,5248,0.005653,0.004220,129831.4622622735,129831.46246,129831.46246136137,1.53e-09,1.52e-09,PASS,3.99e-07,9.32e-09,1.09e-09,
4f0db8c,macbook-air-m4,Apple M4,none,,,2026-09-25T02:02:15,geometric_mean_iterations=12,wood1p,244,2594,70215,r2hpdhg,cpu,fp64,1e-8,60.0,Optimal,17344,1.459500,0.859381,1.4429024092196281,1.4429024116,1.4429024115734075,9.64e-10,9.74e-10,PASS,4.68e-09,7.09e-09,5.88e-10,
4f0db8c,macbook-air-m4,Apple M4,none,,,2026-09-25T02:02:15,geometric_mean_iterations=12,woodw,1098,8405,37474,r2hpdhg,cpu,fp64,1e-8,60.0,Optimal,108224,5.125585,1.413485,1.3044763331332736,1.3044763331,1.3044763330842293,2.13e-11,1.44e-11,PASS,1.48e-08,6.37e-10,1.09e-11,
