git_hash,machine,cpu,gpu,driver,cuda,date,instance,family,rows,cols,nnz,engine,backend,precision,tolerance,status,iterations,seconds,setup_seconds,ms_per_iteration,iterations_to_1e-4,seconds_to_1e-4,seconds_to_1e-8,objective,known_optimum,rel_err_known,verify,verify_primal_rel,verify_dual_rel,verify_gap_rel,message
62a13f2,macbook-air-m4,Apple M4,none,,,2026-09-24T22:24:38,rand-10000-s1,random,10000,15000,60024,r2hpdhg,cpu,fp64,1e-8,Optimal,1472,0.1916,0.0225,0.1148,384,0.063674,0.1916,-13805.501063944113,-13805.501052078082,8.59e-10,PASS,3.47e-07,6.98e-08,8.08e-09,
62a13f2,macbook-air-m4,Apple M4,none,,,2026-09-24T22:24:38,rand-10000-s1,random,10000,15000,60024,r2hpdhg,cpu,mixed,1e-8,Optimal,1664,0.2037,0.0246,0.1076,384,0.063522,0.2037,-13805.50106347569,-13805.501052078082,8.26e-10,PASS,4.52e-07,6.13e-08,6.27e-09,fp32 -> fp64 at iteration 1152
62a13f2,macbook-air-m4,Apple M4,none,,,2026-09-24T22:24:38,rand-10000-s1,random,10000,15000,60024,highs,cpu,fp64,HiGHS default,Optimal,57659,46.3549,,,,,46.3549,-13805.50105207817,-13805.501052078082,6.46e-15,reference,,,,
62a13f2,macbook-air-m4,Apple M4,none,,,2026-09-24T22:24:38,rand-100000-s1,random,100000,150000,600228,r2hpdhg,cpu,fp64,1e-8,Optimal,2944,6.7754,0.2066,2.2313,512,1.354227,6.7754,-109311.46885526432,-109311.46887857676,2.13e-10,PASS,3.29e-07,1.87e-08,7.79e-10,
62a13f2,macbook-air-m4,Apple M4,none,,,2026-09-24T22:24:38,rand-100000-s1,random,100000,150000,600228,r2hpdhg,cpu,mixed,1e-8,Optimal,3008,4.0398,0.1064,1.3076,512,0.716573,4.0398,-109311.46884693472,-109311.46887857676,2.89e-10,PASS,4.48e-07,3.61e-08,2.20e-09,fp32 -> fp64 at iteration 1984
62a13f2,macbook-air-m4,Apple M4,none,,,2026-09-24T22:24:38,rand-100000-s1,random,100000,150000,600228,highs,cpu,fp64,HiGHS default,TimeLimit,109027,600.0283,,,,,,,-109311.46887857676,,reference,,,,
62a13f2,macbook-air-m4,Apple M4,none,,,2026-09-24T22:24:38,rand-1000000-s1,random,1000000,1500000,6002453,r2hpdhg,cpu,fp64,1e-8,Optimal,18048,293.8166,2.6237,16.1344,448,9.733727,293.8166,-1138593.9295441855,-1138593.9295595926,1.35e-11,skipped,,,,
62a13f2,macbook-air-m4,Apple M4,none,,,2026-09-24T22:24:38,rand-1000000-s1,random,1000000,1500000,6002453,r2hpdhg,cpu,mixed,1e-8,Optimal,20608,326.8421,2.6177,15.7329,448,9.084791,326.8421,-1138593.9295654213,-1138593.9295595926,5.12e-12,skipped,,,,fp32 -> fp64 at iteration 2560
62a13f2,macbook-air-m4,Apple M4,none,,,2026-09-24T22:24:38,rand-1000000-s1,random,1000000,1500000,6002453,highs,cpu,fp64,HiGHS default,TimeLimit,371692,600.1188,,,,,,,-1138593.9295595926,,reference,,,,
62a13f2,macbook-air-m4,Apple M4,none,,,2026-09-24T22:24:38,refinery-T12-s1,refinery,588,708,2065,r2hpdhg,cpu,fp64,1e-8,Optimal,960,0.0041,0.0015,0.0027,512,0.002804,0.0041,12118.440545437385,12118.440547364009,1.59e-10,PASS,3.46e-07,6.68e-11,8.29e-10,
62a13f2,macbook-air-m4,Apple M4,none,,,2026-09-24T22:24:38,refinery-T12-s1,refinery,588,708,2065,r2hpdhg,cpu,mixed,1e-8,Optimal,1920,0.0060,0.0015,0.0024,512,0.002603,0.0060,12118.440555012596,12118.440547364009,6.31e-10,PASS,7.63e-07,1.52e-11,1.63e-10,fp32 -> fp64 at iteration 1664
62a13f2,macbook-air-m4,Apple M4,none,,,2026-09-24T22:24:38,refinery-T12-s1,refinery,588,708,2065,highs,cpu,fp64,HiGHS default,Optimal,540,0.0073,,,,,0.0073,12118.440547364,12118.440547364009,7.50e-16,reference,,,,
62a13f2,macbook-air-m4,Apple M4,none,,,2026-09-24T22:24:38,refinery-T365-s1,refinery,17885,21535,63134,r2hpdhg,cpu,fp64,1e-8,Optimal,1728,0.2001,0.0435,0.0906,640,0.100253,0.2001,843641.4506918228,843641.450693402,1.87e-12,PASS,4.81e-07,1.48e-08,4.15e-09,
62a13f2,macbook-air-m4,Apple M4,none,,,2026-09-24T22:24:38,refinery-T365-s1,refinery,17885,21535,63134,r2hpdhg,cpu,mixed,1e-8,Optimal,2176,0.2218,0.0437,0.0818,640,0.089902,0.2218,843641.4506636172,843641.450693402,3.53e-11,PASS,5.01e-07,1.70e-09,6.72e-10,fp32 -> fp64 at iteration 1536
62a13f2,macbook-air-m4,Apple M4,none,,,2026-09-24T22:24:38,refinery-T365-s1,refinery,17885,21535,63134,highs,cpu,fp64,HiGHS default,Optimal,31115,3.3752,,,,,3.3752,843641.4506934031,843641.450693402,1.38e-15,reference,,,,
62a13f2,macbook-air-m4,Apple M4,none,,,2026-09-24T22:24:38,refinery-T8760-s1,refinery,429240,516840,1515469,r2hpdhg,cpu,fp64,1e-8,Optimal,2752,7.3758,1.1368,2.2671,640,2.539421,7.3758,21158525.625115562,21158525.625104126,5.41e-13,PASS,6.29e-07,7.83e-09,5.83e-11,
62a13f2,macbook-air-m4,Apple M4,none,,,2026-09-24T22:24:38,refinery-T8760-s1,refinery,429240,516840,1515469,r2hpdhg,cpu,mixed,1e-8,Optimal,2688,6.9031,1.1191,2.1518,640,2.421166,6.9031,21158525.62511701,21158525.625104126,6.09e-13,PASS,4.84e-07,3.80e-09,3.53e-11,fp32 -> fp64 at iteration 1984
62a13f2,macbook-air-m4,Apple M4,none,,,2026-09-24T22:24:38,refinery-T8760-s1,refinery,429240,516840,1515469,highs,cpu,fp64,HiGHS default,TimeLimit,,630.0239,,,,,,,21158525.625104126,,reference,,,,
