git_hash,machine,cpu,cpu_cores,gpu,driver,cuda,date,instance,family,rows,cols,nnz,engine,backend,threads,precision,tolerance,status,iterations,seconds,setup_seconds,ms_per_iteration,iterations_to_1e-4,seconds_to_1e-4,seconds_to_1e-8,objective,known_optimum,rel_err_known,verify,verify_primal_rel,verify_dual_rel,verify_gap_rel,message
f440782,macbook-air-m4,Apple M4,10,none,,,2026-09-27T13:45:45,rand-10000-s1,random,10000,15000,60024,r2hpdhg,cpu,1,fp64,1e-8,Optimal,1536,0.3124,0.0315,0.1828,384,0.093067,0.3124,-13805.50106083079,-13805.501052078082,6.34e-10,PASS,2.84e-07,1.28e-08,2.13e-09,"presolve removed 197 rows, 65 cols"
f440782,macbook-air-m4,Apple M4,10,none,,,2026-09-27T13:45:45,rand-10000-s1,random,10000,15000,60024,r2hpdhg,cpu,1,mixed,1e-8,Optimal,1536,0.3005,0.0316,0.1751,384,0.092119,0.3005,-13805.501054624876,-13805.501052078082,1.84e-10,PASS,1.69e-07,6.16e-08,6.22e-09,"fp32 -> fp64 at iteration 1088; presolve removed 197 rows, 65 cols"
f440782,macbook-air-m4,Apple M4,10,none,,,2026-09-27T13:45:45,rand-10000-s1,random,10000,15000,60024,r2hpdhg,cpu,10,fp64,1e-8,Optimal,1536,0.3139,0.0307,0.1844,384,0.088641,0.3139,-13805.50106083079,-13805.501052078082,6.34e-10,PASS,2.84e-07,1.28e-08,2.13e-09,"presolve removed 197 rows, 65 cols"
f440782,macbook-air-m4,Apple M4,10,none,,,2026-09-27T13:45:45,rand-10000-s1,random,10000,15000,60024,r2hpdhg,cpu,10,mixed,1e-8,Optimal,1536,0.2663,0.0304,0.1536,384,0.075538,0.2663,-13805.501054624876,-13805.501052078082,1.84e-10,PASS,1.69e-07,6.16e-08,6.22e-09,"fp32 -> fp64 at iteration 1088; presolve removed 197 rows, 65 cols"
f440782,macbook-air-m4,Apple M4,10,none,,,2026-09-27T13:45:45,rand-100000-s1,random,100000,150000,600228,r2hpdhg,cpu,1,fp64,1e-8,Optimal,2496,7.5510,0.2765,2.9145,448,1.493837,7.5510,-109311.46890526061,-109311.46887857676,2.44e-10,PASS,9.09e-07,8.03e-09,2.39e-10,"presolve removed 1752 rows, 530 cols"
f440782,macbook-air-m4,Apple M4,10,none,,,2026-09-27T13:45:45,rand-100000-s1,random,100000,150000,600228,r2hpdhg,cpu,1,mixed,1e-8,Optimal,2944,8.3271,0.2766,2.7345,448,1.364581,8.3271,-109311.46888419251,-109311.46887857676,5.14e-11,PASS,4.05e-07,4.07e-09,2.31e-10,"fp32 -> fp64 at iteration 1664; presolve removed 1752 rows, 530 cols"
f440782,macbook-air-m4,Apple M4,10,none,,,2026-09-27T13:45:45,rand-100000-s1,random,100000,150000,600228,r2hpdhg,cpu,10,fp64,1e-8,Optimal,2496,3.4696,0.1309,1.3376,448,0.595324,3.4696,-109311.46890526061,-109311.46887857676,2.44e-10,PASS,9.09e-07,8.03e-09,2.39e-10,"presolve removed 1752 rows, 530 cols"
f440782,macbook-air-m4,Apple M4,10,none,,,2026-09-27T13:45:45,rand-100000-s1,random,100000,150000,600228,r2hpdhg,cpu,10,mixed,1e-8,Optimal,2944,3.5183,0.1312,1.1505,448,0.469403,3.5183,-109311.46888419251,-109311.46887857676,5.14e-11,PASS,4.05e-07,4.07e-09,2.31e-10,"fp32 -> fp64 at iteration 1664; presolve removed 1752 rows, 530 cols"
f440782,macbook-air-m4,Apple M4,10,none,,,2026-09-27T13:45:45,rand-1000000-s1,random,1000000,1500000,6002453,r2hpdhg,cpu,1,fp64,1e-8,TimeLimit,16730,605.0193,5.3543,35.8437,448,21.153394,,-1138593.9294852812,-1138593.9295595926,6.53e-11,skipped,,,,"presolve removed 17411 rows, 5089 cols"
f440782,macbook-air-m4,Apple M4,10,none,,,2026-09-27T13:45:45,rand-1000000-s1,random,1000000,1500000,6002453,r2hpdhg,cpu,1,mixed,1e-8,Optimal,16576,570.2194,5.2261,34.0850,448,18.073781,570.2194,-1138593.9295456407,-1138593.9295595926,1.23e-11,skipped,,,,"fp32 -> fp64 at iteration 2560; presolve removed 17411 rows, 5089 cols"
f440782,macbook-air-m4,Apple M4,10,none,,,2026-09-27T13:45:45,rand-1000000-s1,random,1000000,1500000,6002453,r2hpdhg,cpu,10,fp64,1e-8,Optimal,17600,403.1211,3.1551,22.7253,448,12.795206,403.1211,-1138593.929543437,-1138593.9295595926,1.42e-11,skipped,,,,"presolve removed 17411 rows, 5089 cols"
f440782,macbook-air-m4,Apple M4,10,none,,,2026-09-27T13:45:45,rand-1000000-s1,random,1000000,1500000,6002453,r2hpdhg,cpu,10,mixed,1e-8,Optimal,16576,379.9418,3.4111,22.7154,448,9.899085,379.9418,-1138593.9295456407,-1138593.9295595926,1.23e-11,skipped,,,,"fp32 -> fp64 at iteration 2560; presolve removed 17411 rows, 5089 cols"
f440782,macbook-air-m4,Apple M4,10,none,,,2026-09-27T13:45:45,refinery-T12-s1,refinery,588,708,2065,r2hpdhg,cpu,1,fp64,1e-8,Optimal,1088,0.0085,0.0018,0.0062,640,0.004887,0.0085,12118.440546976297,12118.440547364009,3.20e-11,PASS,1.05e-07,2.57e-10,4.97e-09,"presolve removed 84 rows, 0 cols"
f440782,macbook-air-m4,Apple M4,10,none,,,2026-09-27T13:45:45,refinery-T12-s1,refinery,588,708,2065,r2hpdhg,cpu,1,mixed,1e-8,Optimal,2240,0.0132,0.0018,0.0051,640,0.004498,0.0132,12118.440552010821,12118.440547364009,3.83e-10,PASS,3.40e-07,1.00e-09,5.02e-09,"fp32 -> fp64 at iteration 1920; presolve removed 84 rows, 0 cols"
f440782,macbook-air-m4,Apple M4,10,none,,,2026-09-27T13:45:45,refinery-T12-s1,refinery,588,708,2065,r2hpdhg,cpu,10,fp64,1e-8,Optimal,1088,0.0086,0.0018,0.0063,640,0.005006,0.0086,12118.440546976297,12118.440547364009,3.20e-11,PASS,1.05e-07,2.57e-10,4.97e-09,"presolve removed 84 rows, 0 cols"
f440782,macbook-air-m4,Apple M4,10,none,,,2026-09-27T13:45:45,refinery-T12-s1,refinery,588,708,2065,r2hpdhg,cpu,10,mixed,1e-8,Optimal,2240,0.0133,0.0018,0.0051,640,0.004703,0.0133,12118.440552010821,12118.440547364009,3.83e-10,PASS,3.40e-07,1.00e-09,5.02e-09,"fp32 -> fp64 at iteration 1920; presolve removed 84 rows, 0 cols"
f440782,macbook-air-m4,Apple M4,10,none,,,2026-09-27T13:45:45,refinery-T365-s1,refinery,17885,21535,63134,r2hpdhg,cpu,1,fp64,1e-8,Optimal,1984,0.4790,0.1017,0.1902,640,0.212366,0.4790,843641.4507003333,843641.450693402,8.22e-12,PASS,4.40e-07,3.52e-09,5.31e-10,"presolve removed 2555 rows, 0 cols"
f440782,macbook-air-m4,Apple M4,10,none,,,2026-09-27T13:45:45,refinery-T365-s1,refinery,17885,21535,63134,r2hpdhg,cpu,1,mixed,1e-8,Optimal,2304,0.4731,0.1012,0.1614,640,0.191985,0.4731,843641.4506960836,843641.450693402,3.18e-12,PASS,2.61e-07,2.32e-09,1.53e-09,"fp32 -> fp64 at iteration 1984; presolve removed 2555 rows, 0 cols"
f440782,macbook-air-m4,Apple M4,10,none,,,2026-09-27T13:45:45,refinery-T365-s1,refinery,17885,21535,63134,r2hpdhg,cpu,10,fp64,1e-8,Optimal,1984,0.4392,0.0832,0.1795,640,0.174513,0.4392,843641.4507003333,843641.450693402,8.22e-12,PASS,4.40e-07,3.52e-09,5.31e-10,"presolve removed 2555 rows, 0 cols"
f440782,macbook-air-m4,Apple M4,10,none,,,2026-09-27T13:45:45,refinery-T365-s1,refinery,17885,21535,63134,r2hpdhg,cpu,10,mixed,1e-8,Optimal,2304,0.3806,0.0835,0.1289,640,0.153417,0.3806,843641.4506960836,843641.450693402,3.18e-12,PASS,2.61e-07,2.32e-09,1.53e-09,"fp32 -> fp64 at iteration 1984; presolve removed 2555 rows, 0 cols"
f440782,macbook-air-m4,Apple M4,10,none,,,2026-09-27T13:45:45,refinery-T8760-s1,refinery,429240,516840,1515469,r2hpdhg,cpu,1,fp64,1e-8,Optimal,2880,15.1724,1.7305,4.6674,704,4.770362,15.1724,21158525.62510098,21158525.625104126,1.49e-13,PASS,5.06e-07,3.56e-09,1.85e-11,"presolve removed 61320 rows, 0 cols"
f440782,macbook-air-m4,Apple M4,10,none,,,2026-09-27T13:45:45,refinery-T8760-s1,refinery,429240,516840,1515469,r2hpdhg,cpu,1,mixed,1e-8,Optimal,3136,15.3164,1.7298,4.3324,704,4.442098,15.3164,21158525.625106663,21158525.625104126,1.20e-13,PASS,3.81e-07,6.44e-09,4.59e-11,"fp32 -> fp64 at iteration 2304; presolve removed 61320 rows, 0 cols"
f440782,macbook-air-m4,Apple M4,10,none,,,2026-09-27T13:45:45,refinery-T8760-s1,refinery,429240,516840,1515469,r2hpdhg,cpu,10,fp64,1e-8,Optimal,2880,12.4862,1.3348,3.8720,704,3.787560,12.4862,21158525.62510098,21158525.625104126,1.49e-13,PASS,5.06e-07,3.56e-09,1.85e-11,"presolve removed 61320 rows, 0 cols"
f440782,macbook-air-m4,Apple M4,10,none,,,2026-09-27T13:45:45,refinery-T8760-s1,refinery,429240,516840,1515469,r2hpdhg,cpu,10,mixed,1e-8,Optimal,3136,10.9612,1.3489,3.0652,704,2.965106,10.9612,21158525.625106663,21158525.625104126,1.20e-13,PASS,3.81e-07,6.44e-09,4.59e-11,"fp32 -> fp64 at iteration 2304; presolve removed 61320 rows, 0 cols"
