git_hash,machine,cpu,gpu,driver,cuda,date,instance,family,rows,cols,nnz,engine,backend,threads,precision,tolerance,status,iterations,seconds,setup_seconds,ms_per_iteration,iterations_to_1e-4,seconds_to_1e-4,seconds_to_1e-8,objective,known_optimum,rel_err_known,verify,verify_primal_rel,verify_dual_rel,verify_gap_rel,message
ea97521,macbook-air-m4,Apple M4,none,,,2026-09-25T02:53:13,rand-10000-s1,random,10000,15000,60024,r2hpdhg,cpu,1,fp64,1e-8,Optimal,1472,0.1601,0.0082,0.1032,384,0.039044,0.1601,-13805.50106398173,-13805.501052078082,8.62e-10,PASS,3.48e-07,6.99e-08,8.07e-09,
ea97521,macbook-air-m4,Apple M4,none,,,2026-09-25T02:53:13,rand-10000-s1,random,10000,15000,60024,r2hpdhg,cpu,1,mixed,1e-8,Optimal,1536,0.1538,0.0085,0.0946,384,0.038567,0.1538,-13805.501050543699,-13805.501052078082,1.11e-10,PASS,4.72e-07,1.02e-07,8.01e-09,fp32 -> fp64 at iteration 1088
ea97521,macbook-air-m4,Apple M4,none,,,2026-09-25T02:53:13,rand-10000-s1,random,10000,15000,60024,r2hpdhg,cpu,10,fp64,1e-8,Optimal,1472,0.1925,0.0091,0.1246,384,0.048599,0.1925,-13805.50106398173,-13805.501052078082,8.62e-10,PASS,3.48e-07,6.99e-08,8.07e-09,
ea97521,macbook-air-m4,Apple M4,none,,,2026-09-25T02:53:13,rand-10000-s1,random,10000,15000,60024,r2hpdhg,cpu,10,mixed,1e-8,Optimal,1536,0.1807,0.0098,0.1113,384,0.043093,0.1807,-13805.501050543699,-13805.501052078082,1.11e-10,PASS,4.72e-07,1.02e-07,8.01e-09,fp32 -> fp64 at iteration 1088
ea97521,macbook-air-m4,Apple M4,none,,,2026-09-25T02:53:13,rand-100000-s1,random,100000,150000,600228,r2hpdhg,cpu,1,fp64,1e-8,Optimal,2944,4.6015,0.0766,1.5370,512,0.794747,4.6015,-109311.46885506804,-109311.46887857676,2.15e-10,PASS,3.30e-07,1.87e-08,7.81e-10,
ea97521,macbook-air-m4,Apple M4,none,,,2026-09-25T02:53:13,rand-100000-s1,random,100000,150000,600228,r2hpdhg,cpu,1,mixed,1e-8,Optimal,2880,4.2608,0.0767,1.4528,512,0.715623,4.2608,-109311.46880805273,-109311.46887857676,6.45e-10,PASS,5.09e-07,2.29e-08,1.10e-09,fp32 -> fp64 at iteration 1984
ea97521,macbook-air-m4,Apple M4,none,,,2026-09-25T02:53:13,rand-100000-s1,random,100000,150000,600228,r2hpdhg,cpu,10,fp64,1e-8,Optimal,2944,1.9327,0.0489,0.6399,512,0.308729,1.9327,-109311.46885506804,-109311.46887857676,2.15e-10,PASS,3.30e-07,1.87e-08,7.81e-10,
ea97521,macbook-air-m4,Apple M4,none,,,2026-09-25T02:53:13,rand-100000-s1,random,100000,150000,600228,r2hpdhg,cpu,10,mixed,1e-8,Optimal,2880,1.6789,0.0477,0.5664,512,0.248687,1.6789,-109311.46880805273,-109311.46887857676,6.45e-10,PASS,5.09e-07,2.29e-08,1.10e-09,fp32 -> fp64 at iteration 1984
ea97521,macbook-air-m4,Apple M4,none,,,2026-09-25T02:53:13,rand-1000000-s1,random,1000000,1500000,6002453,r2hpdhg,cpu,1,fp64,1e-8,Optimal,17856,324.8322,1.3385,18.1168,448,9.270116,324.8322,-1138593.9295435632,-1138593.9295595926,1.41e-11,skipped,,,,
ea97521,macbook-air-m4,Apple M4,none,,,2026-09-25T02:53:13,rand-1000000-s1,random,1000000,1500000,6002453,r2hpdhg,cpu,1,mixed,1e-8,Optimal,17152,300.5251,1.2913,17.4460,448,8.037883,300.5251,-1138593.9295414728,-1138593.9295595926,1.59e-11,skipped,,,,fp32 -> fp64 at iteration 2560
ea97521,macbook-air-m4,Apple M4,none,,,2026-09-25T02:53:13,rand-1000000-s1,random,1000000,1500000,6002453,r2hpdhg,cpu,10,fp64,1e-8,Optimal,17856,161.8113,0.7739,9.0187,448,3.972691,161.8113,-1138593.9295435632,-1138593.9295595926,1.41e-11,skipped,,,,
ea97521,macbook-air-m4,Apple M4,none,,,2026-09-25T02:53:13,rand-1000000-s1,random,1000000,1500000,6002453,r2hpdhg,cpu,10,mixed,1e-8,Optimal,17152,170.1948,0.7763,9.8775,448,3.187723,170.1948,-1138593.9295414728,-1138593.9295595926,1.59e-11,skipped,,,,fp32 -> fp64 at iteration 2560
ea97521,macbook-air-m4,Apple M4,none,,,2026-09-25T02:53:13,refinery-T12-s1,refinery,588,708,2065,r2hpdhg,cpu,1,fp64,1e-8,Optimal,960,0.0053,0.0010,0.0044,512,0.002351,0.0053,12118.440545288187,12118.440547364009,1.71e-10,PASS,3.50e-07,6.49e-11,8.33e-10,
ea97521,macbook-air-m4,Apple M4,none,,,2026-09-25T02:53:13,refinery-T12-s1,refinery,588,708,2065,r2hpdhg,cpu,1,mixed,1e-8,Optimal,1664,0.0068,0.0010,0.0035,512,0.002212,0.0068,12118.440554818777,12118.440547364009,6.15e-10,PASS,8.56e-07,1.13e-10,9.91e-10,fp32 -> fp64 at iteration 1408
ea97521,macbook-air-m4,Apple M4,none,,,2026-09-25T02:53:13,refinery-T12-s1,refinery,588,708,2065,r2hpdhg,cpu,10,fp64,1e-8,Optimal,960,0.0053,0.0010,0.0044,512,0.002362,0.0053,12118.440545288187,12118.440547364009,1.71e-10,PASS,3.50e-07,6.49e-11,8.33e-10,
ea97521,macbook-air-m4,Apple M4,none,,,2026-09-25T02:53:13,refinery-T12-s1,refinery,588,708,2065,r2hpdhg,cpu,10,mixed,1e-8,Optimal,1664,0.0067,0.0010,0.0034,512,0.002178,0.0067,12118.440554818777,12118.440547364009,6.15e-10,PASS,8.56e-07,1.13e-10,9.91e-10,fp32 -> fp64 at iteration 1408
ea97521,macbook-air-m4,Apple M4,none,,,2026-09-25T02:53:13,refinery-T365-s1,refinery,17885,21535,63134,r2hpdhg,cpu,1,fp64,1e-8,Optimal,1728,0.2696,0.0534,0.1251,640,0.113447,0.2696,843641.450691986,843641.450693402,1.68e-12,PASS,4.19e-07,1.54e-08,4.09e-09,
ea97521,macbook-air-m4,Apple M4,none,,,2026-09-25T02:53:13,refinery-T365-s1,refinery,17885,21535,63134,r2hpdhg,cpu,1,mixed,1e-8,Optimal,2432,0.2958,0.0530,0.0999,640,0.101790,0.2958,843641.4506518802,843641.450693402,4.92e-11,PASS,9.31e-07,1.07e-09,8.69e-10,fp32 -> fp64 at iteration 2176
ea97521,macbook-air-m4,Apple M4,none,,,2026-09-25T02:53:13,refinery-T365-s1,refinery,17885,21535,63134,r2hpdhg,cpu,10,fp64,1e-8,Optimal,1728,0.3022,0.0639,0.1379,640,0.134084,0.3022,843641.450691986,843641.450693402,1.68e-12,PASS,4.19e-07,1.54e-08,4.09e-09,
ea97521,macbook-air-m4,Apple M4,none,,,2026-09-25T02:53:13,refinery-T365-s1,refinery,17885,21535,63134,r2hpdhg,cpu,10,mixed,1e-8,Optimal,2432,0.3314,0.0630,0.1104,640,0.118060,0.3314,843641.4506518802,843641.450693402,4.92e-11,PASS,9.31e-07,1.07e-09,8.69e-10,fp32 -> fp64 at iteration 2176
ea97521,macbook-air-m4,Apple M4,none,,,2026-09-25T02:53:13,refinery-T8760-s1,refinery,429240,516840,1515469,r2hpdhg,cpu,1,fp64,1e-8,Optimal,3008,9.2242,0.9126,2.7631,640,2.465084,9.2242,21158525.62510076,21158525.625104126,1.59e-13,PASS,2.48e-07,2.68e-08,3.06e-11,
ea97521,macbook-air-m4,Apple M4,none,,,2026-09-25T02:53:13,refinery-T8760-s1,refinery,429240,516840,1515469,r2hpdhg,cpu,1,mixed,1e-8,Optimal,2688,8.1031,0.9014,2.6792,640,2.273629,8.1031,21158525.625117008,21158525.625104126,6.09e-13,PASS,4.99e-07,3.80e-09,3.61e-11,fp32 -> fp64 at iteration 1984
ea97521,macbook-air-m4,Apple M4,none,,,2026-09-25T02:53:13,refinery-T8760-s1,refinery,429240,516840,1515469,r2hpdhg,cpu,10,fp64,1e-8,Optimal,3008,7.3347,0.6498,2.2224,640,1.650720,7.3347,21158525.62510076,21158525.625104126,1.59e-13,PASS,2.48e-07,2.68e-08,3.06e-11,
ea97521,macbook-air-m4,Apple M4,none,,,2026-09-25T02:53:13,refinery-T8760-s1,refinery,429240,516840,1515469,r2hpdhg,cpu,10,mixed,1e-8,Optimal,2688,5.0101,0.6517,1.6214,640,1.267670,5.0101,21158525.625117008,21158525.625104126,6.09e-13,PASS,4.99e-07,3.80e-09,3.61e-11,fp32 -> fp64 at iteration 1984
