job,model,backend,algorithm_requested,engine,precision,time_limit_s,rows,cols,nnz,status,objective,known_optimum,rel_err_vs_known,iterations,solve_seconds,setup_seconds,wall_seconds,primal_residual,dual_residual,gap,in_process_check,verify_py,certificate,solution_sha256,exit_code,note
011a795b8857,bench/generated/rand-100000-s1.lpm,gpu,auto,r2hpdhg,fp64,60.0,100000,150000,600228,Optimal,-109311.46890526041,-109311.46887857676,2.4410652881339747e-10,2496.0,3.642856,0.951592,28.159,9.29245e-10,2.44885e-10,2.38692e-10,"PASS  (in-process, original model: primal 9.1e-07  dual 8.3e-09  gap 2.4e-10)",PASS,PASS,eec7a78956ea1466912d74373d76fdfae0d52644afa097c505fc8365c9cabdbe,0,
5add6b72ff2c,bench/generated/rand-1000000-s1.lpm,gpu,auto,,fp64,60.0,,,,no answer,,-1138593.9295595926,,,,,16.177,,,,,,NOT CERTIFIED,,-15,solver killed (exit -15) before finishing; solution file incomplete
79107d7f03ce,data/netlib_small/afiro.mps,gpu,auto,r2hpdhg,fp64,60.0,27,32,83,Optimal,-464.7531418778717,,,448.0,1.314493,1.205631,1.559,1.37716e-09,8.50044e-11,1.11355e-09,"PASS  (in-process, original model: primal 9.8e-07  dual 9.2e-11  gap 1.1e-09)",PASS,PASS,428f738f1563b5c550cb34511cbf2955044408fc8f11f9afecf39306fc1d056b,0,
79164cec9c25,bench/generated/rand-10000-s1.lpm,gpu,auto,r2hpdhg,fp64,60.0,10000,15000,60024,Optimal,-13805.501060830775,-13805.501052078082,6.340004042227937e-10,1536.0,1.636285,1.326954,3.883,1.97758e-09,1.19378e-09,2.12716e-09,"PASS  (in-process, original model: primal 2.8e-07  dual 1.3e-08  gap 2.1e-09)",PASS,PASS,c669101b401ed185a1c736c0cde63920a419f294b68126882c87ac4247aeb266,0,
87c96fd0ba7f,data/netlib_small/afiro.mps,gpu,auto,r2hpdhg,mixed,60.0,27,32,83,Optimal,-464.7531420496509,,,448.0,1.083313,1.032812,1.224,1.14286e-09,8.64043e-11,9.57507e-10,"PASS  (in-process, original model: primal 8.3e-07  dual 9.4e-11  gap 9.6e-10)",PASS,PASS,01d84b5a197ee60503cd037462a014375924efd49269607e75a8a2c389209108,0,
88ba50749630,data/netlib_small/afiro.mps,gpu,auto,r2hpdhg,fp64,60.0,27,32,83,Optimal,-464.7531418778717,,,448.0,0.461124,0.403569,0.623,1.37716e-09,8.50044e-11,1.11355e-09,"PASS  (in-process, original model: primal 9.8e-07  dual 9.2e-11  gap 1.1e-09)",PASS,PASS,d7c7d595715993799e3acb44de38cd8ebb1805f444a7373d3dd743d0bd7b2fce,0,
9327035e874f,bench/generated/rand-100000-s1.lpm,gpu,auto,r2hpdhg,mixed,60.0,100000,150000,600228,Optimal,-109311.46888414196,-109311.46887857676,5.091131663753188e-11,2944.0,2.453343,1.22572,11.975,5.29217e-10,1.68817e-10,2.30917e-10,"PASS  (in-process, original model: primal 4.0e-07  dual 4.2e-09  gap 2.3e-10)",PASS,PASS,9ac11ed7bfaf516c7d3cb379ed5ed45039f5239370594e4e253b114e19ad55b2,0,
a4975db61baa,data/netlib_small/afiro.mps,gpu,auto,r2hpdhg,fp64,60.0,27,32,83,Optimal,-464.7531418778717,,,448.0,1.274159,1.190331,1.482,1.37716e-09,8.50044e-11,1.11355e-09,"PASS  (in-process, original model: primal 9.8e-07  dual 9.2e-11  gap 1.1e-09)",PASS,PASS,fbf23ae89ce4d465d45d58481f3887431cd05d7c30c1ae305b85d65cf9049366,0,
a6a56cd12048,data/netlib_small/recipe.mps,gpu,auto,r2hpdhg,mixed,60.0,91,180,663,Optimal,-266.6159999996508,,,1536.0,0.486777,0.397535,0.583,1.6116e-09,0.0,1.3296e-12,"PASS  (in-process, original model: primal 1.0e-09  dual 0.0e+00  gap 1.3e-12)",PASS,PASS,ed4cbcf7b4f727ede30a8e53fd86473b2120883dadc3ada9660e5c4dd79f9d92,0,
b0c1cc04167f,data/netlib_small/afiro.mps,gpu,auto,r2hpdhg,fp64,60.0,27,32,83,Optimal,-464.7531418778717,,,448.0,2.584728,2.487961,2.901,1.37716e-09,8.50044e-11,1.11355e-09,"PASS  (in-process, original model: primal 9.8e-07  dual 9.2e-11  gap 1.1e-09)",PASS,PASS,0035aff035eec3761ab6f9c446af6ff7027a51391fba04e36825785dcf629493,0,
b58cd772ee8f,bench/generated/rand-1000000-s1.lpm,gpu,auto,,fp64,80.0,,,,no answer,,-1138593.9295595926,,,,,109.775,,,,,error,NOT CERTIFIED,028a147d9bcc96370d01a3adccb01b245b14e0866ac86679f84d20ce3cababe9,-15,solver killed (exit -15) before finishing; solution file incomplete
c7f78606e639,bench/generated/rand-1000000-s1.lpm,gpu,auto,r2hpdhg,fp64,300.0,1000000,1500000,6002453,Optimal,-1138593.929543427,-1138593.9295595926,1.4197919029644475e-11,17600.0,87.392358,4.670847,164.777,4.3502e-10,1.19313e-09,6.23468e-10,"PASS  (in-process, original model: primal 9.2e-07  dual 8.2e-08  gap 6.2e-10)",PASS,PASS,61ea7a9c522883623401d455c4842d1c1eb5a262fcd9a4b468ee7db2ce5a25f8,0,
c9bccf631904,bench/generated/rand-10000-s1.lpm,gpu,auto,r2hpdhg,fp64,60.0,10000,15000,60024,Optimal,-13805.501060830775,-13805.501052078082,6.340004042227937e-10,1536.0,1.144861,0.847409,3.526,1.97758e-09,1.19378e-09,2.12716e-09,"PASS  (in-process, original model: primal 2.8e-07  dual 1.3e-08  gap 2.1e-09)",PASS,PASS,7218af553a8e60ed7b95600f9a0eeb5aab7a7d43c49504b7e18ca78a79ab7a1e,0,
dfd49a08fc9c,bench/generated/rand-1000000-s1.lpm,gpu,auto,,mixed,60.0,,,,no answer,,-1138593.9295595926,,,,,120.473,,,,,error,NOT CERTIFIED,ae1a28abe8a34fc939ed0abe2a7f9bb96c14e209e76b23cffeb923624b90e55c,-15,solver killed (exit -15) before finishing; solution file incomplete
f806e00026b7,bench/generated/rand-100000-s1.lpm,gpu,auto,r2hpdhg,mixed,80.0,100000,150000,600228,Optimal,-109311.46888414196,-109311.46887857676,5.091131663753188e-11,2944.0,2.022268,0.741866,11.264,5.29217e-10,1.68817e-10,2.30917e-10,"PASS  (in-process, original model: primal 4.0e-07  dual 4.2e-09  gap 2.3e-10)",PASS,PASS,8839967b71dc7b5b166f1bc305dd5644ec3ab8903577f9c5f6efa43ef17eb1bd,0,
fd2a5bbb36af,bench/generated/refinery-T8760-s1.lpm,gpu,auto,r2hpdhg,fp64,60.0,429240,516840,1515469,Optimal,21158525.62510097,21158525.625104126,1.491276348222261e-13,2880.0,9.300213,4.285256,117.409,2.56459e-11,1.08607e-10,1.84136e-11,"PASS  (in-process, original model: primal 5.1e-07  dual 3.6e-09  gap 1.8e-11)",PASS,PASS,f295ec35bdeee2acff26ae113550d7a1662a8263392dbb5796b4a59c82fa9e92,0,
