git_hash,base_git_hash,machine,cpu,cpu_cores,gpu,driver,cuda,date,instance,rows,cols,nnz,algorithm,threads,binary,binary_git_hash,reps,status,iterations,seconds_min,seconds_all,speedup_vs_base,objective,known_optimum,rel_err_known,check,verify,verify_primal_rel,verify_dual_rel,verify_gap_rel,message
1dcd40e,a239f97,cloud-x86-4c,Intel(R) Xeon(R) Processor @ 2.10GHz,4,none,,,2026-09-30T11:05:01,refinery-T8760-s1.lpm,429240,516840,1515469,r2hpdhg,1,base,a239f97,3,Optimal,2880,38.9029,39.692 45.014 38.903,1.000,21158525.625100967,21158525.625104126,1.49e-13,PASS,PASS,5.06e-07,3.56e-09,1.85e-11,"presolve removed 61320 rows, 0 cols"
1dcd40e,a239f97,cloud-x86-4c,Intel(R) Xeon(R) Processor @ 2.10GHz,4,none,,,2026-09-30T11:05:01,refinery-T8760-s1.lpm,429240,516840,1515469,r2hpdhg,1,new,1dcd40e,3,Optimal,2880,23.1000,24.568 24.152 23.100,1.684,21158525.625100967,21158525.625104126,1.49e-13,PASS,PASS,5.06e-07,3.56e-09,1.85e-11,"presolve removed 61320 rows, 0 cols"
1dcd40e,a239f97,cloud-x86-4c,Intel(R) Xeon(R) Processor @ 2.10GHz,4,none,,,2026-09-30T11:05:01,refinery-T8760-s1.lpm,429240,516840,1515469,r2hpdhg,4,base,a239f97,3,Optimal,2880,12.9764,13.593 13.023 12.976,1.000,21158525.625100967,21158525.625104126,1.49e-13,PASS,PASS,5.06e-07,3.56e-09,1.85e-11,"presolve removed 61320 rows, 0 cols"
1dcd40e,a239f97,cloud-x86-4c,Intel(R) Xeon(R) Processor @ 2.10GHz,4,none,,,2026-09-30T11:05:01,refinery-T8760-s1.lpm,429240,516840,1515469,r2hpdhg,4,new,1dcd40e,3,Optimal,2880,8.7000,8.900 8.700 8.796,1.492,21158525.625100967,21158525.625104126,1.49e-13,PASS,PASS,5.06e-07,3.56e-09,1.85e-11,"presolve removed 61320 rows, 0 cols"
1dcd40e,a239f97,cloud-x86-4c,Intel(R) Xeon(R) Processor @ 2.10GHz,4,none,,,2026-09-30T11:05:01,rand-100000-s1.lpm,100000,150000,600228,r2hpdhg,1,base,a239f97,3,Optimal,2496,13.4564,13.456 13.488 13.904,1.000,-109311.46890526047,-109311.46887857676,2.44e-10,PASS,PASS,9.09e-07,8.03e-09,2.39e-10,"presolve removed 1752 rows, 530 cols"
1dcd40e,a239f97,cloud-x86-4c,Intel(R) Xeon(R) Processor @ 2.10GHz,4,none,,,2026-09-30T11:05:01,rand-100000-s1.lpm,100000,150000,600228,r2hpdhg,1,new,1dcd40e,3,Optimal,2624,10.7530,11.235 13.234 10.753,1.251,-109311.46888798293,-109311.46887857676,8.60e-11,PASS,PASS,3.34e-07,1.25e-07,2.78e-09,"presolve removed 2939 rows, 530 cols"
1dcd40e,a239f97,cloud-x86-4c,Intel(R) Xeon(R) Processor @ 2.10GHz,4,none,,,2026-09-30T11:05:01,rand-100000-s1.lpm,100000,150000,600228,r2hpdhg,4,base,a239f97,3,Optimal,2496,5.7605,6.224 5.933 5.760,1.000,-109311.46890526047,-109311.46887857676,2.44e-10,PASS,PASS,9.09e-07,8.03e-09,2.39e-10,"presolve removed 1752 rows, 530 cols"
1dcd40e,a239f97,cloud-x86-4c,Intel(R) Xeon(R) Processor @ 2.10GHz,4,none,,,2026-09-30T11:05:01,rand-100000-s1.lpm,100000,150000,600228,r2hpdhg,4,new,1dcd40e,3,Optimal,2624,4.5118,5.232 4.713 4.512,1.277,-109311.46888798293,-109311.46887857676,8.60e-11,PASS,PASS,3.34e-07,1.25e-07,2.78e-09,"presolve removed 2939 rows, 530 cols"
1dcd40e,a239f97,cloud-x86-4c,Intel(R) Xeon(R) Processor @ 2.10GHz,4,none,,,2026-09-30T11:05:01,sierra.mps,1227,2036,7302,r2hpdhg,1,base,a239f97,3,Optimal,961216,23.0166,24.467 24.999 23.017,1.000,15394362.190436736,15394362.183631929,4.42e-10,PASS,PASS,9.78e-07,0.00e+00,2.30e-10,"presolve removed 15 rows, 20 cols"
1dcd40e,a239f97,cloud-x86-4c,Intel(R) Xeon(R) Processor @ 2.10GHz,4,none,,,2026-09-30T11:05:01,sierra.mps,1227,2036,7302,r2hpdhg,1,new,1dcd40e,3,Optimal,64704,1.5025,1.505 1.748 1.503,15.319,15394362.186260916,15394362.183631929,1.71e-10,PASS,PASS,8.76e-07,0.00e+00,1.16e-09,"presolve removed 15 rows, 20 cols"
1dcd40e,a239f97,cloud-x86-4c,Intel(R) Xeon(R) Processor @ 2.10GHz,4,none,,,2026-09-30T11:05:01,sierra.mps,1227,2036,7302,r2hpdhg,4,base,a239f97,3,Optimal,961216,23.4688,24.804 24.683 23.469,1.000,15394362.190436736,15394362.183631929,4.42e-10,PASS,PASS,9.78e-07,0.00e+00,2.30e-10,"presolve removed 15 rows, 20 cols"
1dcd40e,a239f97,cloud-x86-4c,Intel(R) Xeon(R) Processor @ 2.10GHz,4,none,,,2026-09-30T11:05:01,sierra.mps,1227,2036,7302,r2hpdhg,4,new,1dcd40e,3,Optimal,64704,1.5071,1.754 1.923 1.507,15.572,15394362.186260916,15394362.183631929,1.71e-10,PASS,PASS,8.76e-07,0.00e+00,1.16e-09,"presolve removed 15 rows, 20 cols"
1dcd40e,a239f97,cloud-x86-4c,Intel(R) Xeon(R) Processor @ 2.10GHz,4,none,,,2026-09-30T11:05:01,osa-07.mps,1118,23949,143694,r2hpdhg,1,base,a239f97,3,Optimal,10368,3.7244,3.724 4.286 3.743,1.000,535722.51720446255,535722.52,5.22e-09,PASS,PASS,6.67e-09,1.47e-07,6.09e-10,
1dcd40e,a239f97,cloud-x86-4c,Intel(R) Xeon(R) Processor @ 2.10GHz,4,none,,,2026-09-30T11:05:01,osa-07.mps,1118,23949,143694,r2hpdhg,1,new,1dcd40e,3,Optimal,7360,1.8991,2.224 2.322 1.899,1.961,535722.52111467056,535722.52,2.08e-09,PASS,PASS,8.41e-09,1.59e-07,4.15e-09,"presolve removed 37 rows, 0 cols"
1dcd40e,a239f97,cloud-x86-4c,Intel(R) Xeon(R) Processor @ 2.10GHz,4,none,,,2026-09-30T11:05:01,osa-07.mps,1118,23949,143694,r2hpdhg,4,base,a239f97,3,Optimal,10368,3.3393,3.384 3.573 3.339,1.000,535722.51720446255,535722.52,5.22e-09,PASS,PASS,6.67e-09,1.47e-07,6.09e-10,
1dcd40e,a239f97,cloud-x86-4c,Intel(R) Xeon(R) Processor @ 2.10GHz,4,none,,,2026-09-30T11:05:01,osa-07.mps,1118,23949,143694,r2hpdhg,4,new,1dcd40e,3,Optimal,7360,1.2192,1.219 1.325 1.261,2.739,535722.52111467056,535722.52,2.08e-09,PASS,PASS,8.41e-09,1.59e-07,4.15e-09,"presolve removed 37 rows, 0 cols"
1dcd40e,a239f97,cloud-x86-4c,Intel(R) Xeon(R) Processor @ 2.10GHz,4,none,,,2026-09-30T11:05:01,osa-14.mps,2337,52460,314760,r2hpdhg,1,base,a239f97,3,Optimal,18368,15.5754,15.575 16.468 15.724,1.000,1106462.8346346223,1106462.8,3.13e-08,PASS,PASS,3.85e-08,3.42e-07,4.51e-09,
1dcd40e,a239f97,cloud-x86-4c,Intel(R) Xeon(R) Processor @ 2.10GHz,4,none,,,2026-09-30T11:05:01,osa-14.mps,2337,52460,314760,r2hpdhg,1,new,1dcd40e,3,Optimal,12928,8.6273,10.207 8.961 8.627,1.805,1106462.8281386502,1106462.8,2.54e-08,PASS,PASS,1.47e-07,3.78e-07,7.37e-09,"presolve removed 37 rows, 0 cols"
1dcd40e,a239f97,cloud-x86-4c,Intel(R) Xeon(R) Processor @ 2.10GHz,4,none,,,2026-09-30T11:05:01,osa-14.mps,2337,52460,314760,r2hpdhg,4,base,a239f97,3,Optimal,18368,11.5745,12.760 11.574 11.626,1.000,1106462.8346346223,1106462.8,3.13e-08,PASS,PASS,3.85e-08,3.42e-07,4.51e-09,
1dcd40e,a239f97,cloud-x86-4c,Intel(R) Xeon(R) Processor @ 2.10GHz,4,none,,,2026-09-30T11:05:01,osa-14.mps,2337,52460,314760,r2hpdhg,4,new,1dcd40e,3,Optimal,12928,3.8048,3.918 4.260 3.805,3.042,1106462.8281386502,1106462.8,2.54e-08,PASS,PASS,1.47e-07,3.78e-07,7.37e-09,"presolve removed 37 rows, 0 cols"
1dcd40e,a239f97,cloud-x86-4c,Intel(R) Xeon(R) Processor @ 2.10GHz,4,none,,,2026-09-30T11:05:01,osa-30.mps,4350,100024,600138,r2hpdhg,1,base,a239f97,3,Optimal,20672,33.6871,33.790 33.687 34.481,1.000,2142139.9013394001,2142139.9,6.25e-10,PASS,PASS,2.15e-08,3.29e-07,6.59e-09,
1dcd40e,a239f97,cloud-x86-4c,Intel(R) Xeon(R) Processor @ 2.10GHz,4,none,,,2026-09-30T11:05:01,osa-30.mps,4350,100024,600138,r2hpdhg,1,new,1dcd40e,3,Optimal,17216,25.4468,26.285 25.799 25.447,1.324,2142139.9035707386,2142139.9,1.67e-09,PASS,PASS,1.66e-07,7.07e-09,7.01e-09,"presolve removed 37 rows, 0 cols"
1dcd40e,a239f97,cloud-x86-4c,Intel(R) Xeon(R) Processor @ 2.10GHz,4,none,,,2026-09-30T11:05:01,osa-30.mps,4350,100024,600138,r2hpdhg,4,base,a239f97,3,Optimal,20672,23.6780,24.539 25.062 23.678,1.000,2142139.9013394001,2142139.9,6.25e-10,PASS,PASS,2.15e-08,3.29e-07,6.59e-09,
1dcd40e,a239f97,cloud-x86-4c,Intel(R) Xeon(R) Processor @ 2.10GHz,4,none,,,2026-09-30T11:05:01,osa-30.mps,4350,100024,600138,r2hpdhg,4,new,1dcd40e,3,Optimal,17216,9.6728,10.393 9.673 10.000,2.448,2142139.9035707386,2142139.9,1.67e-09,PASS,PASS,1.66e-07,7.07e-09,7.01e-09,"presolve removed 37 rows, 0 cols"
1dcd40e,a239f97,cloud-x86-4c,Intel(R) Xeon(R) Processor @ 2.10GHz,4,none,,,2026-09-30T11:05:01,osa-60.mps,10280,232966,1397793,r2hpdhg,1,base,a239f97,3,Optimal,18176,85.0516,93.633 85.052 88.333,1.000,4044072.5625179675,4044072.5,1.55e-08,PASS,PASS,1.54e-07,7.87e-08,7.82e-09,
1dcd40e,a239f97,cloud-x86-4c,Intel(R) Xeon(R) Processor @ 2.10GHz,4,none,,,2026-09-30T11:05:01,osa-60.mps,10280,232966,1397793,r2hpdhg,1,new,1dcd40e,3,Optimal,20160,76.1438,76.144 77.901 76.324,1.117,4044072.4807049329,4044072.5,4.77e-09,PASS,PASS,1.49e-08,1.35e-07,3.07e-09,"presolve removed 37 rows, 0 cols"
1dcd40e,a239f97,cloud-x86-4c,Intel(R) Xeon(R) Processor @ 2.10GHz,4,none,,,2026-09-30T11:05:01,osa-60.mps,10280,232966,1397793,r2hpdhg,4,base,a239f97,3,Optimal,18176,52.7606,53.118 52.761 53.721,1.000,4044072.5625179675,4044072.5,1.55e-08,PASS,PASS,1.54e-07,7.87e-08,7.82e-09,
1dcd40e,a239f97,cloud-x86-4c,Intel(R) Xeon(R) Processor @ 2.10GHz,4,none,,,2026-09-30T11:05:01,osa-60.mps,10280,232966,1397793,r2hpdhg,4,new,1dcd40e,3,Optimal,20160,24.6314,26.668 25.187 24.631,2.142,4044072.4807049329,4044072.5,4.77e-09,PASS,PASS,1.49e-08,1.35e-07,3.07e-09,"presolve removed 37 rows, 0 cols"
1dcd40e,a239f97,cloud-x86-4c,Intel(R) Xeon(R) Processor @ 2.10GHz,4,none,,,2026-09-30T11:05:01,ken-18.mps,105127,154699,358171,r2hpdhg,1,base,a239f97,3,Optimal,24576,59.6355,64.019 60.460 59.635,1.000,-52217025287.206436,-52217025000.0,5.50e-09,PASS,PASS,9.60e-07,0.00e+00,1.49e-09,"presolve removed 26265 rows, 26265 cols"
1dcd40e,a239f97,cloud-x86-4c,Intel(R) Xeon(R) Processor @ 2.10GHz,4,none,,,2026-09-30T11:05:01,ken-18.mps,105127,154699,358171,r2hpdhg,1,new,1dcd40e,3,Optimal,24576,43.7221,46.319 44.272 43.722,1.364,-52217025287.206436,-52217025000.0,5.50e-09,PASS,PASS,9.60e-07,0.00e+00,1.49e-09,"presolve removed 26265 rows, 26265 cols"
1dcd40e,a239f97,cloud-x86-4c,Intel(R) Xeon(R) Processor @ 2.10GHz,4,none,,,2026-09-30T11:05:01,ken-18.mps,105127,154699,358171,r2hpdhg,4,base,a239f97,3,Optimal,24576,26.6277,28.177 27.679 26.628,1.000,-52217025287.206436,-52217025000.0,5.50e-09,PASS,PASS,9.60e-07,0.00e+00,1.49e-09,"presolve removed 26265 rows, 26265 cols"
1dcd40e,a239f97,cloud-x86-4c,Intel(R) Xeon(R) Processor @ 2.10GHz,4,none,,,2026-09-30T11:05:01,ken-18.mps,105127,154699,358171,r2hpdhg,4,new,1dcd40e,3,Optimal,24576,17.4985,20.172 17.499 18.466,1.522,-52217025287.206436,-52217025000.0,5.50e-09,PASS,PASS,9.60e-07,0.00e+00,1.49e-09,"presolve removed 26265 rows, 26265 cols"
1dcd40e,a239f97,cloud-x86-4c,Intel(R) Xeon(R) Processor @ 2.10GHz,4,none,,,2026-09-30T11:05:01,pds-20.mps,33874,105728,230200,r2hpdhg,1,base,a239f97,3,Optimal,26368,30.9356,34.380 30.936 32.631,1.000,23821658635.539364,23821659000.0,1.53e-08,PASS,PASS,8.41e-07,4.70e-09,3.33e-10,"presolve removed 927 rows, 779 cols"
1dcd40e,a239f97,cloud-x86-4c,Intel(R) Xeon(R) Processor @ 2.10GHz,4,none,,,2026-09-30T11:05:01,pds-20.mps,33874,105728,230200,r2hpdhg,1,new,1dcd40e,3,Optimal,26368,31.1388,33.704 32.052 31.139,0.993,23821658635.539364,23821659000.0,1.53e-08,PASS,PASS,8.41e-07,4.70e-09,3.33e-10,"presolve removed 927 rows, 779 cols"
1dcd40e,a239f97,cloud-x86-4c,Intel(R) Xeon(R) Processor @ 2.10GHz,4,none,,,2026-09-30T11:05:01,pds-20.mps,33874,105728,230200,r2hpdhg,4,base,a239f97,3,Optimal,26368,15.6155,18.019 17.153 15.615,1.000,23821658635.539364,23821659000.0,1.53e-08,PASS,PASS,8.41e-07,4.70e-09,3.33e-10,"presolve removed 927 rows, 779 cols"
1dcd40e,a239f97,cloud-x86-4c,Intel(R) Xeon(R) Processor @ 2.10GHz,4,none,,,2026-09-30T11:05:01,pds-20.mps,33874,105728,230200,r2hpdhg,4,new,1dcd40e,3,Optimal,26368,14.0208,14.583 14.715 14.021,1.114,23821658635.539364,23821659000.0,1.53e-08,PASS,PASS,8.41e-07,4.70e-09,3.33e-10,"presolve removed 927 rows, 779 cols"
1dcd40e,a239f97,cloud-x86-4c,Intel(R) Xeon(R) Processor @ 2.10GHz,4,none,,,2026-09-30T11:05:01,cre-d.mps,8926,69980,242646,r2hpdhg,1,base,a239f97,3,Optimal,27968,22.4806,24.124 25.925 22.481,1.000,24454969.754243899,24454970.0,1.00e-08,PASS,PASS,8.73e-07,1.64e-12,2.12e-10,"presolve removed 2470 rows, 20 cols"
1dcd40e,a239f97,cloud-x86-4c,Intel(R) Xeon(R) Processor @ 2.10GHz,4,none,,,2026-09-30T11:05:01,cre-d.mps,8926,69980,242646,r2hpdhg,1,new,1dcd40e,3,Optimal,27968,21.8349,24.309 22.710 21.835,1.030,24454969.754243899,24454970.0,1.00e-08,PASS,PASS,8.73e-07,1.64e-12,2.12e-10,"presolve removed 2470 rows, 20 cols"
1dcd40e,a239f97,cloud-x86-4c,Intel(R) Xeon(R) Processor @ 2.10GHz,4,none,,,2026-09-30T11:05:01,cre-d.mps,8926,69980,242646,r2hpdhg,4,base,a239f97,3,Optimal,27968,15.7004,16.771 15.700 17.133,1.000,24454969.754243899,24454970.0,1.00e-08,PASS,PASS,8.73e-07,1.64e-12,2.12e-10,"presolve removed 2470 rows, 20 cols"
1dcd40e,a239f97,cloud-x86-4c,Intel(R) Xeon(R) Processor @ 2.10GHz,4,none,,,2026-09-30T11:05:01,cre-d.mps,8926,69980,242646,r2hpdhg,4,new,1dcd40e,3,Optimal,27968,8.7133,9.811 8.891 8.713,1.802,24454969.754243899,24454970.0,1.00e-08,PASS,PASS,8.73e-07,1.64e-12,2.12e-10,"presolve removed 2470 rows, 20 cols"
