git_hash,machine,cpu,cpu_cores,gpu,driver,cuda,date,set,instance,rows,cols,nnz,solver,engine,threads,tolerance,time_limit,status,iterations,seconds,objective,reference,reference_kind,rel_err_ref,verify,verify_primal_rel,verify_dual_rel,verify_gap_rel,solved,solver_version,message
1dcd40e,cloud-x86-4c,Intel(R) Xeon(R) Processor @ 2.10GHz,4,none,,,2026-09-30T14:49:54,kennington,cre-a,3516,4067,14987,ps26119,auto,1,1e-8,120,Optimal,4765,1.119462,23595407.060971618,23595407.0,"published optimum (netlib readme, ALPO, 8 digits)",2.58e-09,PASS,9.95e-14,2.25e-16,1.58e-16,yes,ps26119 0.1.0 (git 1dcd40e),"auto: simplex (rows*nnz = 5.3e+07); phase-1 iters 2172, bound flips 0, refactorizations 69, Bland episodes 0, Devex resets 13, tolerance tightenings 0; presolve removed 439 rows, 6 cols"
1dcd40e,cloud-x86-4c,Intel(R) Xeon(R) Processor @ 2.10GHz,4,none,,,2026-09-30T14:49:54,kennington,cre-a,3516,4067,14987,ps26119,simplex,1,1e-8,120,Optimal,4765,1.076954,23595407.060971618,23595407.0,"published optimum (netlib readme, ALPO, 8 digits)",2.58e-09,PASS,9.95e-14,2.25e-16,1.58e-16,yes,ps26119 0.1.0 (git 1dcd40e),"phase-1 iters 2172, bound flips 0, refactorizations 69, Bland episodes 0, Devex resets 13, tolerance tightenings 0; presolve removed 439 rows, 6 cols"
1dcd40e,cloud-x86-4c,Intel(R) Xeon(R) Processor @ 2.10GHz,4,none,,,2026-09-30T14:49:54,kennington,cre-a,3516,4067,14987,ps26119,r2hpdhg,1,1e-8,120,Optimal,59648,3.602065,23595407.099586748,23595407.0,"published optimum (netlib readme, ALPO, 8 digits)",4.22e-09,PASS,5.67e-07,4.33e-12,8.01e-10,yes,ps26119 0.1.0 (git 1dcd40e),"presolve removed 439 rows, 6 cols"
1dcd40e,cloud-x86-4c,Intel(R) Xeon(R) Processor @ 2.10GHz,4,none,,,2026-09-30T14:49:54,kennington,cre-a,3516,4067,14987,ps26119,r2hpdhg,4,1e-8,120,Optimal,59648,3.580629,23595407.099586748,23595407.0,"published optimum (netlib readme, ALPO, 8 digits)",4.22e-09,PASS,5.67e-07,4.33e-12,8.01e-10,yes,ps26119 0.1.0 (git 1dcd40e),"presolve removed 439 rows, 6 cols"
1dcd40e,cloud-x86-4c,Intel(R) Xeon(R) Processor @ 2.10GHz,4,none,,,2026-09-30T14:49:54,kennington,cre-a,3516,4067,14987,highs,simplex,default,HiGHS defaults (1e-7 feasibility),120,Optimal,2302,0.084647,23595407.06097162,23595407.0,"published optimum (netlib readme, ALPO, 8 digits)",2.58e-09,PASS,4.73e-15,1.12e-16,7.89e-17,yes,HiGHS 1.15.1,HiGHS model status kOptimal
1dcd40e,cloud-x86-4c,Intel(R) Xeon(R) Processor @ 2.10GHz,4,none,,,2026-09-30T14:49:54,kennington,cre-a,3516,4067,14987,highs,ipm,default,HiGHS defaults (1e-7 feasibility),120,Optimal,37,0.293102,23595407.060971618,23595407.0,"published optimum (netlib readme, ALPO, 8 digits)",2.58e-09,PASS,7.11e-15,2.25e-16,7.89e-17,yes,HiGHS 1.15.1,HiGHS model status kOptimal
1dcd40e,cloud-x86-4c,Intel(R) Xeon(R) Processor @ 2.10GHz,4,none,,,2026-09-30T14:49:54,kennington,cre-a,3516,4067,14987,highs,pdlp,default,1e-8 (pdlp_optimality_tolerance),120,Optimal,93720,8.048389,23595407.243495163,23595407.0,"published optimum (netlib readme, ALPO, 8 digits)",1.03e-08,FAIL,1.46e-04,1.79e-11,3.83e-09,no,HiGHS 1.15.1,HiGHS model status kOptimal
1dcd40e,cloud-x86-4c,Intel(R) Xeon(R) Processor @ 2.10GHz,4,none,,,2026-09-30T14:49:54,kennington,cre-b,9648,72447,256095,ps26119,auto,1,1e-8,120,Optimal,122368,102.168227,23129639.891939532,23129640.0,"published optimum (netlib readme, ALPO, 8 digits)",4.67e-09,PASS,9.62e-07,2.46e-11,1.52e-10,yes,ps26119 0.1.0 (git 1dcd40e),"auto: r2hpdhg (rows*nnz = 2.5e+09); presolve removed 2412 rows, 4 cols"
1dcd40e,cloud-x86-4c,Intel(R) Xeon(R) Processor @ 2.10GHz,4,none,,,2026-09-30T14:49:54,kennington,cre-b,9648,72447,256095,ps26119,simplex,1,1e-8,120,TimeLimit,65472,120.132392,nan,23129640.0,"published optimum (netlib readme, ALPO, 8 digits)",nan,FAIL,nan,nan,nan,no,ps26119 0.1.0 (git 1dcd40e),"time limit; phase-1 iters 5149, bound flips 0, refactorizations 1038, Bland episodes 0, Devex resets 28, tolerance tightenings 0; presolve removed 2412 rows, 4 cols"
1dcd40e,cloud-x86-4c,Intel(R) Xeon(R) Processor @ 2.10GHz,4,none,,,2026-09-30T14:49:54,kennington,cre-b,9648,72447,256095,ps26119,r2hpdhg,1,1e-8,120,Optimal,122368,104.413932,23129639.891939532,23129640.0,"published optimum (netlib readme, ALPO, 8 digits)",4.67e-09,PASS,9.62e-07,2.46e-11,1.52e-10,yes,ps26119 0.1.0 (git 1dcd40e),"presolve removed 2412 rows, 4 cols"
1dcd40e,cloud-x86-4c,Intel(R) Xeon(R) Processor @ 2.10GHz,4,none,,,2026-09-30T14:49:54,kennington,cre-b,9648,72447,256095,ps26119,r2hpdhg,4,1e-8,120,Optimal,122368,39.893114,23129639.891939532,23129640.0,"published optimum (netlib readme, ALPO, 8 digits)",4.67e-09,PASS,9.62e-07,2.46e-11,1.52e-10,yes,ps26119 0.1.0 (git 1dcd40e),"presolve removed 2412 rows, 4 cols"
1dcd40e,cloud-x86-4c,Intel(R) Xeon(R) Processor @ 2.10GHz,4,none,,,2026-09-30T14:49:54,kennington,cre-b,9648,72447,256095,highs,simplex,default,HiGHS defaults (1e-7 feasibility),120,Optimal,8321,1.608554,23129639.88683238,23129640.0,"published optimum (netlib readme, ALPO, 8 digits)",4.89e-09,PASS,2.84e-14,1.69e-16,8.05e-17,yes,HiGHS 1.15.1,HiGHS model status kOptimal
1dcd40e,cloud-x86-4c,Intel(R) Xeon(R) Processor @ 2.10GHz,4,none,,,2026-09-30T14:49:54,kennington,cre-b,9648,72447,256095,highs,ipm,default,HiGHS defaults (1e-7 feasibility),120,Optimal,52,2.849613,23129639.886832375,23129640.0,"published optimum (netlib readme, ALPO, 8 digits)",4.89e-09,PASS,7.11e-14,2.25e-16,0.00e+00,yes,HiGHS 1.15.1,HiGHS model status kOptimal
1dcd40e,cloud-x86-4c,Intel(R) Xeon(R) Processor @ 2.10GHz,4,none,,,2026-09-30T14:49:54,kennington,cre-b,9648,72447,256095,highs,pdlp,default,1e-8 (pdlp_optimality_tolerance),120,Optimal,73560,48.384948,23129639.504111968,23129640.0,"published optimum (netlib readme, ALPO, 8 digits)",2.14e-08,FAIL,3.49e-04,1.91e-11,8.22e-09,no,HiGHS 1.15.1,HiGHS model status kOptimal
1dcd40e,cloud-x86-4c,Intel(R) Xeon(R) Processor @ 2.10GHz,4,none,,,2026-09-30T14:49:54,kennington,cre-c,3068,3678,13244,ps26119,auto,1,1e-8,120,Optimal,4325,0.798579,25275116.140880216,25275116.0,"published optimum (netlib readme, ALPO, 8 digits)",5.57e-09,PASS,3.38e-14,4.50e-16,7.37e-17,yes,ps26119 0.1.0 (git 1dcd40e),"auto: simplex (rows*nnz = 4.1e+07); phase-1 iters 2169, bound flips 0, refactorizations 61, Bland episodes 0, Devex resets 8, tolerance tightenings 0; presolve removed 442 rows, 27 cols"
1dcd40e,cloud-x86-4c,Intel(R) Xeon(R) Processor @ 2.10GHz,4,none,,,2026-09-30T14:49:54,kennington,cre-c,3068,3678,13244,ps26119,simplex,1,1e-8,120,Optimal,4325,0.843218,25275116.140880216,25275116.0,"published optimum (netlib readme, ALPO, 8 digits)",5.57e-09,PASS,3.38e-14,4.50e-16,7.37e-17,yes,ps26119 0.1.0 (git 1dcd40e),"phase-1 iters 2169, bound flips 0, refactorizations 61, Bland episodes 0, Devex resets 8, tolerance tightenings 0; presolve removed 442 rows, 27 cols"
1dcd40e,cloud-x86-4c,Intel(R) Xeon(R) Processor @ 2.10GHz,4,none,,,2026-09-30T14:49:54,kennington,cre-c,3068,3678,13244,ps26119,r2hpdhg,1,1e-8,120,Optimal,42880,1.893545,25275115.829842132,25275116.0,"published optimum (netlib readme, ALPO, 8 digits)",6.73e-09,PASS,7.46e-07,3.22e-12,6.15e-09,yes,ps26119 0.1.0 (git 1dcd40e),"presolve removed 442 rows, 27 cols"
1dcd40e,cloud-x86-4c,Intel(R) Xeon(R) Processor @ 2.10GHz,4,none,,,2026-09-30T14:49:54,kennington,cre-c,3068,3678,13244,ps26119,r2hpdhg,4,1e-8,120,Optimal,42880,2.135512,25275115.829842132,25275116.0,"published optimum (netlib readme, ALPO, 8 digits)",6.73e-09,PASS,7.46e-07,3.22e-12,6.15e-09,yes,ps26119 0.1.0 (git 1dcd40e),"presolve removed 442 rows, 27 cols"
1dcd40e,cloud-x86-4c,Intel(R) Xeon(R) Processor @ 2.10GHz,4,none,,,2026-09-30T14:49:54,kennington,cre-c,3068,3678,13244,highs,simplex,default,HiGHS defaults (1e-7 feasibility),120,Optimal,2057,0.079424,25275116.14088022,25275116.0,"published optimum (netlib readme, ALPO, 8 digits)",5.57e-09,PASS,1.42e-14,3.37e-16,2.21e-16,yes,HiGHS 1.15.1,HiGHS model status kOptimal
1dcd40e,cloud-x86-4c,Intel(R) Xeon(R) Processor @ 2.10GHz,4,none,,,2026-09-30T14:49:54,kennington,cre-c,3068,3678,13244,highs,ipm,default,HiGHS defaults (1e-7 feasibility),120,Optimal,33,0.194272,25275116.14088021,25275116.0,"published optimum (netlib readme, ALPO, 8 digits)",5.57e-09,PASS,1.55e-14,1.12e-15,1.47e-16,yes,HiGHS 1.15.1,HiGHS model status kOptimal
1dcd40e,cloud-x86-4c,Intel(R) Xeon(R) Processor @ 2.10GHz,4,none,,,2026-09-30T14:49:54,kennington,cre-c,3068,3678,13244,highs,pdlp,default,1e-8 (pdlp_optimality_tolerance),120,Optimal,38240,2.804183,25275115.69072144,25275116.0,"published optimum (netlib readme, ALPO, 8 digits)",1.22e-08,FAIL,2.43e-05,2.49e-10,8.93e-09,no,HiGHS 1.15.1,HiGHS model status kOptimal
1dcd40e,cloud-x86-4c,Intel(R) Xeon(R) Processor @ 2.10GHz,4,none,,,2026-09-30T14:49:54,kennington,cre-d,8926,69980,242646,ps26119,auto,1,1e-8,120,Optimal,27968,21.746183,24454969.754243899,24454970.0,"published optimum (netlib readme, ALPO, 8 digits)",1.00e-08,PASS,8.73e-07,1.64e-12,2.12e-10,yes,ps26119 0.1.0 (git 1dcd40e),"auto: r2hpdhg (rows*nnz = 2.2e+09); presolve removed 2470 rows, 20 cols"
1dcd40e,cloud-x86-4c,Intel(R) Xeon(R) Processor @ 2.10GHz,4,none,,,2026-09-30T14:49:54,kennington,cre-d,8926,69980,242646,ps26119,simplex,1,1e-8,120,Optimal,55136,86.224663,24454969.764549244,24454970.0,"published optimum (netlib readme, ALPO, 8 digits)",9.63e-09,PASS,1.85e-13,2.25e-16,7.62e-17,yes,ps26119 0.1.0 (git 1dcd40e),"phase-1 iters 6058, bound flips 0, refactorizations 737, Bland episodes 0, Devex resets 22, tolerance tightenings 0; presolve removed 2470 rows, 20 cols"
1dcd40e,cloud-x86-4c,Intel(R) Xeon(R) Processor @ 2.10GHz,4,none,,,2026-09-30T14:49:54,kennington,cre-d,8926,69980,242646,ps26119,r2hpdhg,1,1e-8,120,Optimal,27968,22.171088,24454969.754243899,24454970.0,"published optimum (netlib readme, ALPO, 8 digits)",1.00e-08,PASS,8.73e-07,1.64e-12,2.12e-10,yes,ps26119 0.1.0 (git 1dcd40e),"presolve removed 2470 rows, 20 cols"
1dcd40e,cloud-x86-4c,Intel(R) Xeon(R) Processor @ 2.10GHz,4,none,,,2026-09-30T14:49:54,kennington,cre-d,8926,69980,242646,ps26119,r2hpdhg,4,1e-8,120,Optimal,27968,9.482557,24454969.754243899,24454970.0,"published optimum (netlib readme, ALPO, 8 digits)",1.00e-08,PASS,8.73e-07,1.64e-12,2.12e-10,yes,ps26119 0.1.0 (git 1dcd40e),"presolve removed 2470 rows, 20 cols"
1dcd40e,cloud-x86-4c,Intel(R) Xeon(R) Processor @ 2.10GHz,4,none,,,2026-09-30T14:49:54,kennington,cre-d,8926,69980,242646,highs,simplex,default,HiGHS defaults (1e-7 feasibility),120,Optimal,6119,0.781700,24454969.76454924,24454970.0,"published optimum (netlib readme, ALPO, 8 digits)",9.63e-09,PASS,2.27e-13,1.12e-16,0.00e+00,yes,HiGHS 1.15.1,HiGHS model status kOptimal
1dcd40e,cloud-x86-4c,Intel(R) Xeon(R) Processor @ 2.10GHz,4,none,,,2026-09-30T14:49:54,kennington,cre-d,8926,69980,242646,highs,ipm,default,HiGHS defaults (1e-7 feasibility),120,Optimal,54,1.960190,24454969.76454924,24454970.0,"published optimum (netlib readme, ALPO, 8 digits)",9.63e-09,PASS,2.31e-14,2.25e-16,0.00e+00,yes,HiGHS 1.15.1,HiGHS model status kOptimal
1dcd40e,cloud-x86-4c,Intel(R) Xeon(R) Processor @ 2.10GHz,4,none,,,2026-09-30T14:49:54,kennington,cre-d,8926,69980,242646,highs,pdlp,default,1e-8 (pdlp_optimality_tolerance),120,Optimal,36160,18.536746,24454970.104131084,24454970.0,"published optimum (netlib readme, ALPO, 8 digits)",4.26e-09,FAIL,1.60e-04,8.18e-11,6.86e-09,no,HiGHS 1.15.1,HiGHS model status kOptimal
1dcd40e,cloud-x86-4c,Intel(R) Xeon(R) Processor @ 2.10GHz,4,none,,,2026-09-30T14:49:54,kennington,ken-07,2426,3602,8404,ps26119,auto,1,1e-8,120,Optimal,3273,0.236274,-679520443.38168859,-679520440.0,"published optimum (netlib readme, ALPO, 8 digits)",4.98e-09,PASS,0.00e+00,0.00e+00,9.65e-16,yes,ps26119 0.1.0 (git 1dcd40e),"auto: simplex (rows*nnz = 2e+07); phase-1 iters 2291, bound flips 18, refactorizations 34, Bland episodes 0, Devex resets 0, tolerance tightenings 0; presolve removed 989 rows, 989 cols"
1dcd40e,cloud-x86-4c,Intel(R) Xeon(R) Processor @ 2.10GHz,4,none,,,2026-09-30T14:49:54,kennington,ken-07,2426,3602,8404,ps26119,simplex,1,1e-8,120,Optimal,3273,0.234512,-679520443.38168859,-679520440.0,"published optimum (netlib readme, ALPO, 8 digits)",4.98e-09,PASS,0.00e+00,0.00e+00,9.65e-16,yes,ps26119 0.1.0 (git 1dcd40e),"phase-1 iters 2291, bound flips 18, refactorizations 34, Bland episodes 0, Devex resets 0, tolerance tightenings 0; presolve removed 989 rows, 989 cols"
1dcd40e,cloud-x86-4c,Intel(R) Xeon(R) Processor @ 2.10GHz,4,none,,,2026-09-30T14:49:54,kennington,ken-07,2426,3602,8404,ps26119,r2hpdhg,1,1e-8,120,Optimal,2048,0.057984,-679520443.36693013,-679520440.0,"published optimum (netlib readme, ALPO, 8 digits)",4.95e-09,PASS,1.14e-07,0.00e+00,2.30e-09,yes,ps26119 0.1.0 (git 1dcd40e),"presolve removed 989 rows, 989 cols"
1dcd40e,cloud-x86-4c,Intel(R) Xeon(R) Processor @ 2.10GHz,4,none,,,2026-09-30T14:49:54,kennington,ken-07,2426,3602,8404,ps26119,r2hpdhg,4,1e-8,120,Optimal,2048,0.066482,-679520443.36693013,-679520440.0,"published optimum (netlib readme, ALPO, 8 digits)",4.95e-09,PASS,1.14e-07,0.00e+00,2.30e-09,yes,ps26119 0.1.0 (git 1dcd40e),"presolve removed 989 rows, 989 cols"
1dcd40e,cloud-x86-4c,Intel(R) Xeon(R) Processor @ 2.10GHz,4,none,,,2026-09-30T14:49:54,kennington,ken-07,2426,3602,8404,highs,simplex,default,HiGHS defaults (1e-7 feasibility),120,Optimal,1242,0.032845,-679520443.3816886,-679520440.0,"published optimum (netlib readme, ALPO, 8 digits)",4.98e-09,PASS,0.00e+00,0.00e+00,7.89e-16,yes,HiGHS 1.15.1,HiGHS model status kOptimal
1dcd40e,cloud-x86-4c,Intel(R) Xeon(R) Processor @ 2.10GHz,4,none,,,2026-09-30T14:49:54,kennington,ken-07,2426,3602,8404,highs,ipm,default,HiGHS defaults (1e-7 feasibility),120,Optimal,15,0.033668,-679520443.3816886,-679520440.0,"published optimum (netlib readme, ALPO, 8 digits)",4.98e-09,PASS,0.00e+00,0.00e+00,7.02e-16,yes,HiGHS 1.15.1,HiGHS model status kOptimal
1dcd40e,cloud-x86-4c,Intel(R) Xeon(R) Processor @ 2.10GHz,4,none,,,2026-09-30T14:49:54,kennington,ken-07,2426,3602,8404,highs,pdlp,default,1e-8 (pdlp_optimality_tolerance),120,Optimal,3320,0.109382,-679520443.3634098,-679520440.0,"published optimum (netlib readme, ALPO, 8 digits)",4.95e-09,FAIL,1.63e-06,0.00e+00,6.47e-09,no,HiGHS 1.15.1,HiGHS model status kOptimal
1dcd40e,cloud-x86-4c,Intel(R) Xeon(R) Processor @ 2.10GHz,4,none,,,2026-09-30T14:49:54,kennington,ken-11,14694,21349,49058,ps26119,auto,1,1e-8,120,Optimal,7552,1.700707,-6972382262.5577974,-6972382300.0,"published optimum (netlib readme, ALPO, 8 digits)",5.37e-09,PASS,8.30e-07,0.00e+00,8.97e-10,yes,ps26119 0.1.0 (git 1dcd40e),"auto: r2hpdhg (rows*nnz = 7.2e+08); presolve removed 4609 rows, 4609 cols"
1dcd40e,cloud-x86-4c,Intel(R) Xeon(R) Processor @ 2.10GHz,4,none,,,2026-09-30T14:49:54,kennington,ken-11,14694,21349,49058,ps26119,simplex,1,1e-8,120,Optimal,23161,15.517686,-6972382262.5199938,-6972382300.0,"published optimum (netlib readme, ALPO, 8 digits)",5.38e-09,PASS,0.00e+00,0.00e+00,3.83e-15,yes,ps26119 0.1.0 (git 1dcd40e),"phase-1 iters 16063, bound flips 119, refactorizations 232, Bland episodes 0, Devex resets 2, tolerance tightenings 0; presolve removed 4609 rows, 4609 cols"
1dcd40e,cloud-x86-4c,Intel(R) Xeon(R) Processor @ 2.10GHz,4,none,,,2026-09-30T14:49:54,kennington,ken-11,14694,21349,49058,ps26119,r2hpdhg,1,1e-8,120,Optimal,7552,1.879352,-6972382262.5577974,-6972382300.0,"published optimum (netlib readme, ALPO, 8 digits)",5.37e-09,PASS,8.30e-07,0.00e+00,8.97e-10,yes,ps26119 0.1.0 (git 1dcd40e),"presolve removed 4609 rows, 4609 cols"
1dcd40e,cloud-x86-4c,Intel(R) Xeon(R) Processor @ 2.10GHz,4,none,,,2026-09-30T14:49:54,kennington,ken-11,14694,21349,49058,ps26119,r2hpdhg,4,1e-8,120,Optimal,7552,1.239314,-6972382262.5577974,-6972382300.0,"published optimum (netlib readme, ALPO, 8 digits)",5.37e-09,PASS,8.30e-07,0.00e+00,8.97e-10,yes,ps26119 0.1.0 (git 1dcd40e),"presolve removed 4609 rows, 4609 cols"
1dcd40e,cloud-x86-4c,Intel(R) Xeon(R) Processor @ 2.10GHz,4,none,,,2026-09-30T14:49:54,kennington,ken-11,14694,21349,49058,highs,simplex,default,HiGHS defaults (1e-7 feasibility),120,Optimal,8576,0.245177,-6972382262.519994,-6972382300.0,"published optimum (netlib readme, ALPO, 8 digits)",5.38e-09,PASS,0.00e+00,0.00e+00,3.49e-15,yes,HiGHS 1.15.1,HiGHS model status kOptimal
1dcd40e,cloud-x86-4c,Intel(R) Xeon(R) Processor @ 2.10GHz,4,none,,,2026-09-30T14:49:54,kennington,ken-11,14694,21349,49058,highs,ipm,default,HiGHS defaults (1e-7 feasibility),120,Optimal,23,0.368095,-6972382262.519994,-6972382300.0,"published optimum (netlib readme, ALPO, 8 digits)",5.38e-09,PASS,0.00e+00,0.00e+00,3.69e-15,yes,HiGHS 1.15.1,HiGHS model status kOptimal
1dcd40e,cloud-x86-4c,Intel(R) Xeon(R) Processor @ 2.10GHz,4,none,,,2026-09-30T14:49:54,kennington,ken-11,14694,21349,49058,highs,pdlp,default,1e-8 (pdlp_optimality_tolerance),120,Optimal,10280,2.174529,-6972382287.975111,-6972382300.0,"published optimum (netlib readme, ALPO, 8 digits)",1.72e-09,FAIL,5.86e-05,0.00e+00,9.26e-09,no,HiGHS 1.15.1,HiGHS model status kOptimal
1dcd40e,cloud-x86-4c,Intel(R) Xeon(R) Processor @ 2.10GHz,4,none,,,2026-09-30T14:49:54,kennington,ken-13,28632,42659,97246,ps26119,auto,1,1e-8,120,Optimal,18944,7.985142,-10257394789.088491,-10257395000.0,"published optimum (netlib readme, ALPO, 8 digits)",2.06e-08,PASS,9.50e-07,0.00e+00,2.71e-11,yes,ps26119 0.1.0 (git 1dcd40e),"auto: r2hpdhg (rows*nnz = 2.8e+09); presolve removed 6098 rows, 6098 cols"
1dcd40e,cloud-x86-4c,Intel(R) Xeon(R) Processor @ 2.10GHz,4,none,,,2026-09-30T14:49:54,kennington,ken-13,28632,42659,97246,ps26119,simplex,1,1e-8,120,Optimal,60619,96.252826,-10257394789.48247,-10257395000.0,"published optimum (netlib readme, ALPO, 8 digits)",2.05e-08,PASS,0.00e+00,0.00e+00,1.32e-14,yes,ps26119 0.1.0 (git 1dcd40e),"phase-1 iters 36786, bound flips 138, refactorizations 606, Bland episodes 0, Devex resets 27, tolerance tightenings 0; presolve removed 6098 rows, 6098 cols"
1dcd40e,cloud-x86-4c,Intel(R) Xeon(R) Processor @ 2.10GHz,4,none,,,2026-09-30T14:49:54,kennington,ken-13,28632,42659,97246,ps26119,r2hpdhg,1,1e-8,120,Optimal,18944,7.608851,-10257394789.088491,-10257395000.0,"published optimum (netlib readme, ALPO, 8 digits)",2.06e-08,PASS,9.50e-07,0.00e+00,2.71e-11,yes,ps26119 0.1.0 (git 1dcd40e),"presolve removed 6098 rows, 6098 cols"
1dcd40e,cloud-x86-4c,Intel(R) Xeon(R) Processor @ 2.10GHz,4,none,,,2026-09-30T14:49:54,kennington,ken-13,28632,42659,97246,ps26119,r2hpdhg,4,1e-8,120,Optimal,18944,5.025533,-10257394789.088491,-10257395000.0,"published optimum (netlib readme, ALPO, 8 digits)",2.06e-08,PASS,9.50e-07,0.00e+00,2.71e-11,yes,ps26119 0.1.0 (git 1dcd40e),"presolve removed 6098 rows, 6098 cols"
1dcd40e,cloud-x86-4c,Intel(R) Xeon(R) Processor @ 2.10GHz,4,none,,,2026-09-30T14:49:54,kennington,ken-13,28632,42659,97246,highs,simplex,default,HiGHS defaults (1e-7 feasibility),120,Optimal,17473,0.810805,-10257394789.48247,-10257395000.0,"published optimum (netlib readme, ALPO, 8 digits)",2.05e-08,PASS,0.00e+00,0.00e+00,6.32e-15,yes,HiGHS 1.15.1,HiGHS model status kOptimal
1dcd40e,cloud-x86-4c,Intel(R) Xeon(R) Processor @ 2.10GHz,4,none,,,2026-09-30T14:49:54,kennington,ken-13,28632,42659,97246,highs,ipm,default,HiGHS defaults (1e-7 feasibility),120,Optimal,27,1.329714,-10257394789.48247,-10257395000.0,"published optimum (netlib readme, ALPO, 8 digits)",2.05e-08,PASS,0.00e+00,0.00e+00,7.62e-15,yes,HiGHS 1.15.1,HiGHS model status kOptimal
1dcd40e,cloud-x86-4c,Intel(R) Xeon(R) Processor @ 2.10GHz,4,none,,,2026-09-30T14:49:54,kennington,ken-13,28632,42659,97246,highs,pdlp,default,1e-8 (pdlp_optimality_tolerance),120,Optimal,13520,6.694567,-10257394846.27895,-10257395000.0,"published optimum (netlib readme, ALPO, 8 digits)",1.50e-08,FAIL,1.34e-04,0.00e+00,8.39e-09,no,HiGHS 1.15.1,HiGHS model status kOptimal
1dcd40e,cloud-x86-4c,Intel(R) Xeon(R) Processor @ 2.10GHz,4,none,,,2026-09-30T14:49:54,kennington,ken-18,105127,154699,358171,ps26119,auto,1,1e-8,120,Optimal,24576,43.014676,-52217025287.206436,-52217025000.0,"published optimum (netlib readme, ALPO, 8 digits)",5.50e-09,PASS,9.60e-07,0.00e+00,1.49e-09,yes,ps26119 0.1.0 (git 1dcd40e),"auto: r2hpdhg (rows*nnz = 3.8e+10); presolve removed 26265 rows, 26265 cols"
1dcd40e,cloud-x86-4c,Intel(R) Xeon(R) Processor @ 2.10GHz,4,none,,,2026-09-30T14:49:54,kennington,ken-18,105127,154699,358171,ps26119,simplex,1,1e-8,120,TimeLimit,30848,120.261485,nan,-52217025000.0,"published optimum (netlib readme, ALPO, 8 digits)",nan,FAIL,nan,nan,nan,no,ps26119 0.1.0 (git 1dcd40e),"time limit; phase-1 iters 30848, bound flips 1, refactorizations 309, Bland episodes 0, Devex resets 0, tolerance tightenings 0; presolve removed 26265 rows, 26265 cols"
1dcd40e,cloud-x86-4c,Intel(R) Xeon(R) Processor @ 2.10GHz,4,none,,,2026-09-30T14:49:54,kennington,ken-18,105127,154699,358171,ps26119,r2hpdhg,1,1e-8,120,Optimal,24576,43.327135,-52217025287.206436,-52217025000.0,"published optimum (netlib readme, ALPO, 8 digits)",5.50e-09,PASS,9.60e-07,0.00e+00,1.49e-09,yes,ps26119 0.1.0 (git 1dcd40e),"presolve removed 26265 rows, 26265 cols"
1dcd40e,cloud-x86-4c,Intel(R) Xeon(R) Processor @ 2.10GHz,4,none,,,2026-09-30T14:49:54,kennington,ken-18,105127,154699,358171,ps26119,r2hpdhg,4,1e-8,120,Optimal,24576,17.308755,-52217025287.206436,-52217025000.0,"published optimum (netlib readme, ALPO, 8 digits)",5.50e-09,PASS,9.60e-07,0.00e+00,1.49e-09,yes,ps26119 0.1.0 (git 1dcd40e),"presolve removed 26265 rows, 26265 cols"
1dcd40e,cloud-x86-4c,Intel(R) Xeon(R) Processor @ 2.10GHz,4,none,,,2026-09-30T14:49:54,kennington,ken-18,105127,154699,358171,highs,simplex,default,HiGHS defaults (1e-7 feasibility),120,Optimal,67595,4.148936,-52217025287.396805,-52217025000.0,"published optimum (netlib readme, ALPO, 8 digits)",5.50e-09,PASS,0.00e+00,0.00e+00,2.05e-14,yes,HiGHS 1.15.1,HiGHS model status kOptimal
1dcd40e,cloud-x86-4c,Intel(R) Xeon(R) Processor @ 2.10GHz,4,none,,,2026-09-30T14:49:54,kennington,ken-18,105127,154699,358171,highs,ipm,default,HiGHS defaults (1e-7 feasibility),120,Optimal,32,7.556405,-52217025287.396805,-52217025000.0,"published optimum (netlib readme, ALPO, 8 digits)",5.50e-09,PASS,0.00e+00,0.00e+00,2.33e-14,yes,HiGHS 1.15.1,HiGHS model status kOptimal
1dcd40e,cloud-x86-4c,Intel(R) Xeon(R) Processor @ 2.10GHz,4,none,,,2026-09-30T14:49:54,kennington,ken-18,105127,154699,358171,highs,pdlp,default,1e-8 (pdlp_optimality_tolerance),120,Optimal,26880,51.815328,-52217025369.848755,-52217025000.0,"published optimum (netlib readme, ALPO, 8 digits)",7.08e-09,FAIL,3.37e-04,0.00e+00,9.60e-09,no,HiGHS 1.15.1,HiGHS model status kOptimal
1dcd40e,cloud-x86-4c,Intel(R) Xeon(R) Processor @ 2.10GHz,4,none,,,2026-09-30T14:49:54,kennington,osa-07,1118,23949,143694,ps26119,auto,1,1e-8,120,Optimal,922,0.478375,535722.51729935105,535722.52,"published optimum (netlib readme, ALPO, 8 digits)",5.04e-09,PASS,0.00e+00,1.22e-16,0.00e+00,yes,ps26119 0.1.0 (git 1dcd40e),"auto: simplex (rows*nnz = 1.6e+08); phase-1 iters 571, bound flips 0, refactorizations 11, Bland episodes 0, Devex resets 0, tolerance tightenings 0; presolve removed 37 rows, 0 cols"
1dcd40e,cloud-x86-4c,Intel(R) Xeon(R) Processor @ 2.10GHz,4,none,,,2026-09-30T14:49:54,kennington,osa-07,1118,23949,143694,ps26119,simplex,1,1e-8,120,Optimal,922,0.509012,535722.51729935105,535722.52,"published optimum (netlib readme, ALPO, 8 digits)",5.04e-09,PASS,0.00e+00,1.22e-16,0.00e+00,yes,ps26119 0.1.0 (git 1dcd40e),"phase-1 iters 571, bound flips 0, refactorizations 11, Bland episodes 0, Devex resets 0, tolerance tightenings 0; presolve removed 37 rows, 0 cols"
1dcd40e,cloud-x86-4c,Intel(R) Xeon(R) Processor @ 2.10GHz,4,none,,,2026-09-30T14:49:54,kennington,osa-07,1118,23949,143694,ps26119,r2hpdhg,1,1e-8,120,Optimal,7360,1.916129,535722.52111467056,535722.52,"published optimum (netlib readme, ALPO, 8 digits)",2.08e-09,PASS,8.41e-09,1.59e-07,4.15e-09,yes,ps26119 0.1.0 (git 1dcd40e),"presolve removed 37 rows, 0 cols"
1dcd40e,cloud-x86-4c,Intel(R) Xeon(R) Processor @ 2.10GHz,4,none,,,2026-09-30T14:49:54,kennington,osa-07,1118,23949,143694,ps26119,r2hpdhg,4,1e-8,120,Optimal,7360,1.221425,535722.52111467056,535722.52,"published optimum (netlib readme, ALPO, 8 digits)",2.08e-09,PASS,8.41e-09,1.59e-07,4.15e-09,yes,ps26119 0.1.0 (git 1dcd40e),"presolve removed 37 rows, 0 cols"
1dcd40e,cloud-x86-4c,Intel(R) Xeon(R) Processor @ 2.10GHz,4,none,,,2026-09-30T14:49:54,kennington,osa-07,1118,23949,143694,highs,simplex,default,HiGHS defaults (1e-7 feasibility),120,Optimal,660,0.302589,535722.517299351,535722.52,"published optimum (netlib readme, ALPO, 8 digits)",5.04e-09,PASS,0.00e+00,8.15e-17,0.00e+00,yes,HiGHS 1.15.1,HiGHS model status kOptimal
1dcd40e,cloud-x86-4c,Intel(R) Xeon(R) Processor @ 2.10GHz,4,none,,,2026-09-30T14:49:54,kennington,osa-07,1118,23949,143694,highs,ipm,default,HiGHS defaults (1e-7 feasibility),120,Optimal,25,0.428057,535722.517299351,535722.52,"published optimum (netlib readme, ALPO, 8 digits)",5.04e-09,PASS,0.00e+00,8.15e-17,0.00e+00,yes,HiGHS 1.15.1,HiGHS model status kOptimal
1dcd40e,cloud-x86-4c,Intel(R) Xeon(R) Processor @ 2.10GHz,4,none,,,2026-09-30T14:49:54,kennington,osa-07,1118,23949,143694,highs,pdlp,default,1e-8 (pdlp_optimality_tolerance),120,Optimal,2400,1.163447,535722.5138518398,535722.52,"published optimum (netlib readme, ALPO, 8 digits)",1.15e-08,PASS,4.79e-07,2.79e-09,3.23e-09,yes,HiGHS 1.15.1,HiGHS model status kOptimal
1dcd40e,cloud-x86-4c,Intel(R) Xeon(R) Processor @ 2.10GHz,4,none,,,2026-09-30T14:49:54,kennington,osa-14,2337,52460,314760,ps26119,auto,1,1e-8,120,Optimal,12928,8.692492,1106462.8281386502,1106462.8,"published optimum (netlib readme, ALPO, 8 digits)",2.54e-08,PASS,1.47e-07,3.78e-07,7.37e-09,yes,ps26119 0.1.0 (git 1dcd40e),"auto: r2hpdhg (rows*nnz = 7.4e+08); presolve removed 37 rows, 0 cols"
1dcd40e,cloud-x86-4c,Intel(R) Xeon(R) Processor @ 2.10GHz,4,none,,,2026-09-30T14:49:54,kennington,osa-14,2337,52460,314760,ps26119,simplex,1,1e-8,120,Optimal,2151,2.863548,1106462.8447362536,1106462.8,"published optimum (netlib readme, ALPO, 8 digits)",4.04e-08,PASS,0.00e+00,9.17e-17,0.00e+00,yes,ps26119 0.1.0 (git 1dcd40e),"phase-1 iters 1399, bound flips 0, refactorizations 23, Bland episodes 0, Devex resets 0, tolerance tightenings 0; presolve removed 37 rows, 0 cols"
1dcd40e,cloud-x86-4c,Intel(R) Xeon(R) Processor @ 2.10GHz,4,none,,,2026-09-30T14:49:54,kennington,osa-14,2337,52460,314760,ps26119,r2hpdhg,1,1e-8,120,Optimal,12928,8.999848,1106462.8281386502,1106462.8,"published optimum (netlib readme, ALPO, 8 digits)",2.54e-08,PASS,1.47e-07,3.78e-07,7.37e-09,yes,ps26119 0.1.0 (git 1dcd40e),"presolve removed 37 rows, 0 cols"
1dcd40e,cloud-x86-4c,Intel(R) Xeon(R) Processor @ 2.10GHz,4,none,,,2026-09-30T14:49:54,kennington,osa-14,2337,52460,314760,ps26119,r2hpdhg,4,1e-8,120,Optimal,12928,4.012824,1106462.8281386502,1106462.8,"published optimum (netlib readme, ALPO, 8 digits)",2.54e-08,PASS,1.47e-07,3.78e-07,7.37e-09,yes,ps26119 0.1.0 (git 1dcd40e),"presolve removed 37 rows, 0 cols"
1dcd40e,cloud-x86-4c,Intel(R) Xeon(R) Processor @ 2.10GHz,4,none,,,2026-09-30T14:49:54,kennington,osa-14,2337,52460,314760,highs,simplex,default,HiGHS defaults (1e-7 feasibility),120,Optimal,1369,1.077795,1106462.8447362536,1106462.8,"published optimum (netlib readme, ALPO, 8 digits)",4.04e-08,PASS,1.13e-16,1.02e-16,0.00e+00,yes,HiGHS 1.15.1,HiGHS model status kOptimal
1dcd40e,cloud-x86-4c,Intel(R) Xeon(R) Processor @ 2.10GHz,4,none,,,2026-09-30T14:49:54,kennington,osa-14,2337,52460,314760,highs,ipm,default,HiGHS defaults (1e-7 feasibility),120,Optimal,27,1.129713,1106462.8447362538,1106462.8,"published optimum (netlib readme, ALPO, 8 digits)",4.04e-08,PASS,1.13e-16,1.02e-16,0.00e+00,yes,HiGHS 1.15.1,HiGHS model status kOptimal
1dcd40e,cloud-x86-4c,Intel(R) Xeon(R) Processor @ 2.10GHz,4,none,,,2026-09-30T14:49:54,kennington,osa-14,2337,52460,314760,highs,pdlp,default,1e-8 (pdlp_optimality_tolerance),120,Optimal,4160,5.211583,1106462.8649532043,1106462.8,"published optimum (netlib readme, ALPO, 8 digits)",5.87e-08,PASS,3.30e-08,2.86e-07,8.99e-09,yes,HiGHS 1.15.1,HiGHS model status kOptimal
1dcd40e,cloud-x86-4c,Intel(R) Xeon(R) Processor @ 2.10GHz,4,none,,,2026-09-30T14:49:54,kennington,osa-30,4350,100024,600138,ps26119,auto,1,1e-8,120,Optimal,17216,25.428866,2142139.9035707386,2142139.9,"published optimum (netlib readme, ALPO, 8 digits)",1.67e-09,PASS,1.66e-07,7.07e-09,7.01e-09,yes,ps26119 0.1.0 (git 1dcd40e),"auto: r2hpdhg (rows*nnz = 2.6e+09); presolve removed 37 rows, 0 cols"
1dcd40e,cloud-x86-4c,Intel(R) Xeon(R) Processor @ 2.10GHz,4,none,,,2026-09-30T14:49:54,kennington,osa-30,4350,100024,600138,ps26119,simplex,1,1e-8,120,Optimal,4119,10.241511,2142139.8732097656,2142139.9,"published optimum (netlib readme, ALPO, 8 digits)",1.25e-08,PASS,0.00e+00,2.49e-16,2.17e-16,yes,ps26119 0.1.0 (git 1dcd40e),"phase-1 iters 2707, bound flips 0, refactorizations 44, Bland episodes 0, Devex resets 0, tolerance tightenings 1; presolve removed 37 rows, 0 cols"
1dcd40e,cloud-x86-4c,Intel(R) Xeon(R) Processor @ 2.10GHz,4,none,,,2026-09-30T14:49:54,kennington,osa-30,4350,100024,600138,ps26119,r2hpdhg,1,1e-8,120,Optimal,17216,25.371857,2142139.9035707386,2142139.9,"published optimum (netlib readme, ALPO, 8 digits)",1.67e-09,PASS,1.66e-07,7.07e-09,7.01e-09,yes,ps26119 0.1.0 (git 1dcd40e),"presolve removed 37 rows, 0 cols"
1dcd40e,cloud-x86-4c,Intel(R) Xeon(R) Processor @ 2.10GHz,4,none,,,2026-09-30T14:49:54,kennington,osa-30,4350,100024,600138,ps26119,r2hpdhg,4,1e-8,120,Optimal,17216,9.136571,2142139.9035707386,2142139.9,"published optimum (netlib readme, ALPO, 8 digits)",1.67e-09,PASS,1.66e-07,7.07e-09,7.01e-09,yes,ps26119 0.1.0 (git 1dcd40e),"presolve removed 37 rows, 0 cols"
1dcd40e,cloud-x86-4c,Intel(R) Xeon(R) Processor @ 2.10GHz,4,none,,,2026-09-30T14:49:54,kennington,osa-30,4350,100024,600138,highs,simplex,default,HiGHS defaults (1e-7 feasibility),120,Optimal,3363,4.773417,2142139.873209765,2142139.9,"published optimum (netlib readme, ALPO, 8 digits)",1.25e-08,PASS,4.22e-16,2.49e-16,2.17e-16,yes,HiGHS 1.15.1,HiGHS model status kOptimal
1dcd40e,cloud-x86-4c,Intel(R) Xeon(R) Processor @ 2.10GHz,4,none,,,2026-09-30T14:49:54,kennington,osa-30,4350,100024,600138,highs,ipm,default,HiGHS defaults (1e-7 feasibility),120,Optimal,27,2.843295,2142139.8732097656,2142139.9,"published optimum (netlib readme, ALPO, 8 digits)",1.25e-08,PASS,2.11e-16,1.15e-16,2.17e-16,yes,HiGHS 1.15.1,HiGHS model status kOptimal
1dcd40e,cloud-x86-4c,Intel(R) Xeon(R) Processor @ 2.10GHz,4,none,,,2026-09-30T14:49:54,kennington,osa-30,4350,100024,600138,highs,pdlp,default,1e-8 (pdlp_optimality_tolerance),120,Optimal,3840,10.164200,2142139.8865931737,2142139.9,"published optimum (netlib readme, ALPO, 8 digits)",6.26e-09,PASS,8.53e-08,7.14e-09,3.15e-09,yes,HiGHS 1.15.1,HiGHS model status kOptimal
1dcd40e,cloud-x86-4c,Intel(R) Xeon(R) Processor @ 2.10GHz,4,none,,,2026-09-30T14:49:54,kennington,osa-60,10280,232966,1397793,ps26119,auto,1,1e-8,120,Optimal,20160,69.669427,4044072.4807049329,4044072.5,"published optimum (netlib readme, ALPO, 8 digits)",4.77e-09,PASS,1.49e-08,1.35e-07,3.07e-09,yes,ps26119 0.1.0 (git 1dcd40e),"auto: r2hpdhg (rows*nnz = 1.4e+10); presolve removed 37 rows, 0 cols"
1dcd40e,cloud-x86-4c,Intel(R) Xeon(R) Processor @ 2.10GHz,4,none,,,2026-09-30T14:49:54,kennington,osa-60,10280,232966,1397793,ps26119,simplex,1,1e-8,120,Optimal,8968,51.309506,4044072.503157441,4044072.5,"published optimum (netlib readme, ALPO, 8 digits)",7.81e-10,PASS,0.00e+00,1.67e-16,3.45e-16,yes,ps26119 0.1.0 (git 1dcd40e),"phase-1 iters 5537, bound flips 0, refactorizations 93, Bland episodes 0, Devex resets 4, tolerance tightenings 2; presolve removed 37 rows, 0 cols"
1dcd40e,cloud-x86-4c,Intel(R) Xeon(R) Processor @ 2.10GHz,4,none,,,2026-09-30T14:49:54,kennington,osa-60,10280,232966,1397793,ps26119,r2hpdhg,1,1e-8,120,Optimal,20160,71.141463,4044072.4807049329,4044072.5,"published optimum (netlib readme, ALPO, 8 digits)",4.77e-09,PASS,1.49e-08,1.35e-07,3.07e-09,yes,ps26119 0.1.0 (git 1dcd40e),"presolve removed 37 rows, 0 cols"
1dcd40e,cloud-x86-4c,Intel(R) Xeon(R) Processor @ 2.10GHz,4,none,,,2026-09-30T14:49:54,kennington,osa-60,10280,232966,1397793,ps26119,r2hpdhg,4,1e-8,120,Optimal,20160,25.167551,4044072.4807049329,4044072.5,"published optimum (netlib readme, ALPO, 8 digits)",4.77e-09,PASS,1.49e-08,1.35e-07,3.07e-09,yes,ps26119 0.1.0 (git 1dcd40e),"presolve removed 37 rows, 0 cols"
1dcd40e,cloud-x86-4c,Intel(R) Xeon(R) Processor @ 2.10GHz,4,none,,,2026-09-30T14:49:54,kennington,osa-60,10280,232966,1397793,highs,simplex,default,HiGHS defaults (1e-7 feasibility),120,Optimal,6352,20.227111,4044072.5031574406,4044072.5,"published optimum (netlib readme, ALPO, 8 digits)",7.81e-10,PASS,0.00e+00,1.67e-16,3.45e-16,yes,HiGHS 1.15.1,HiGHS model status kOptimal
1dcd40e,cloud-x86-4c,Intel(R) Xeon(R) Processor @ 2.10GHz,4,none,,,2026-09-30T14:49:54,kennington,osa-60,10280,232966,1397793,highs,ipm,default,HiGHS defaults (1e-7 feasibility),120,Optimal,31,6.919110,4044072.5031574406,4044072.5,"published optimum (netlib readme, ALPO, 8 digits)",7.81e-10,PASS,0.00e+00,1.67e-16,4.03e-16,yes,HiGHS 1.15.1,HiGHS model status kOptimal
1dcd40e,cloud-x86-4c,Intel(R) Xeon(R) Processor @ 2.10GHz,4,none,,,2026-09-30T14:49:54,kennington,osa-60,10280,232966,1397793,highs,pdlp,default,1e-8 (pdlp_optimality_tolerance),120,Optimal,8800,53.892691,4044072.462630959,4044072.5,"published optimum (netlib readme, ALPO, 8 digits)",9.24e-09,PASS,4.87e-08,9.05e-09,5.30e-09,yes,HiGHS 1.15.1,HiGHS model status kOptimal
1dcd40e,cloud-x86-4c,Intel(R) Xeon(R) Processor @ 2.10GHz,4,none,,,2026-09-30T14:49:54,kennington,pds-02,2953,7535,16390,ps26119,auto,1,1e-8,120,Optimal,1653,0.179826,28857862010,28857862000.0,"published optimum (netlib readme, ALPO, 8 digits)",3.47e-10,PASS,0.00e+00,0.00e+00,0.00e+00,yes,ps26119 0.1.0 (git 1dcd40e),"auto: simplex (rows*nnz = 4.8e+07); phase-1 iters 11, bound flips 7, refactorizations 18, Bland episodes 0, Devex resets 0, tolerance tightenings 0; presolve removed 299 rows, 297 cols"
1dcd40e,cloud-x86-4c,Intel(R) Xeon(R) Processor @ 2.10GHz,4,none,,,2026-09-30T14:49:54,kennington,pds-02,2953,7535,16390,ps26119,simplex,1,1e-8,120,Optimal,1653,0.209277,28857862010,28857862000.0,"published optimum (netlib readme, ALPO, 8 digits)",3.47e-10,PASS,0.00e+00,0.00e+00,0.00e+00,yes,ps26119 0.1.0 (git 1dcd40e),"phase-1 iters 11, bound flips 7, refactorizations 18, Bland episodes 0, Devex resets 0, tolerance tightenings 0; presolve removed 299 rows, 297 cols"
1dcd40e,cloud-x86-4c,Intel(R) Xeon(R) Processor @ 2.10GHz,4,none,,,2026-09-30T14:49:54,kennington,pds-02,2953,7535,16390,ps26119,r2hpdhg,1,1e-8,120,Optimal,3264,0.315944,28857862009.681225,28857862000.0,"published optimum (netlib readme, ALPO, 8 digits)",3.35e-10,PASS,4.31e-07,2.12e-12,5.44e-12,yes,ps26119 0.1.0 (git 1dcd40e),"presolve removed 299 rows, 297 cols"
1dcd40e,cloud-x86-4c,Intel(R) Xeon(R) Processor @ 2.10GHz,4,none,,,2026-09-30T14:49:54,kennington,pds-02,2953,7535,16390,ps26119,r2hpdhg,4,1e-8,120,Optimal,3264,0.264932,28857862009.681225,28857862000.0,"published optimum (netlib readme, ALPO, 8 digits)",3.35e-10,PASS,4.31e-07,2.12e-12,5.44e-12,yes,ps26119 0.1.0 (git 1dcd40e),"presolve removed 299 rows, 297 cols"
1dcd40e,cloud-x86-4c,Intel(R) Xeon(R) Processor @ 2.10GHz,4,none,,,2026-09-30T14:49:54,kennington,pds-02,2953,7535,16390,highs,simplex,default,HiGHS defaults (1e-7 feasibility),120,Optimal,419,0.082867,28857862010.0,28857862000.0,"published optimum (netlib readme, ALPO, 8 digits)",3.47e-10,PASS,0.00e+00,0.00e+00,0.00e+00,yes,HiGHS 1.15.1,HiGHS model status kOptimal
1dcd40e,cloud-x86-4c,Intel(R) Xeon(R) Processor @ 2.10GHz,4,none,,,2026-09-30T14:49:54,kennington,pds-02,2953,7535,16390,highs,ipm,default,HiGHS defaults (1e-7 feasibility),120,Optimal,20,0.097711,28857862010.0,28857862000.0,"published optimum (netlib readme, ALPO, 8 digits)",3.47e-10,PASS,0.00e+00,0.00e+00,0.00e+00,yes,HiGHS 1.15.1,HiGHS model status kOptimal
1dcd40e,cloud-x86-4c,Intel(R) Xeon(R) Processor @ 2.10GHz,4,none,,,2026-09-30T14:49:54,kennington,pds-02,2953,7535,16390,highs,pdlp,default,1e-8 (pdlp_optimality_tolerance),120,NotSolved,2200,0.123234,28857862016.27322,28857862000.0,"published optimum (netlib readme, ALPO, 8 digits)",5.64e-10,FAIL,nan,nan,nan,no,HiGHS 1.15.1,HiGHS model status kUnknown
1dcd40e,cloud-x86-4c,Intel(R) Xeon(R) Processor @ 2.10GHz,4,none,,,2026-09-30T14:49:54,kennington,pds-06,9881,28655,62524,ps26119,auto,1,1e-8,120,Optimal,5056,1.306438,27761037601.955555,27761038000.0,"published optimum (netlib readme, ALPO, 8 digits)",1.43e-08,PASS,3.53e-07,9.17e-12,5.09e-11,yes,ps26119 0.1.0 (git 1dcd40e),"auto: r2hpdhg (rows*nnz = 6.2e+08); presolve removed 515 rows, 495 cols"
1dcd40e,cloud-x86-4c,Intel(R) Xeon(R) Processor @ 2.10GHz,4,none,,,2026-09-30T14:49:54,kennington,pds-06,9881,28655,62524,ps26119,simplex,1,1e-8,120,Optimal,7273,3.698281,27761037600,27761038000.0,"published optimum (netlib readme, ALPO, 8 digits)",1.44e-08,PASS,0.00e+00,0.00e+00,0.00e+00,yes,ps26119 0.1.0 (git 1dcd40e),"phase-1 iters 11, bound flips 18, refactorizations 74, Bland episodes 0, Devex resets 1, tolerance tightenings 0; presolve removed 515 rows, 495 cols"
1dcd40e,cloud-x86-4c,Intel(R) Xeon(R) Processor @ 2.10GHz,4,none,,,2026-09-30T14:49:54,kennington,pds-06,9881,28655,62524,ps26119,r2hpdhg,1,1e-8,120,Optimal,5056,1.488253,27761037601.955555,27761038000.0,"published optimum (netlib readme, ALPO, 8 digits)",1.43e-08,PASS,3.53e-07,9.17e-12,5.09e-11,yes,ps26119 0.1.0 (git 1dcd40e),"presolve removed 515 rows, 495 cols"
1dcd40e,cloud-x86-4c,Intel(R) Xeon(R) Processor @ 2.10GHz,4,none,,,2026-09-30T14:49:54,kennington,pds-06,9881,28655,62524,ps26119,r2hpdhg,4,1e-8,120,Optimal,5056,1.153514,27761037601.955555,27761038000.0,"published optimum (netlib readme, ALPO, 8 digits)",1.43e-08,PASS,3.53e-07,9.17e-12,5.09e-11,yes,ps26119 0.1.0 (git 1dcd40e),"presolve removed 515 rows, 495 cols"
1dcd40e,cloud-x86-4c,Intel(R) Xeon(R) Processor @ 2.10GHz,4,none,,,2026-09-30T14:49:54,kennington,pds-06,9881,28655,62524,highs,simplex,default,HiGHS defaults (1e-7 feasibility),120,Optimal,2541,0.407121,27761037600.0,27761038000.0,"published optimum (netlib readme, ALPO, 8 digits)",1.44e-08,PASS,0.00e+00,0.00e+00,0.00e+00,yes,HiGHS 1.15.1,HiGHS model status kOptimal
1dcd40e,cloud-x86-4c,Intel(R) Xeon(R) Processor @ 2.10GHz,4,none,,,2026-09-30T14:49:54,kennington,pds-06,9881,28655,62524,highs,ipm,default,HiGHS defaults (1e-7 feasibility),120,Optimal,32,0.520446,27761037600.0,27761038000.0,"published optimum (netlib readme, ALPO, 8 digits)",1.44e-08,PASS,0.00e+00,0.00e+00,0.00e+00,yes,HiGHS 1.15.1,HiGHS model status kOptimal
1dcd40e,cloud-x86-4c,Intel(R) Xeon(R) Processor @ 2.10GHz,4,none,,,2026-09-30T14:49:54,kennington,pds-06,9881,28655,62524,highs,pdlp,default,1e-8 (pdlp_optimality_tolerance),120,NotSolved,4320,1.112949,27761037553.458126,27761038000.0,"published optimum (netlib readme, ALPO, 8 digits)",1.61e-08,FAIL,nan,nan,nan,no,HiGHS 1.15.1,HiGHS model status kUnknown
1dcd40e,cloud-x86-4c,Intel(R) Xeon(R) Processor @ 2.10GHz,4,none,,,2026-09-30T14:49:54,kennington,pds-10,16558,48763,106436,ps26119,auto,1,1e-8,120,Optimal,6656,3.217138,26727094978.457764,26727095000.0,"published optimum (netlib readme, ALPO, 8 digits)",8.06e-10,PASS,4.19e-07,7.57e-11,2.87e-11,yes,ps26119 0.1.0 (git 1dcd40e),"auto: r2hpdhg (rows*nnz = 1.8e+09); presolve removed 580 rows, 550 cols; reduced model re-solved to 1e-10 to pass on the original"
1dcd40e,cloud-x86-4c,Intel(R) Xeon(R) Processor @ 2.10GHz,4,none,,,2026-09-30T14:49:54,kennington,pds-10,16558,48763,106436,ps26119,simplex,1,1e-8,120,Optimal,15542,16.009803,26727094976,26727095000.0,"published optimum (netlib readme, ALPO, 8 digits)",8.98e-10,PASS,2.13e-14,4.37e-16,0.00e+00,yes,ps26119 0.1.0 (git 1dcd40e),"phase-1 iters 11, bound flips 36, refactorizations 157, Bland episodes 0, Devex resets 5, tolerance tightenings 0; presolve removed 580 rows, 550 cols"
1dcd40e,cloud-x86-4c,Intel(R) Xeon(R) Processor @ 2.10GHz,4,none,,,2026-09-30T14:49:54,kennington,pds-10,16558,48763,106436,ps26119,r2hpdhg,1,1e-8,120,Optimal,6656,3.443974,26727094978.457764,26727095000.0,"published optimum (netlib readme, ALPO, 8 digits)",8.06e-10,PASS,4.19e-07,7.57e-11,2.87e-11,yes,ps26119 0.1.0 (git 1dcd40e),"presolve removed 580 rows, 550 cols; reduced model re-solved to 1e-10 to pass on the original"
1dcd40e,cloud-x86-4c,Intel(R) Xeon(R) Processor @ 2.10GHz,4,none,,,2026-09-30T14:49:54,kennington,pds-10,16558,48763,106436,ps26119,r2hpdhg,4,1e-8,120,Optimal,6656,2.127878,26727094978.457764,26727095000.0,"published optimum (netlib readme, ALPO, 8 digits)",8.06e-10,PASS,4.19e-07,7.57e-11,2.87e-11,yes,ps26119 0.1.0 (git 1dcd40e),"presolve removed 580 rows, 550 cols; reduced model re-solved to 1e-10 to pass on the original"
1dcd40e,cloud-x86-4c,Intel(R) Xeon(R) Processor @ 2.10GHz,4,none,,,2026-09-30T14:49:54,kennington,pds-10,16558,48763,106436,highs,simplex,default,HiGHS defaults (1e-7 feasibility),120,Optimal,4502,0.618354,26727094976.0,26727095000.0,"published optimum (netlib readme, ALPO, 8 digits)",8.98e-10,PASS,0.00e+00,0.00e+00,0.00e+00,yes,HiGHS 1.15.1,HiGHS model status kOptimal
1dcd40e,cloud-x86-4c,Intel(R) Xeon(R) Processor @ 2.10GHz,4,none,,,2026-09-30T14:49:54,kennington,pds-10,16558,48763,106436,highs,ipm,default,HiGHS defaults (1e-7 feasibility),120,Optimal,41,1.410975,26727094976.0,26727095000.0,"published optimum (netlib readme, ALPO, 8 digits)",8.98e-10,PASS,0.00e+00,0.00e+00,0.00e+00,yes,HiGHS 1.15.1,HiGHS model status kOptimal
1dcd40e,cloud-x86-4c,Intel(R) Xeon(R) Processor @ 2.10GHz,4,none,,,2026-09-30T14:49:54,kennington,pds-10,16558,48763,106436,highs,pdlp,default,1e-8 (pdlp_optimality_tolerance),120,NotSolved,3160,1.991299,26727095056.044212,26727095000.0,"published optimum (netlib readme, ALPO, 8 digits)",2.10e-09,FAIL,nan,nan,nan,no,HiGHS 1.15.1,HiGHS model status kUnknown
1dcd40e,cloud-x86-4c,Intel(R) Xeon(R) Processor @ 2.10GHz,4,none,,,2026-09-30T14:49:54,kennington,pds-20,33874,105728,230200,ps26119,auto,1,1e-8,120,Optimal,26368,31.356925,23821658635.539364,23821659000.0,"published optimum (netlib readme, ALPO, 8 digits)",1.53e-08,PASS,8.41e-07,4.70e-09,3.33e-10,yes,ps26119 0.1.0 (git 1dcd40e),"auto: r2hpdhg (rows*nnz = 7.8e+09); presolve removed 927 rows, 779 cols"
1dcd40e,cloud-x86-4c,Intel(R) Xeon(R) Processor @ 2.10GHz,4,none,,,2026-09-30T14:49:54,kennington,pds-20,33874,105728,230200,ps26119,simplex,1,1e-8,120,TimeLimit,46912,120.069645,nan,23821659000.0,"published optimum (netlib readme, ALPO, 8 digits)",nan,FAIL,nan,nan,nan,no,ps26119 0.1.0 (git 1dcd40e),"time limit; phase-1 iters 6225, bound flips 58, refactorizations 500, Bland episodes 0, Devex resets 9, tolerance tightenings 0; presolve removed 927 rows, 779 cols"
1dcd40e,cloud-x86-4c,Intel(R) Xeon(R) Processor @ 2.10GHz,4,none,,,2026-09-30T14:49:54,kennington,pds-20,33874,105728,230200,ps26119,r2hpdhg,1,1e-8,120,Optimal,26368,29.157515,23821658635.539364,23821659000.0,"published optimum (netlib readme, ALPO, 8 digits)",1.53e-08,PASS,8.41e-07,4.70e-09,3.33e-10,yes,ps26119 0.1.0 (git 1dcd40e),"presolve removed 927 rows, 779 cols"
1dcd40e,cloud-x86-4c,Intel(R) Xeon(R) Processor @ 2.10GHz,4,none,,,2026-09-30T14:49:54,kennington,pds-20,33874,105728,230200,ps26119,r2hpdhg,4,1e-8,120,Optimal,26368,12.851275,23821658635.539364,23821659000.0,"published optimum (netlib readme, ALPO, 8 digits)",1.53e-08,PASS,8.41e-07,4.70e-09,3.33e-10,yes,ps26119 0.1.0 (git 1dcd40e),"presolve removed 927 rows, 779 cols"
1dcd40e,cloud-x86-4c,Intel(R) Xeon(R) Processor @ 2.10GHz,4,none,,,2026-09-30T14:49:54,kennington,pds-20,33874,105728,230200,highs,simplex,default,HiGHS defaults (1e-7 feasibility),120,Optimal,12732,2.246565,23821658640.0,23821659000.0,"published optimum (netlib readme, ALPO, 8 digits)",1.51e-08,PASS,0.00e+00,0.00e+00,0.00e+00,yes,HiGHS 1.15.1,HiGHS model status kOptimal
1dcd40e,cloud-x86-4c,Intel(R) Xeon(R) Processor @ 2.10GHz,4,none,,,2026-09-30T14:49:54,kennington,pds-20,33874,105728,230200,highs,ipm,default,HiGHS defaults (1e-7 feasibility),120,Optimal,52,5.664419,23821658640.0,23821659000.0,"published optimum (netlib readme, ALPO, 8 digits)",1.51e-08,PASS,2.27e-13,2.18e-15,0.00e+00,yes,HiGHS 1.15.1,HiGHS model status kOptimal
1dcd40e,cloud-x86-4c,Intel(R) Xeon(R) Processor @ 2.10GHz,4,none,,,2026-09-30T14:49:54,kennington,pds-20,33874,105728,230200,highs,pdlp,default,1e-8 (pdlp_optimality_tolerance),120,NotSolved,12440,18.469639,23821658301.38509,23821659000.0,"published optimum (netlib readme, ALPO, 8 digits)",2.93e-08,FAIL,nan,nan,nan,no,HiGHS 1.15.1,HiGHS model status kUnknown
1dcd40e,cloud-x86-4c,Intel(R) Xeon(R) Processor @ 2.10GHz,4,none,,,2026-09-30T14:49:54,scale,refinery-T12-s1,588,708,2065,ps26119,auto,1,1e-8,300,Optimal,907,0.048153,12118.44054736402,12118.440547364007,known optimum (by construction),1.05e-15,PASS,2.84e-13,7.15e-16,4.05e-15,yes,ps26119 0.1.0 (git 1dcd40e),"auto: simplex (rows*nnz = 1.2e+06); phase-1 iters 483, bound flips 21, refactorizations 32, Bland episodes 0, Devex resets 3, tolerance tightenings 0; presolve removed 84 rows, 0 cols"
1dcd40e,cloud-x86-4c,Intel(R) Xeon(R) Processor @ 2.10GHz,4,none,,,2026-09-30T14:49:54,scale,refinery-T12-s1,588,708,2065,ps26119,simplex,1,1e-8,300,Optimal,907,0.048141,12118.44054736402,12118.440547364007,known optimum (by construction),1.05e-15,PASS,2.84e-13,7.15e-16,4.05e-15,yes,ps26119 0.1.0 (git 1dcd40e),"phase-1 iters 483, bound flips 21, refactorizations 32, Bland episodes 0, Devex resets 3, tolerance tightenings 0; presolve removed 84 rows, 0 cols"
1dcd40e,cloud-x86-4c,Intel(R) Xeon(R) Processor @ 2.10GHz,4,none,,,2026-09-30T14:49:54,scale,refinery-T12-s1,588,708,2065,ps26119,r2hpdhg,1,1e-8,300,Optimal,1088,0.011302,12118.440546976286,12118.440547364007,known optimum (by construction),3.20e-11,PASS,1.05e-07,2.57e-10,4.97e-09,yes,ps26119 0.1.0 (git 1dcd40e),"presolve removed 84 rows, 0 cols"
1dcd40e,cloud-x86-4c,Intel(R) Xeon(R) Processor @ 2.10GHz,4,none,,,2026-09-30T14:49:54,scale,refinery-T12-s1,588,708,2065,ps26119,r2hpdhg,4,1e-8,300,Optimal,1088,0.017101,12118.440546976286,12118.440547364007,known optimum (by construction),3.20e-11,PASS,1.05e-07,2.57e-10,4.97e-09,yes,ps26119 0.1.0 (git 1dcd40e),"presolve removed 84 rows, 0 cols"
1dcd40e,cloud-x86-4c,Intel(R) Xeon(R) Processor @ 2.10GHz,4,none,,,2026-09-30T14:49:54,scale,refinery-T12-s1,588,708,2065,highs,simplex,default,HiGHS defaults (1e-7 feasibility),300,Optimal,540,0.018383,12118.440547363989,12118.440547364007,known optimum (by construction),1.50e-15,PASS,4.55e-13,4.97e-16,9.01e-16,yes,HiGHS 1.15.1,HiGHS model status kOptimal
1dcd40e,cloud-x86-4c,Intel(R) Xeon(R) Processor @ 2.10GHz,4,none,,,2026-09-30T14:49:54,scale,refinery-T12-s1,588,708,2065,highs,ipm,default,HiGHS defaults (1e-7 feasibility),300,Optimal,16,0.018394,12118.440547363987,12118.440547364007,known optimum (by construction),1.65e-15,PASS,3.13e-13,6.89e-16,2.55e-15,yes,HiGHS 1.15.1,HiGHS model status kOptimal
1dcd40e,cloud-x86-4c,Intel(R) Xeon(R) Processor @ 2.10GHz,4,none,,,2026-09-30T14:49:54,scale,refinery-T12-s1,588,708,2065,highs,pdlp,default,1e-8 (pdlp_optimality_tolerance),300,NotSolved,4280,0.043646,12118.4415856254,12118.440547364007,known optimum (by construction),8.57e-08,FAIL,nan,nan,nan,no,HiGHS 1.15.1,HiGHS model status kUnknown
1dcd40e,cloud-x86-4c,Intel(R) Xeon(R) Processor @ 2.10GHz,4,none,,,2026-09-30T14:49:54,scale,refinery-T365-s1,17885,21535,63134,ps26119,auto,1,1e-8,300,Optimal,1984,0.617696,843641.4507003281,843641.450693402,known optimum (by construction),8.21e-12,PASS,4.40e-07,3.52e-09,5.31e-10,yes,ps26119 0.1.0 (git 1dcd40e),"auto: r2hpdhg (rows*nnz = 1.1e+09); presolve removed 2555 rows, 0 cols"
1dcd40e,cloud-x86-4c,Intel(R) Xeon(R) Processor @ 2.10GHz,4,none,,,2026-09-30T14:49:54,scale,refinery-T365-s1,17885,21535,63134,ps26119,simplex,1,1e-8,300,Optimal,34560,33.142860,843641.45069340547,843641.450693402,known optimum (by construction),4.14e-15,PASS,4.83e-13,7.48e-16,2.21e-15,yes,ps26119 0.1.0 (git 1dcd40e),"phase-1 iters 16704, bound flips 242, refactorizations 376, Bland episodes 0, Devex resets 53, tolerance tightenings 0; presolve removed 2555 rows, 0 cols"
1dcd40e,cloud-x86-4c,Intel(R) Xeon(R) Processor @ 2.10GHz,4,none,,,2026-09-30T14:49:54,scale,refinery-T365-s1,17885,21535,63134,ps26119,r2hpdhg,1,1e-8,300,Optimal,1984,0.544730,843641.4507003281,843641.450693402,known optimum (by construction),8.21e-12,PASS,4.40e-07,3.52e-09,5.31e-10,yes,ps26119 0.1.0 (git 1dcd40e),"presolve removed 2555 rows, 0 cols"
1dcd40e,cloud-x86-4c,Intel(R) Xeon(R) Processor @ 2.10GHz,4,none,,,2026-09-30T14:49:54,scale,refinery-T365-s1,17885,21535,63134,ps26119,r2hpdhg,4,1e-8,300,Optimal,1984,0.573514,843641.4507003281,843641.450693402,known optimum (by construction),8.21e-12,PASS,4.40e-07,3.52e-09,5.31e-10,yes,ps26119 0.1.0 (git 1dcd40e),"presolve removed 2555 rows, 0 cols"
1dcd40e,cloud-x86-4c,Intel(R) Xeon(R) Processor @ 2.10GHz,4,none,,,2026-09-30T14:49:54,scale,refinery-T365-s1,17885,21535,63134,highs,simplex,default,HiGHS defaults (1e-7 feasibility),300,Optimal,28340,8.513387,843641.4506934055,843641.450693402,known optimum (by construction),4.14e-15,PASS,2.32e-12,7.11e-15,6.90e-16,yes,HiGHS 1.15.1,HiGHS model status kOptimal
1dcd40e,cloud-x86-4c,Intel(R) Xeon(R) Processor @ 2.10GHz,4,none,,,2026-09-30T14:49:54,scale,refinery-T365-s1,17885,21535,63134,highs,ipm,default,HiGHS defaults (1e-7 feasibility),300,Optimal,19,2.658819,843641.4506934024,843641.450693402,known optimum (by construction),5.52e-16,PASS,5.46e-12,9.34e-15,4.83e-15,yes,HiGHS 1.15.1,HiGHS model status kOptimal
1dcd40e,cloud-x86-4c,Intel(R) Xeon(R) Processor @ 2.10GHz,4,none,,,2026-09-30T14:49:54,scale,refinery-T365-s1,17885,21535,63134,highs,pdlp,default,1e-8 (pdlp_optimality_tolerance),300,NotSolved,3560,1.112233,843641.4507097861,843641.450693402,known optimum (by construction),1.94e-11,FAIL,nan,nan,nan,no,HiGHS 1.15.1,HiGHS model status kUnknown
1dcd40e,cloud-x86-4c,Intel(R) Xeon(R) Processor @ 2.10GHz,4,none,,,2026-09-30T14:49:54,scale,refinery-T2190-s1,107310,129210,378859,ps26119,auto,1,1e-8,300,Optimal,2560,4.169500,5344729.5742521789,5344729.574253703,known optimum (by construction),2.85e-13,PASS,1.88e-07,6.41e-09,2.89e-10,yes,ps26119 0.1.0 (git 1dcd40e),"auto: r2hpdhg (rows*nnz = 4.1e+10); presolve removed 15330 rows, 0 cols"
1dcd40e,cloud-x86-4c,Intel(R) Xeon(R) Processor @ 2.10GHz,4,none,,,2026-09-30T14:49:54,scale,refinery-T2190-s1,107310,129210,378859,ps26119,simplex,1,1e-8,300,TimeLimit,73600,300.324116,nan,5344729.574253703,known optimum (by construction),nan,FAIL,nan,nan,nan,no,ps26119 0.1.0 (git 1dcd40e),"time limit; phase-1 iters 73600, bound flips 176, refactorizations 735, Bland episodes 0, Devex resets 0, tolerance tightenings 0; presolve removed 15330 rows, 0 cols"
1dcd40e,cloud-x86-4c,Intel(R) Xeon(R) Processor @ 2.10GHz,4,none,,,2026-09-30T14:49:54,scale,refinery-T2190-s1,107310,129210,378859,ps26119,r2hpdhg,1,1e-8,300,Optimal,2560,4.910812,5344729.5742521789,5344729.574253703,known optimum (by construction),2.85e-13,PASS,1.88e-07,6.41e-09,2.89e-10,yes,ps26119 0.1.0 (git 1dcd40e),"presolve removed 15330 rows, 0 cols"
1dcd40e,cloud-x86-4c,Intel(R) Xeon(R) Processor @ 2.10GHz,4,none,,,2026-09-30T14:49:54,scale,refinery-T2190-s1,107310,129210,378859,ps26119,r2hpdhg,4,1e-8,300,Optimal,2560,1.996560,5344729.5742521789,5344729.574253703,known optimum (by construction),2.85e-13,PASS,1.88e-07,6.41e-09,2.89e-10,yes,ps26119 0.1.0 (git 1dcd40e),"presolve removed 15330 rows, 0 cols"
1dcd40e,cloud-x86-4c,Intel(R) Xeon(R) Processor @ 2.10GHz,4,none,,,2026-09-30T14:49:54,scale,refinery-T2190-s1,107310,129210,378859,highs,simplex,default,HiGHS defaults (1e-7 feasibility),300,Optimal,170593,127.492395,5344729.574253642,5344729.574253703,known optimum (by construction),1.13e-14,PASS,1.02e-11,5.63e-15,7.84e-16,yes,HiGHS 1.15.1,HiGHS model status kOptimal
1dcd40e,cloud-x86-4c,Intel(R) Xeon(R) Processor @ 2.10GHz,4,none,,,2026-09-30T14:49:54,scale,refinery-T2190-s1,107310,129210,378859,highs,ipm,default,HiGHS defaults (1e-7 feasibility),300,Optimal,22,70.187042,5344729.574253668,5344729.574253703,known optimum (by construction),6.45e-15,PASS,4.00e-11,7.09e-10,1.60e-11,yes,HiGHS 1.15.1,HiGHS model status kOptimal
1dcd40e,cloud-x86-4c,Intel(R) Xeon(R) Processor @ 2.10GHz,4,none,,,2026-09-30T14:49:54,scale,refinery-T2190-s1,107310,129210,378859,highs,pdlp,default,1e-8 (pdlp_optimality_tolerance),300,NotSolved,4600,10.181717,5344729.574832967,5344729.574253703,known optimum (by construction),1.08e-10,FAIL,nan,nan,nan,no,HiGHS 1.15.1,HiGHS model status kUnknown
1dcd40e,cloud-x86-4c,Intel(R) Xeon(R) Processor @ 2.10GHz,4,none,,,2026-09-30T14:49:54,scale,refinery-T8760-s1,429240,516840,1515469,ps26119,auto,1,1e-8,300,Optimal,2880,21.106202,21158525.625100967,21158525.625104126,known optimum (by construction),1.49e-13,PASS,5.06e-07,3.56e-09,1.85e-11,yes,ps26119 0.1.0 (git 1dcd40e),"auto: r2hpdhg (rows*nnz = 6.5e+11); presolve removed 61320 rows, 0 cols"
1dcd40e,cloud-x86-4c,Intel(R) Xeon(R) Processor @ 2.10GHz,4,none,,,2026-09-30T14:49:54,scale,refinery-T8760-s1,429240,516840,1515469,ps26119,simplex,1,1e-8,300,TimeLimit,21184,300.322087,nan,21158525.625104126,known optimum (by construction),nan,FAIL,nan,nan,nan,no,ps26119 0.1.0 (git 1dcd40e),"time limit; phase-1 iters 21184, bound flips 7, refactorizations 212, Bland episodes 0, Devex resets 0, tolerance tightenings 0; presolve removed 61320 rows, 0 cols"
1dcd40e,cloud-x86-4c,Intel(R) Xeon(R) Processor @ 2.10GHz,4,none,,,2026-09-30T14:49:54,scale,refinery-T8760-s1,429240,516840,1515469,ps26119,r2hpdhg,1,1e-8,300,Optimal,2880,20.830868,21158525.625100967,21158525.625104126,known optimum (by construction),1.49e-13,PASS,5.06e-07,3.56e-09,1.85e-11,yes,ps26119 0.1.0 (git 1dcd40e),"presolve removed 61320 rows, 0 cols"
1dcd40e,cloud-x86-4c,Intel(R) Xeon(R) Processor @ 2.10GHz,4,none,,,2026-09-30T14:49:54,scale,refinery-T8760-s1,429240,516840,1515469,ps26119,r2hpdhg,4,1e-8,300,Optimal,2880,8.567758,21158525.625100967,21158525.625104126,known optimum (by construction),1.49e-13,PASS,5.06e-07,3.56e-09,1.85e-11,yes,ps26119 0.1.0 (git 1dcd40e),"presolve removed 61320 rows, 0 cols"
1dcd40e,cloud-x86-4c,Intel(R) Xeon(R) Processor @ 2.10GHz,4,none,,,2026-09-30T14:49:54,scale,refinery-T8760-s1,429240,516840,1515469,highs,simplex,default,HiGHS defaults (1e-7 feasibility),300,TimeLimit,553324,300.054355,-22479925.65178983,21158525.625104126,known optimum (by construction),2.06e+00,FAIL,nan,nan,nan,no,HiGHS 1.15.1,HiGHS model status kTimeLimit
1dcd40e,cloud-x86-4c,Intel(R) Xeon(R) Processor @ 2.10GHz,4,none,,,2026-09-30T14:49:54,scale,refinery-T8760-s1,429240,516840,1515469,highs,ipm,default,HiGHS defaults (1e-7 feasibility),300,TimeLimit,17,300.069764,0.0,21158525.625104126,known optimum (by construction),1.00e+00,FAIL,nan,nan,nan,no,HiGHS 1.15.1,HiGHS model status kTimeLimit
1dcd40e,cloud-x86-4c,Intel(R) Xeon(R) Processor @ 2.10GHz,4,none,,,2026-09-30T14:49:54,scale,refinery-T8760-s1,429240,516840,1515469,highs,pdlp,default,1e-8 (pdlp_optimality_tolerance),300,NotSolved,10000,102.948614,21158525.67262795,21158525.625104126,known optimum (by construction),2.25e-09,FAIL,nan,nan,nan,no,HiGHS 1.15.1,HiGHS model status kUnknown
