git_hash,machine,cpu,gpu,driver,cuda,date,instance,rows,cols,nnz,highs_optimum,delta,engine,backend,time_limit,status,check,gate_certificate,verify,certificate,iterations,seconds,message
a239f97,cloud-x86-4c,Intel(R) Xeon(R) Processor @ 2.10GHz,none,,,2026-09-30T12:55:56,25fv47,822,1571,11127,5501.845888286757,0.55,r2hpdhg,cpu,60,Infeasible,PASS,tolerance,PASS,"Farkas, tolerance check (not exact)",1136640,36.485240,"primal infeasible: dual ray certificate (objective 0.011993, violation 0.000000) (drift since the restart anchor); presolve removed 44 rows, 25 cols; reduced-model Farkas certificate postsolved to the original rows; Farkas certificate: rigorous L0(r) = -inf; tolerance test L0/s = 0.012, violation/s "
a239f97,cloud-x86-4c,Intel(R) Xeon(R) Processor @ 2.10GHz,none,,,2026-09-30T12:55:56,80bau3b,2263,9799,29063,987224.1924090902,98.7,r2hpdhg,cpu,60,TimeLimit,,,FAIL,,593016,60.011351,"presolve removed 220 rows, 532 cols"
a239f97,cloud-x86-4c,Intel(R) Xeon(R) Processor @ 2.10GHz,none,,,2026-09-30T12:55:56,adlittle,57,97,465,225494.9631623803,22.5,r2hpdhg,cpu,60,Infeasible,PASS,rounding-proof,PASS,"Farkas, exact rational check (with 32 implied column bounds)",13056,0.018182,"primal infeasible: dual ray certificate (objective 0.006813, violation 0.000000) (drift since the restart anchor); presolve removed 3 rows, 1 cols; reduced-model Farkas certificate postsolved to the original rows; Farkas certificate: certified L0(r) = 0.0282 > 0 (rounding-proof)"
a239f97,cloud-x86-4c,Intel(R) Xeon(R) Processor @ 2.10GHz,none,,,2026-09-30T12:55:56,afiro,28,32,88,-464.75314285714285,0.0466,r2hpdhg,cpu,60,Infeasible,PASS,rounding-proof,PASS,"Farkas, exact rational check (with 5 implied column bounds)",1088,0.000885,"primal infeasible: dual ray certificate (objective 0.046575, violation 0.000000); presolve removed 2 rows, 0 cols; reduced-model Farkas certificate postsolved to the original rows; Farkas certificate: certified L0(r) = 0.00103 > 0 (rounding-proof)"
a239f97,cloud-x86-4c,Intel(R) Xeon(R) Processor @ 2.10GHz,none,,,2026-09-30T12:55:56,agg,489,163,2541,-35991767.2865765,3.6e+03,r2hpdhg,cpu,60,Infeasible,PASS,rounding-proof,PASS,"Farkas, exact rational check (with 30 implied column bounds)",2384000,16.908099,"primal infeasible: dual ray certificate (objective 0.018307, violation 0.000000); presolve removed 30 rows, 0 cols; reduced-model Farkas certificate postsolved to the original rows; Farkas certificate: certified L0(r) = 3.99e+04 > 0 (rounding-proof)"
a239f97,cloud-x86-4c,Intel(R) Xeon(R) Processor @ 2.10GHz,none,,,2026-09-30T12:55:56,agg2,517,302,4515,-20239252.355977118,2.02e+03,r2hpdhg,cpu,60,Infeasible,PASS,rounding-proof,PASS,"Farkas, exact rational check (with 84 implied column bounds)",68608,0.845090,"primal infeasible: dual ray certificate (objective 0.530316, violation 0.000000); presolve removed 32 rows, 1 cols; reduced-model Farkas certificate postsolved to the original rows; Farkas certificate: certified L0(r) = 7.74 > 0 (rounding-proof)"
a239f97,cloud-x86-4c,Intel(R) Xeon(R) Processor @ 2.10GHz,none,,,2026-09-30T12:55:56,agg3,517,302,4531,10312115.935089216,1.03e+03,r2hpdhg,cpu,60,Infeasible,PASS,rounding-proof,PASS,"Farkas, exact rational check (with 72 implied column bounds)",178112,2.105240,"primal infeasible: dual ray certificate (objective 0.270190, violation 0.000000); presolve removed 32 rows, 1 cols; reduced-model Farkas certificate postsolved to the original rows; Farkas certificate: certified L0(r) = 1.22 > 0 (rounding-proof)"
a239f97,cloud-x86-4c,Intel(R) Xeon(R) Processor @ 2.10GHz,none,,,2026-09-30T12:55:56,bandm,306,472,2659,-158.62801845012078,0.016,r2hpdhg,cpu,60,Infeasible,PASS,rounding-proof,PASS,"Farkas, exact rational check (with 170 implied column bounds)",147200,1.025774,"primal infeasible: dual ray certificate (objective 0.000878, violation 0.000000) (drift since the restart anchor); presolve removed 47 rows, 47 cols; reduced-model Farkas certificate postsolved to the original rows; Farkas certificate: certified L0(r) = 8.94 > 0 (rounding-proof)"
a239f97,cloud-x86-4c,Intel(R) Xeon(R) Processor @ 2.10GHz,none,,,2026-09-30T12:55:56,beaconfd,174,262,3476,33592.4858072,3.36,r2hpdhg,cpu,60,Infeasible,PASS,rounding-proof,PASS,"Farkas, exact rational check (with 31 implied column bounds)",24384,0.175737,"primal infeasible: dual ray certificate (objective 0.189130, violation 0.000000); presolve removed 37 rows, 33 cols; reduced-model Farkas certificate postsolved to the original rows; Farkas certificate: certified L0(r) = 0.0754 > 0 (rounding-proof)"
a239f97,cloud-x86-4c,Intel(R) Xeon(R) Processor @ 2.10GHz,none,,,2026-09-30T12:55:56,blend,75,83,521,-30.812149845828237,0.00318,r2hpdhg,cpu,60,Infeasible,PASS,tolerance,PASS,"Farkas, tolerance check (not exact)",24320,0.034880,"primal infeasible: dual ray certificate (objective 0.000543, violation 0.000000) (drift since the restart anchor); presolve removed 2 rows, 0 cols; reduced-model Farkas certificate postsolved to the original rows; Farkas certificate: rigorous L0(r) = -inf; tolerance test L0/s = 0.000543, violation/s"
a239f97,cloud-x86-4c,Intel(R) Xeon(R) Processor @ 2.10GHz,none,,,2026-09-30T12:55:56,bnl1,644,1175,6129,1977.6295615228878,0.198,r2hpdhg,cpu,60,Infeasible,PASS,rounding-proof,PASS,"Farkas, exact rational check (with 332 implied column bounds)",1676800,29.608183,"primal infeasible: dual ray certificate (objective 0.000134, violation 0.000000) (drift since the restart anchor); presolve removed 71 rows, 6 cols; reduced-model Farkas certificate postsolved to the original rows; Farkas certificate: certified L0(r) = 2.1e+04 > 0 (rounding-proof)"
a239f97,cloud-x86-4c,Intel(R) Xeon(R) Processor @ 2.10GHz,none,,,2026-09-30T12:55:56,bnl2,2325,3489,16124,1811.2365403585482,0.181,r2hpdhg,cpu,60,Infeasible,PASS,tolerance,PASS,"Farkas, tolerance check (not exact)",334080,18.076029,"primal infeasible: dual ray certificate (objective 0.001099, violation 0.000000) (drift since the restart anchor); presolve removed 178 rows, 34 cols; reduced-model Farkas certificate postsolved to the original rows; Farkas certificate: rigorous L0(r) = -inf; tolerance test L0/s = 0.0011, violation/"
a239f97,cloud-x86-4c,Intel(R) Xeon(R) Processor @ 2.10GHz,none,,,2026-09-30T12:55:56,boeing1,352,384,3865,-335.21356750712675,0.0336,r2hpdhg,cpu,60,Infeasible,PASS,rounding-proof,PASS,"Farkas, exact rational check (with 76 implied column bounds)",194048,1.779525,"primal infeasible: dual ray certificate (objective 0.001014, violation 0.000000) (drift since the restart anchor); presolve removed 43 rows, 4 cols; reduced-model Farkas certificate postsolved to the original rows; Farkas certificate: certified L0(r) = 9.76 > 0 (rounding-proof)"
a239f97,cloud-x86-4c,Intel(R) Xeon(R) Processor @ 2.10GHz,none,,,2026-09-30T12:55:56,boeing2,167,143,1339,-315.0187280152027,0.0316,r2hpdhg,cpu,60,Infeasible,PASS,rounding-proof,PASS,"Farkas, exact rational check (with 14 implied column bounds)",8128,0.028302,"primal infeasible: dual ray certificate (objective 0.007103, violation 0.000000); presolve removed 31 rows, 0 cols; reduced-model Farkas certificate postsolved to the original rows; Farkas certificate: certified L0(r) = 0.0363 > 0 (rounding-proof)"
a239f97,cloud-x86-4c,Intel(R) Xeon(R) Processor @ 2.10GHz,none,,,2026-09-30T12:55:56,bore3d,234,315,1525,1373.0803942084926,0.137,r2hpdhg,cpu,60,Infeasible,PASS,rounding-proof,PASS,"Farkas, exact rational check (with 57 implied column bounds)",196608,0.768437,"primal infeasible: dual ray certificate (objective 0.000867, violation 0.000000) (drift since the restart anchor); presolve removed 44 rows, 42 cols; reduced-model Farkas certificate postsolved to the original rows; Farkas certificate: certified L0(r) = 285 > 0 (rounding-proof)"
a239f97,cloud-x86-4c,Intel(R) Xeon(R) Processor @ 2.10GHz,none,,,2026-09-30T12:55:56,brandy,221,249,2150,1518.5098964881279,0.152,r2hpdhg,cpu,60,Infeasible,PASS,tolerance,PASS,"Farkas, tolerance check (not exact)",313088,1.411072,"primal infeasible: dual ray certificate (objective 0.006547, violation 0.000000) (drift since the restart anchor); presolve removed 96 rows, 41 cols; reduced-model Farkas certificate postsolved to the original rows; Farkas certificate: rigorous L0(r) = -inf; tolerance test L0/s = 0.00655, violation/"
a239f97,cloud-x86-4c,Intel(R) Xeon(R) Processor @ 2.10GHz,none,,,2026-09-30T12:55:56,capri,272,353,1786,2690.0129137681593,0.269,r2hpdhg,cpu,60,TimeLimit,,,FAIL,,10826203,60.001140,"presolve removed 16 rows, 32 cols"
a239f97,cloud-x86-4c,Intel(R) Xeon(R) Processor @ 2.10GHz,none,,,2026-09-30T12:55:56,cycle,1904,2857,21322,-5.226393024894102,0.000623,r2hpdhg,cpu,60,TimeLimit,,,FAIL,,884932,60.015721,"presolve removed 147 rows, 107 cols"
a239f97,cloud-x86-4c,Intel(R) Xeon(R) Processor @ 2.10GHz,none,,,2026-09-30T12:55:56,czprob,930,3523,14173,2185196.698856578,219,r2hpdhg,cpu,60,Infeasible,PASS,rounding-proof,PASS,"Farkas, exact rational check (with 332 implied column bounds)",553728,21.493214,"primal infeasible: dual ray certificate (objective 0.011465, violation 0.000000) (drift since the restart anchor); presolve removed 192 rows, 419 cols; reduced-model Farkas certificate postsolved to the original rows; Farkas certificate: certified L0(r) = 1.58e+09 > 0 (rounding-proof)"
a239f97,cloud-x86-4c,Intel(R) Xeon(R) Processor @ 2.10GHz,none,,,2026-09-30T12:55:56,d2q06c,2172,5167,35674,122784.2108141893,12.3,r2hpdhg,cpu,60,TimeLimit,,,FAIL,,472634,60.018012,"presolve removed 73 rows, 10 cols"
a239f97,cloud-x86-4c,Intel(R) Xeon(R) Processor @ 2.10GHz,none,,,2026-09-30T12:55:56,d6cube,416,6184,43888,315.49166666666696,0.0316,r2hpdhg,cpu,60,Infeasible,PASS,rounding-proof,PASS,"Farkas, exact rational check (with 159 implied column bounds)",142336,20.425997,"primal infeasible: dual ray certificate (objective 0.023694, violation 0.000000) (drift since the restart anchor); presolve removed 12 rows, 1 cols; reduced-model Farkas certificate postsolved to the original rows; Farkas certificate: certified L0(r) = 591 > 0 (rounding-proof)"
a239f97,cloud-x86-4c,Intel(R) Xeon(R) Processor @ 2.10GHz,none,,,2026-09-30T12:55:56,degen2,445,534,4449,-1435.178,0.144,r2hpdhg,cpu,60,Infeasible,PASS,rounding-proof,PASS,"Farkas, exact rational check (with 166 implied column bounds)",81152,1.019764,"primal infeasible: dual ray certificate (objective 0.003757, violation 0.000000) (drift since the restart anchor); Farkas certificate: certified L0(r) = 115 > 0 (rounding-proof)"
a239f97,cloud-x86-4c,Intel(R) Xeon(R) Processor @ 2.10GHz,none,,,2026-09-30T12:55:56,degen3,1504,1818,26230,-987.2940000000007,0.0988,r2hpdhg,cpu,60,Infeasible,PASS,rounding-proof,PASS,"Farkas, exact rational check (with 530 implied column bounds)",138240,8.663013,"primal infeasible: dual ray certificate (objective 0.008084, violation 0.000000) (drift since the restart anchor); Farkas certificate: certified L0(r) = 911 > 0 (rounding-proof)"
a239f97,cloud-x86-4c,Intel(R) Xeon(R) Processor @ 2.10GHz,none,,,2026-09-30T12:55:56,dfl001,6072,12230,41873,11266396.04667138,1.13e+03,r2hpdhg,cpu,60,TimeLimit,,,FAIL,,156882,60.044789,
a239f97,cloud-x86-4c,Intel(R) Xeon(R) Processor @ 2.10GHz,none,,,2026-09-30T12:55:56,e226,224,282,2767,-11.638929066370537,0.00126,r2hpdhg,cpu,60,Infeasible,PASS,rounding-proof,PASS,"Farkas, exact rational check (with 58 implied column bounds)",395776,2.348625,"primal infeasible: dual ray certificate (objective 0.000043, violation 0.000000) (drift since the restart anchor); presolve removed 55 rows, 11 cols; reduced-model Farkas certificate postsolved to the original rows; Farkas certificate: certified L0(r) = 394 > 0 (rounding-proof)"
a239f97,cloud-x86-4c,Intel(R) Xeon(R) Processor @ 2.10GHz,none,,,2026-09-30T12:55:56,etamacro,401,688,2489,-755.7152333005275,0.0757,r2hpdhg,cpu,60,Infeasible,PASS,rounding-proof,PASS,"Farkas, exact rational check (with 122 implied column bounds)",1449728,10.434856,"primal infeasible: dual ray certificate (objective 0.000733, violation 0.000000) (drift since the restart anchor); presolve removed 65 rows, 146 cols; reduced-model Farkas certificate postsolved to the original rows; Farkas certificate: certified L0(r) = 2.51e+07 > 0 (rounding-proof)"
a239f97,cloud-x86-4c,Intel(R) Xeon(R) Processor @ 2.10GHz,none,,,2026-09-30T12:55:56,fffff800,525,854,6235,555679.5648174963,55.6,r2hpdhg,cpu,60,Infeasible,PASS,rounding-proof,PASS,"Farkas, exact rational check (with 171 implied column bounds)",1207808,20.046489,"primal infeasible: dual ray certificate (objective 0.000419, violation 0.000000) (drift since the restart anchor); presolve removed 48 rows, 37 cols; reduced-model Farkas certificate postsolved to the original rows; Farkas certificate: certified L0(r) = 516 > 0 (rounding-proof)"
a239f97,cloud-x86-4c,Intel(R) Xeon(R) Processor @ 2.10GHz,none,,,2026-09-30T12:55:56,finnis,498,614,2714,172791.06559561164,17.3,r2hpdhg,cpu,60,TimeLimit,,,FAIL,,6995300,60.001495,"presolve removed 64 rows, 65 cols"
a239f97,cloud-x86-4c,Intel(R) Xeon(R) Processor @ 2.10GHz,none,,,2026-09-30T12:55:56,fit1d,25,1026,14430,-9146.378092420928,0.915,r2hpdhg,cpu,60,Infeasible,PASS,rounding-proof,PASS,"Farkas, exact rational check",12352,0.375379,"primal infeasible: dual ray certificate (objective 0.010595, violation 0.000000); Farkas certificate: certified L0(r) = 4.6e-06 > 0 (rounding-proof)"
a239f97,cloud-x86-4c,Intel(R) Xeon(R) Processor @ 2.10GHz,none,,,2026-09-30T12:55:56,fit1p,628,1677,10894,9146.378092420935,0.915,r2hpdhg,cpu,60,Infeasible,PASS,rounding-proof,PASS,"Farkas, exact rational check (with 192 implied column bounds)",75776,1.947324,"primal infeasible: dual ray certificate (objective 0.304913, violation 0.000000) (drift since the restart anchor); Farkas certificate: certified L0(r) = 6.97e+05 > 0 (rounding-proof)"
a239f97,cloud-x86-4c,Intel(R) Xeon(R) Processor @ 2.10GHz,none,,,2026-09-30T12:55:56,fit2d,26,10500,138018,-68464.2932938321,6.85,r2hpdhg,cpu,60,Infeasible,PASS,rounding-proof,PASS,"Farkas, exact rational check",18944,6.577926,"primal infeasible: dual ray certificate (objective 0.225188, violation 0.000000); Farkas certificate: certified L0(r) = 1.35e-05 > 0 (rounding-proof)"
a239f97,cloud-x86-4c,Intel(R) Xeon(R) Processor @ 2.10GHz,none,,,2026-09-30T12:55:56,fit2p,3001,13525,60784,68464.29329383216,6.85,r2hpdhg,cpu,60,Infeasible,PASS,rounding-proof,PASS,"Farkas, exact rational check (with 534 implied column bounds)",115200,23.077600,"primal infeasible: dual ray certificate (objective 3.423234, violation 0.000000) (drift since the restart anchor); Farkas certificate: certified L0(r) = 2.83e+07 > 0 (rounding-proof)"
a239f97,cloud-x86-4c,Intel(R) Xeon(R) Processor @ 2.10GHz,none,,,2026-09-30T12:55:56,forplan,162,421,4916,-664.2189612722054,0.0665,r2hpdhg,cpu,60,TimeLimit,,,FAIL,,5128473,60.003049,"presolve removed 27 rows, 3 cols"
a239f97,cloud-x86-4c,Intel(R) Xeon(R) Processor @ 2.10GHz,none,,,2026-09-30T12:55:56,ganges,1310,1681,7021,-109585.73612927813,11,r2hpdhg,cpu,60,Infeasible,PASS,rounding-proof,PASS,"Farkas, exact rational check (with 527 implied column bounds)",210432,5.411139,"primal infeasible: dual ray certificate (objective 0.008767, violation 0.000000) (drift since the restart anchor); presolve removed 184 rows, 184 cols; reduced-model Farkas certificate postsolved to the original rows; Farkas certificate: certified L0(r) = 7.29e+06 > 0 (rounding-proof)"
a239f97,cloud-x86-4c,Intel(R) Xeon(R) Processor @ 2.10GHz,none,,,2026-09-30T12:55:56,gfrd-pnc,617,1092,3467,6902235.999548812,690,r2hpdhg,cpu,60,Infeasible,PASS,tolerance,PASS,"Farkas, tolerance check (not exact)",44800,0.523494,"primal infeasible: dual ray certificate (objective 8.126897, violation 0.000000) (drift since the restart anchor); presolve removed 26 rows, 26 cols; reduced-model Farkas certificate postsolved to the original rows; Farkas certificate: rigorous L0(r) = -240; tolerance test L0/s = 8.13, violation/s ="
a239f97,cloud-x86-4c,Intel(R) Xeon(R) Processor @ 2.10GHz,none,,,2026-09-30T12:55:56,greenbea,2393,5405,31499,-72555248.12984587,7.26e+03,r2hpdhg,cpu,60,TimeLimit,,,FAIL,,638101,60.022424,"presolve removed 76 rows, 176 cols"
a239f97,cloud-x86-4c,Intel(R) Xeon(R) Processor @ 2.10GHz,none,,,2026-09-30T12:55:56,greenbeb,2393,5405,31499,-4302260.261206586,430,r2hpdhg,cpu,60,TimeLimit,,,FAIL,,604187,60.019820,"presolve removed 78 rows, 190 cols"
a239f97,cloud-x86-4c,Intel(R) Xeon(R) Processor @ 2.10GHz,none,,,2026-09-30T12:55:56,grow15,301,645,5665,-106870941.29357533,1.07e+04,r2hpdhg,cpu,60,Infeasible,PASS,rounding-proof,PASS,"Farkas, exact rational check (with 18 implied column bounds)",6848,0.105449,"primal infeasible: dual ray certificate (objective 110.815731, violation 0.000001); Farkas certificate: certified L0(r) = 1.67 > 0 (rounding-proof)"
a239f97,cloud-x86-4c,Intel(R) Xeon(R) Processor @ 2.10GHz,none,,,2026-09-30T12:55:56,grow22,441,946,8318,-160834336.48256296,1.61e+04,r2hpdhg,cpu,60,Infeasible,PASS,rounding-proof,PASS,"Farkas, exact rational check (with 33 implied column bounds)",6656,0.171423,"primal infeasible: dual ray certificate (objective 111.011186, violation 0.000001) (drift since the restart anchor); Farkas certificate: certified L0(r) = 1.94e+03 > 0 (rounding-proof)"
a239f97,cloud-x86-4c,Intel(R) Xeon(R) Processor @ 2.10GHz,none,,,2026-09-30T12:55:56,grow7,141,301,2633,-47787811.8147115,4.78e+03,r2hpdhg,cpu,60,Infeasible,PASS,rounding-proof,PASS,"Farkas, exact rational check (with 8 implied column bounds)",3072,0.029696,"primal infeasible: dual ray certificate (objective 43.610110, violation 0.000000) (drift since the restart anchor); Farkas certificate: certified L0(r) = 24.1 > 0 (rounding-proof)"
a239f97,cloud-x86-4c,Intel(R) Xeon(R) Processor @ 2.10GHz,none,,,2026-09-30T12:55:56,israel,175,142,2358,-896644.8218630459,89.7,r2hpdhg,cpu,60,Infeasible,PASS,rounding-proof,PASS,"Farkas, exact rational check (with 40 implied column bounds)",17536,0.096426,"primal infeasible: dual ray certificate (objective 0.245350, violation 0.000000); presolve removed 11 rows, 0 cols; reduced-model Farkas certificate postsolved to the original rows; Farkas certificate: certified L0(r) = 0.122 > 0 (rounding-proof)"
a239f97,cloud-x86-4c,Intel(R) Xeon(R) Processor @ 2.10GHz,none,,,2026-09-30T12:55:56,kb2,44,41,291,-1749.9001299062056,0.175,r2hpdhg,cpu,60,Infeasible,PASS,rounding-proof,PASS,"Farkas, exact rational check (with 10 implied column bounds)",68352,0.071333,"primal infeasible: dual ray certificate (objective 0.010048, violation 0.000000) (drift since the restart anchor); Farkas certificate: certified L0(r) = 106 > 0 (rounding-proof)"
a239f97,cloud-x86-4c,Intel(R) Xeon(R) Processor @ 2.10GHz,none,,,2026-09-30T12:55:56,lotfi,154,308,1086,-25.264706061880002,0.00263,r2hpdhg,cpu,60,Infeasible,PASS,tolerance,PASS,"Farkas, tolerance check (not exact)",30208,0.130429,"primal infeasible: dual ray certificate (objective 0.002626, violation 0.000000) (drift since the restart anchor); presolve removed 19 rows, 8 cols; reduced-model Farkas certificate postsolved to the original rows; Farkas certificate: rigorous L0(r) = -inf; tolerance test L0/s = 0.0014, violation/s "
a239f97,cloud-x86-4c,Intel(R) Xeon(R) Processor @ 2.10GHz,none,,,2026-09-30T12:55:56,maros-r7,3137,9408,151120,1497185.1664796423,150,r2hpdhg,cpu,60,Infeasible,PASS,rounding-proof,PASS,"Farkas, exact rational check (with 1446 implied column bounds)",14592,4.511609,"primal infeasible: dual ray certificate (objective 149.716302, violation 0.000001) (drift since the restart anchor); Farkas certificate: certified L0(r) = 2.12e+04 > 0 (rounding-proof)"
a239f97,cloud-x86-4c,Intel(R) Xeon(R) Processor @ 2.10GHz,none,,,2026-09-30T12:55:56,maros,847,1443,10006,-58063.74370112589,5.81,r2hpdhg,cpu,60,TimeLimit,,,FAIL,,2189451,60.006902,"presolve removed 35 rows, 52 cols"
a239f97,cloud-x86-4c,Intel(R) Xeon(R) Processor @ 2.10GHz,none,,,2026-09-30T12:55:56,modszk1,688,1620,4158,320.61972906434596,0.0322,r2hpdhg,cpu,60,TimeLimit,,,FAIL,,3345899,60.004384,"presolve removed 2 rows, 1 cols"
a239f97,cloud-x86-4c,Intel(R) Xeon(R) Processor @ 2.10GHz,none,,,2026-09-30T12:55:56,nesm,663,2923,13988,14076036.487562705,1.41e+03,r2hpdhg,cpu,60,TimeLimit,,,FAIL,,1480826,60.007151,"presolve removed 16 rows, 183 cols"
a239f97,cloud-x86-4c,Intel(R) Xeon(R) Processor @ 2.10GHz,none,,,2026-09-30T12:55:56,perold,626,1376,6026,-9380.755278235187,0.938,r2hpdhg,cpu,60,Infeasible,PASS,tolerance,PASS,"Farkas, tolerance check (not exact)",278784,4.713322,"primal infeasible: dual ray certificate (objective 0.002417, violation 0.000000) (drift since the restart anchor); presolve removed 5 rows, 68 cols; reduced-model Farkas certificate postsolved to the original rows; Farkas certificate: rigorous L0(r) = -inf; tolerance test L0/s = 0.00242, violation/s"
a239f97,cloud-x86-4c,Intel(R) Xeon(R) Processor @ 2.10GHz,none,,,2026-09-30T12:55:56,pilot.ja,941,1988,14706,-6113.136465581338,0.611,r2hpdhg,cpu,60,TimeLimit,,,FAIL,,1764609,60.013106,"presolve removed 21 rows, 315 cols"
a239f97,cloud-x86-4c,Intel(R) Xeon(R) Processor @ 2.10GHz,none,,,2026-09-30T12:55:56,pilot,1442,3652,43220,-557.4897292744025,0.0558,r2hpdhg,cpu,60,TimeLimit,,,FAIL,,571918,60.083034,"presolve removed 8 rows, 205 cols"
a239f97,cloud-x86-4c,Intel(R) Xeon(R) Processor @ 2.10GHz,none,,,2026-09-30T12:55:56,pilot.we,723,2789,9218,-2720107.5328449584,272,r2hpdhg,cpu,60,TimeLimit,,,FAIL,,1942037,60.016289,"presolve removed 0 rows, 78 cols"
a239f97,cloud-x86-4c,Intel(R) Xeon(R) Processor @ 2.10GHz,none,,,2026-09-30T12:55:56,pilot4,411,1000,5145,-2581.1392588838853,0.258,r2hpdhg,cpu,60,TimeLimit,,,FAIL,,3950253,60.003342,"presolve removed 8 rows, 38 cols"
a239f97,cloud-x86-4c,Intel(R) Xeon(R) Processor @ 2.10GHz,none,,,2026-09-30T12:55:56,pilot87,2031,4883,73804,301.71034733310745,0.0303,r2hpdhg,cpu,60,TimeLimit,,,FAIL,,348673,60.133374,"presolve removed 15 rows, 225 cols"
a239f97,cloud-x86-4c,Intel(R) Xeon(R) Processor @ 2.10GHz,none,,,2026-09-30T12:55:56,pilotnov,976,2172,13129,-4497.2761882188715,0.45,r2hpdhg,cpu,60,Infeasible,PASS,rounding-proof,PASS,"Farkas, exact rational check (with 800 implied column bounds)",50688,1.805092,"primal infeasible: dual ray certificate (objective 0.394270, violation 0.000000) (drift since the restart anchor); presolve removed 54 rows, 233 cols; reduced-model Farkas certificate postsolved to the original rows; Farkas certificate: certified L0(r) = 16.7 > 0 (rounding-proof)"
a239f97,cloud-x86-4c,Intel(R) Xeon(R) Processor @ 2.10GHz,none,,,2026-09-30T12:55:56,recipe,92,180,752,-266.61600000000027,0.0268,r2hpdhg,cpu,60,Infeasible,PASS,rounding-proof,PASS,"Farkas, exact rational check",20032,0.038062,"primal infeasible: dual ray certificate (objective 0.008671, violation 0.000000); presolve removed 8 rows, 29 cols; reduced-model Farkas certificate postsolved to the original rows; Farkas certificate: certified L0(r) = 9.06e-06 > 0 (rounding-proof)"
a239f97,cloud-x86-4c,Intel(R) Xeon(R) Processor @ 2.10GHz,none,,,2026-09-30T12:55:56,sc105,106,103,281,-52.20206121170723,0.00532,r2hpdhg,cpu,60,Infeasible,PASS,rounding-proof,PASS,"Farkas, exact rational check (with 42 implied column bounds)",15616,0.019387,"primal infeasible: dual ray certificate (objective 0.007767, violation 0.000000) (drift since the restart anchor); presolve removed 2 rows, 0 cols; reduced-model Farkas certificate postsolved to the original rows; Farkas certificate: certified L0(r) = 25.9 > 0 (rounding-proof)"
a239f97,cloud-x86-4c,Intel(R) Xeon(R) Processor @ 2.10GHz,none,,,2026-09-30T12:55:56,sc205,206,203,552,-52.20206121170721,0.00532,r2hpdhg,cpu,60,Infeasible,PASS,rounding-proof,PASS,"Farkas, exact rational check (with 70 implied column bounds)",98304,0.300359,"primal infeasible: dual ray certificate (objective 0.007766, violation 0.000000) (drift since the restart anchor); presolve removed 3 rows, 1 cols; reduced-model Farkas certificate postsolved to the original rows; Farkas certificate: certified L0(r) = 405 > 0 (rounding-proof)"
a239f97,cloud-x86-4c,Intel(R) Xeon(R) Processor @ 2.10GHz,none,,,2026-09-30T12:55:56,sc50a,51,48,131,-64.5750770585645,0.00656,r2hpdhg,cpu,60,Infeasible,PASS,rounding-proof,PASS,"Farkas, exact rational check (with 24 implied column bounds)",3840,0.003267,"primal infeasible: dual ray certificate (objective 0.009108, violation 0.000000) (drift since the restart anchor); presolve removed 2 rows, 0 cols; reduced-model Farkas certificate postsolved to the original rows; Farkas certificate: certified L0(r) = 7.88 > 0 (rounding-proof)"
a239f97,cloud-x86-4c,Intel(R) Xeon(R) Processor @ 2.10GHz,none,,,2026-09-30T12:55:56,sc50b,51,48,119,-69.99999999999999,0.0071,r2hpdhg,cpu,60,Infeasible,PASS,rounding-proof,PASS,"Farkas, exact rational check (with 26 implied column bounds)",3072,0.002787,"primal infeasible: dual ray certificate (objective 0.009467, violation 0.000000) (drift since the restart anchor); presolve removed 3 rows, 0 cols; reduced-model Farkas certificate postsolved to the original rows; Farkas certificate: certified L0(r) = 0.21 > 0 (rounding-proof)"
a239f97,cloud-x86-4c,Intel(R) Xeon(R) Processor @ 2.10GHz,none,,,2026-09-30T12:55:56,scagr25,472,500,2029,-14753433.060768528,1.48e+03,r2hpdhg,cpu,60,Infeasible,PASS,rounding-proof,PASS,"Farkas, exact rational check (with 140 implied column bounds)",58112,0.421715,"primal infeasible: dual ray certificate (objective 0.266749, violation 0.000000) (drift since the restart anchor); presolve removed 124 rows, 1 cols; reduced-model Farkas certificate postsolved to the original rows; Farkas certificate: certified L0(r) = 3.77e+04 > 0 (rounding-proof)"
a239f97,cloud-x86-4c,Intel(R) Xeon(R) Processor @ 2.10GHz,none,,,2026-09-30T12:55:56,scagr7,130,140,553,-2331389.824330984,233,r2hpdhg,cpu,60,Infeasible,PASS,rounding-proof,PASS,"Farkas, exact rational check (with 66 implied column bounds)",46336,0.104969,"primal infeasible: dual ray certificate (objective 0.068144, violation 0.000000) (drift since the restart anchor); presolve removed 34 rows, 1 cols; reduced-model Farkas certificate postsolved to the original rows; Farkas certificate: certified L0(r) = 10.9 > 0 (rounding-proof)"
a239f97,cloud-x86-4c,Intel(R) Xeon(R) Processor @ 2.10GHz,none,,,2026-09-30T12:55:56,scfxm1,331,457,2612,18416.759028348948,1.84,r2hpdhg,cpu,60,Infeasible,PASS,tolerance,PASS,"Farkas, tolerance check (not exact)",270848,2.445284,"primal infeasible: dual ray certificate (objective 0.010073, violation 0.000000) (drift since the restart anchor); presolve removed 41 rows, 9 cols; reduced-model Farkas certificate postsolved to the original rows; Farkas certificate: rigorous L0(r) = -inf; tolerance test L0/s = 0.0101, violation/s "
a239f97,cloud-x86-4c,Intel(R) Xeon(R) Processor @ 2.10GHz,none,,,2026-09-30T12:55:56,scfxm2,661,914,5229,36660.261564998815,3.67,r2hpdhg,cpu,60,Infeasible,PASS,tolerance,PASS,"Farkas, tolerance check (not exact)",634880,9.889202,"primal infeasible: dual ray certificate (objective 0.020052, violation 0.000000) (drift since the restart anchor); presolve removed 82 rows, 18 cols; reduced-model Farkas certificate postsolved to the original rows; Farkas certificate: rigorous L0(r) = -inf; tolerance test L0/s = 0.0201, violation/s"
a239f97,cloud-x86-4c,Intel(R) Xeon(R) Processor @ 2.10GHz,none,,,2026-09-30T12:55:56,scfxm3,991,1371,7846,54901.254549751444,5.49,r2hpdhg,cpu,60,Infeasible,PASS,tolerance,PASS,"Farkas, tolerance check (not exact)",530176,12.385271,"primal infeasible: dual ray certificate (objective 0.030028, violation 0.000000) (drift since the restart anchor); presolve removed 123 rows, 27 cols; reduced-model Farkas certificate postsolved to the original rows; Farkas certificate: rigorous L0(r) = -inf; tolerance test L0/s = 0.03, violation/s "
a239f97,cloud-x86-4c,Intel(R) Xeon(R) Processor @ 2.10GHz,none,,,2026-09-30T12:55:56,scorpion,389,358,1708,1878.1248227381068,0.188,r2hpdhg,cpu,60,Infeasible,PASS,rounding-proof,PASS,"Farkas, exact rational check (with 133 implied column bounds)",1558528,8.782573,"primal infeasible: dual ray certificate (objective 0.000430, violation 0.000000) (drift since the restart anchor); presolve removed 91 rows, 23 cols; reduced-model Farkas certificate postsolved to the original rows; Farkas certificate: certified L0(r) = 7.41e+05 > 0 (rounding-proof)"
a239f97,cloud-x86-4c,Intel(R) Xeon(R) Processor @ 2.10GHz,none,,,2026-09-30T12:55:56,scrs8,491,1169,4029,904.296953800792,0.0905,r2hpdhg,cpu,60,TimeLimit,,,FAIL,,4344686,60.003619,"presolve removed 36 rows, 32 cols"
a239f97,cloud-x86-4c,Intel(R) Xeon(R) Processor @ 2.10GHz,none,,,2026-09-30T12:55:56,scsd1,78,760,3148,8.666666674333364,0.000967,r2hpdhg,cpu,60,Infeasible,PASS,rounding-proof,PASS,"Farkas, exact rational check (with 45 implied column bounds)",4112384,35.895114,"primal infeasible: dual ray certificate (objective 0.000112, violation 0.000000) (drift since the restart anchor); Farkas certificate: certified L0(r) = 2.05e+06 > 0 (rounding-proof)"
a239f97,cloud-x86-4c,Intel(R) Xeon(R) Processor @ 2.10GHz,none,,,2026-09-30T12:55:56,scsd6,148,1350,5666,50.5000000782623,0.00515,r2hpdhg,cpu,60,TimeLimit,,,FAIL,,3899141,60.002130,
a239f97,cloud-x86-4c,Intel(R) Xeon(R) Processor @ 2.10GHz,none,,,2026-09-30T12:55:56,scsd8,398,2750,11334,904.9999999254643,0.0906,r2hpdhg,cpu,60,Infeasible,PASS,rounding-proof,PASS,"Farkas, exact rational check (with 162 implied column bounds)",530688,16.815603,"primal infeasible: dual ray certificate (objective 0.002140, violation 0.000000) (drift since the restart anchor); Farkas certificate: certified L0(r) = 3.14e+05 > 0 (rounding-proof)"
a239f97,cloud-x86-4c,Intel(R) Xeon(R) Processor @ 2.10GHz,none,,,2026-09-30T12:55:56,sctap1,301,480,2052,1412.25,0.141,r2hpdhg,cpu,60,Infeasible,PASS,rounding-proof,PASS,"Farkas, exact rational check (with 187 implied column bounds)",18944,0.130664,"primal infeasible: dual ray certificate (objective 0.000483, violation 0.000000) (drift since the restart anchor); Farkas certificate: certified L0(r) = 866 > 0 (rounding-proof)"
a239f97,cloud-x86-4c,Intel(R) Xeon(R) Processor @ 2.10GHz,none,,,2026-09-30T12:55:56,sctap2,1091,1880,8124,1724.807142857143,0.173,r2hpdhg,cpu,60,Infeasible,PASS,rounding-proof,PASS,"Farkas, exact rational check (with 442 implied column bounds)",17664,0.470520,"primal infeasible: dual ray certificate (objective 0.008218, violation 0.000000) (drift since the restart anchor); Farkas certificate: certified L0(r) = 2.46e+03 > 0 (rounding-proof)"
a239f97,cloud-x86-4c,Intel(R) Xeon(R) Processor @ 2.10GHz,none,,,2026-09-30T12:55:56,sctap3,1481,2480,10734,1424.0,0.143,r2hpdhg,cpu,60,Infeasible,PASS,rounding-proof,PASS,"Farkas, exact rational check (with 722 implied column bounds)",19968,0.757199,"primal infeasible: dual ray certificate (objective 0.006786, violation 0.000000) (drift since the restart anchor); Farkas certificate: certified L0(r) = 8.64e+03 > 0 (rounding-proof)"
a239f97,cloud-x86-4c,Intel(R) Xeon(R) Processor @ 2.10GHz,none,,,2026-09-30T12:55:56,seba,516,1028,4874,15711.599999999999,1.57,r2hpdhg,cpu,60,Infeasible,PASS,rounding-proof,PASS,"Farkas, exact rational check (with 225 implied column bounds)",4928,0.084893,"primal infeasible: dual ray certificate (objective 0.005570, violation 0.000000); Farkas certificate: certified L0(r) = 0.784 > 0 (rounding-proof)"
a239f97,cloud-x86-4c,Intel(R) Xeon(R) Processor @ 2.10GHz,none,,,2026-09-30T12:55:56,share1b,118,225,1182,-76589.31857918572,7.66,r2hpdhg,cpu,60,Infeasible,PASS,tolerance,PASS,"Farkas, tolerance check (not exact)",1290240,4.284032,"primal infeasible: dual ray certificate (objective 0.178211, violation 0.000000) (drift since the restart anchor); presolve removed 7 rows, 5 cols; reduced-model Farkas certificate postsolved to the original rows; Farkas certificate: rigorous L0(r) = -inf; tolerance test L0/s = 0.178, violation/s = "
a239f97,cloud-x86-4c,Intel(R) Xeon(R) Processor @ 2.10GHz,none,,,2026-09-30T12:55:56,share2b,97,79,730,-415.73224074141945,0.0417,r2hpdhg,cpu,60,Infeasible,PASS,tolerance,PASS,"Farkas, tolerance check (not exact)",387840,0.722083,"primal infeasible: dual ray certificate (objective 0.000132, violation 0.000000) (drift since the restart anchor); presolve removed 3 rows, 0 cols; reduced-model Farkas certificate postsolved to the original rows; Farkas certificate: rigorous L0(r) = -inf; tolerance test L0/s = 0.000132, violation/s"
a239f97,cloud-x86-4c,Intel(R) Xeon(R) Processor @ 2.10GHz,none,,,2026-09-30T12:55:56,shell,537,1775,4900,1208825346.0,1.21e+05,r2hpdhg,cpu,60,Infeasible,PASS,rounding-proof,PASS,"Farkas, exact rational check (with 220 implied column bounds)",15104,0.223033,"primal infeasible: dual ray certificate (objective 22.571067, violation 0.000000) (drift since the restart anchor); presolve removed 49 rows, 299 cols; reduced-model Farkas certificate postsolved to the original rows; Farkas certificate: certified L0(r) = 8.48e+05 > 0 (rounding-proof)"
a239f97,cloud-x86-4c,Intel(R) Xeon(R) Processor @ 2.10GHz,none,,,2026-09-30T12:55:56,ship04l,403,2118,8450,1793324.5379703562,179,r2hpdhg,cpu,60,Infeasible,PASS,rounding-proof,PASS,"Farkas, exact rational check (with 134 implied column bounds)",145920,3.365620,"primal infeasible: dual ray certificate (objective 0.030595, violation 0.000000) (drift since the restart anchor); presolve removed 46 rows, 4 cols; reduced-model Farkas certificate postsolved to the original rows; Farkas certificate: certified L0(r) = 8.45e+05 > 0 (rounding-proof)"
a239f97,cloud-x86-4c,Intel(R) Xeon(R) Processor @ 2.10GHz,none,,,2026-09-30T12:55:56,ship04s,403,1458,5810,1798714.7004453917,180,r2hpdhg,cpu,60,Infeasible,PASS,rounding-proof,PASS,"Farkas, exact rational check (with 122 implied column bounds)",337152,5.428747,"primal infeasible: dual ray certificate (objective 0.032109, violation 0.000000) (drift since the restart anchor); presolve removed 134 rows, 92 cols; reduced-model Farkas certificate postsolved to the original rows; Farkas certificate: certified L0(r) = 6.08e+05 > 0 (rounding-proof)"
a239f97,cloud-x86-4c,Intel(R) Xeon(R) Processor @ 2.10GHz,none,,,2026-09-30T12:55:56,ship08l,779,4283,17085,1909055.211389131,191,r2hpdhg,cpu,60,Infeasible,PASS,rounding-proof,PASS,"Farkas, exact rational check (with 261 implied column bounds)",738560,35.860139,"primal infeasible: dual ray certificate (objective 0.008747, violation 0.000000) (drift since the restart anchor); presolve removed 90 rows, 24 cols; reduced-model Farkas certificate postsolved to the original rows; Farkas certificate: certified L0(r) = 1.94e+07 > 0 (rounding-proof)"
a239f97,cloud-x86-4c,Intel(R) Xeon(R) Processor @ 2.10GHz,none,,,2026-09-30T12:55:56,ship08s,779,2387,9501,1920098.2105346182,192,r2hpdhg,cpu,60,Infeasible,PASS,rounding-proof,PASS,"Farkas, exact rational check (with 243 implied column bounds)",2058240,49.808066,"primal infeasible: dual ray certificate (objective 0.007247, violation 0.000000) (drift since the restart anchor); presolve removed 362 rows, 296 cols; reduced-model Farkas certificate postsolved to the original rows; Farkas certificate: certified L0(r) = 2.97e+06 > 0 (rounding-proof)"
a239f97,cloud-x86-4c,Intel(R) Xeon(R) Processor @ 2.10GHz,none,,,2026-09-30T12:55:56,ship12l,1152,5427,21597,1470187.9193292663,147,r2hpdhg,cpu,60,Infeasible,PASS,rounding-proof,PASS,"Farkas, exact rational check (with 481 implied column bounds)",682240,39.488758,"primal infeasible: dual ray certificate (objective 0.003674, violation 0.000000) (drift since the restart anchor); presolve removed 313 rows, 204 cols; reduced-model Farkas certificate postsolved to the original rows; Farkas certificate: certified L0(r) = 1.54e+05 > 0 (rounding-proof)"
a239f97,cloud-x86-4c,Intel(R) Xeon(R) Processor @ 2.10GHz,none,,,2026-09-30T12:55:56,ship12s,1152,2763,10941,1489236.1344061329,149,r2hpdhg,cpu,60,Infeasible,PASS,rounding-proof,PASS,"Farkas, exact rational check (with 389 implied column bounds)",321536,7.737193,"primal infeasible: dual ray certificate (objective 0.003712, violation 0.000000) (drift since the restart anchor); presolve removed 685 rows, 576 cols; reduced-model Farkas certificate postsolved to the original rows; Farkas certificate: certified L0(r) = 2.63e+05 > 0 (rounding-proof)"
a239f97,cloud-x86-4c,Intel(R) Xeon(R) Processor @ 2.10GHz,none,,,2026-09-30T12:55:56,sierra,1228,2036,9252,15394362.183631929,1.54e+03,r2hpdhg,cpu,60,Infeasible,PASS,rounding-proof,PASS,"Farkas, exact rational check",254208,7.528244,"primal infeasible: dual ray certificate (objective 0.007000, violation 0.000000) (drift since the restart anchor); presolve removed 15 rows, 20 cols; reduced-model Farkas certificate postsolved to the original rows; Farkas certificate: certified L0(r) = 287 > 0 (rounding-proof)"
a239f97,cloud-x86-4c,Intel(R) Xeon(R) Processor @ 2.10GHz,none,,,2026-09-30T12:55:56,stair,357,467,3857,-251.26695119296335,0.0252,r2hpdhg,cpu,60,Infeasible,PASS,tolerance,PASS,"Farkas, tolerance check (not exact)",61184,0.684060,"primal infeasible: dual ray certificate (objective 0.002586, violation 0.000000) (drift since the restart anchor); presolve removed 1 rows, 82 cols; reduced-model Farkas certificate postsolved to the original rows; Farkas certificate: rigorous L0(r) = -inf; tolerance test L0/s = 0.00259, violation/s"
a239f97,cloud-x86-4c,Intel(R) Xeon(R) Processor @ 2.10GHz,none,,,2026-09-30T12:55:56,standata,360,1075,3038,1257.6995,0.126,r2hpdhg,cpu,60,Infeasible,PASS,rounding-proof,PASS,"Farkas, exact rational check (with 58 implied column bounds)",2240,0.037146,"primal infeasible: dual ray certificate (objective 0.017981, violation 0.000000); presolve removed 48 rows, 29 cols; reduced-model Farkas certificate postsolved to the original rows; Farkas certificate: certified L0(r) = 0.00826 > 0 (rounding-proof)"
a239f97,cloud-x86-4c,Intel(R) Xeon(R) Processor @ 2.10GHz,none,,,2026-09-30T12:55:56,standgub,362,1184,3146,1257.6995,0.126,r2hpdhg,cpu,60,Infeasible,PASS,rounding-proof,PASS,"Farkas, exact rational check (with 46 implied column bounds)",2560,0.033621,"primal infeasible: dual ray certificate (objective 0.017981, violation 0.000000) (drift since the restart anchor); presolve removed 49 rows, 30 cols; reduced-model Farkas certificate postsolved to the original rows; Farkas certificate: certified L0(r) = 1.29 > 0 (rounding-proof)"
a239f97,cloud-x86-4c,Intel(R) Xeon(R) Processor @ 2.10GHz,none,,,2026-09-30T12:55:56,standmps,468,1075,3686,1406.0175,0.141,r2hpdhg,cpu,60,Infeasible,PASS,rounding-proof,PASS,"Farkas, exact rational check (with 146 implied column bounds)",9728,0.111628,"primal infeasible: dual ray certificate (objective 0.006484, violation 0.000000) (drift since the restart anchor); presolve removed 48 rows, 29 cols; reduced-model Farkas certificate postsolved to the original rows; Farkas certificate: certified L0(r) = 965 > 0 (rounding-proof)"
a239f97,cloud-x86-4c,Intel(R) Xeon(R) Processor @ 2.10GHz,none,,,2026-09-30T12:55:56,stocfor1,118,111,474,-41131.97621943641,4.11,r2hpdhg,cpu,60,Infeasible,PASS,rounding-proof,PASS,"Farkas, exact rational check (with 51 implied column bounds)",52736,0.124649,"primal infeasible: dual ray certificate (objective 0.008342, violation 0.000000) (drift since the restart anchor); presolve removed 19 rows, 11 cols; reduced-model Farkas certificate postsolved to the original rows; Farkas certificate: certified L0(r) = 1.33e+04 > 0 (rounding-proof)"
a239f97,cloud-x86-4c,Intel(R) Xeon(R) Processor @ 2.10GHz,none,,,2026-09-30T12:55:56,stocfor2,2158,2031,9492,-39024.408537882104,3.9,r2hpdhg,cpu,60,Infeasible,PASS,rounding-proof,PASS,"Farkas, exact rational check (with 705 implied column bounds)",340736,11.458940,"primal infeasible: dual ray certificate (objective 0.015156, violation 0.000000) (drift since the restart anchor); presolve removed 28 rows, 16 cols; reduced-model Farkas certificate postsolved to the original rows; Farkas certificate: certified L0(r) = 9.08e+05 > 0 (rounding-proof)"
a239f97,cloud-x86-4c,Intel(R) Xeon(R) Processor @ 2.10GHz,none,,,2026-09-30T12:55:56,tuff,334,587,4523,0.292147765093613,0.000129,r2hpdhg,cpu,60,TimeLimit,,,FAIL,,4962408,60.004338,"presolve removed 41 rows, 5 cols"
a239f97,cloud-x86-4c,Intel(R) Xeon(R) Processor @ 2.10GHz,none,,,2026-09-30T12:55:56,vtp.base,199,203,914,129831.46246136137,13,r2hpdhg,cpu,60,Infeasible,PASS,rounding-proof,PASS,"Farkas, exact rational check (with 21 implied column bounds)",695808,2.002021,"primal infeasible: dual ray certificate (objective 0.000164, violation 0.000000) (drift since the restart anchor); presolve removed 32 rows, 21 cols; reduced-model Farkas certificate postsolved to the original rows; Farkas certificate: certified L0(r) = 9.91e+03 > 0 (rounding-proof)"
a239f97,cloud-x86-4c,Intel(R) Xeon(R) Processor @ 2.10GHz,none,,,2026-09-30T12:55:56,wood1p,245,2594,70216,1.442902411573409,0.000244,r2hpdhg,cpu,60,TimeLimit,,,FAIL,,452093,60.091845,"presolve removed 2 rows, 0 cols"
a239f97,cloud-x86-4c,Intel(R) Xeon(R) Processor @ 2.10GHz,none,,,2026-09-30T12:55:56,woodw,1099,8405,37478,1.3044763330842293,0.00023,r2hpdhg,cpu,60,TimeLimit,,,FAIL,,591967,60.037052,"presolve removed 1 rows, 0 cols"
