git_hash,machine,cpu,gpu,driver,cuda,date,settings,instance,rows,cols,nnz,engine,backend,precision,tolerance,time_limit,status,iterations,seconds,seconds_to_1e-4,objective,published_optimum,highs_objective,rel_err_highs,rel_err_published,check,verify,verify_primal_rel,verify_dual_rel,verify_gap_rel,certified_bound,certified_gap,message
a239f97,cloud-x86-4c,Intel(R) Xeon(R) Processor @ 2.10GHz,none,,,2026-09-30T12:02:52,input=mps,25fv47,821,1571,10400,r2hpdhg,cpu,fp64,1e-8,60,Optimal,105280,3.100065,0.670190,5501.8458816893863,5501.8458883,5501.845888286757,1.20e-09,1.20e-09,PASS,PASS,9.29e-07,5.70e-10,3.76e-11,-inf,inf,"presolve removed 44 rows, 26 cols"
a239f97,cloud-x86-4c,Intel(R) Xeon(R) Processor @ 2.10GHz,none,,,2026-09-30T12:02:52,input=mps,80bau3b,2262,9799,21002,r2hpdhg,cpu,fp64,1e-8,60,Optimal,155072,12.662315,2.982756,987224.19273368071,987232.16072,987224.1924090902,3.29e-10,8.07e-06,PASS,PASS,5.39e-07,5.52e-09,2.68e-09,-inf,inf,"presolve removed 220 rows, 559 cols"
a239f97,cloud-x86-4c,Intel(R) Xeon(R) Processor @ 2.10GHz,none,,,2026-09-30T12:02:52,input=mps,adlittle,56,97,383,r2hpdhg,cpu,fp64,1e-8,60,Optimal,2560,0.003525,0.002117,225494.96499663856,225494.96316,225494.9631623803,8.13e-09,8.14e-09,PASS,PASS,2.97e-08,1.74e-09,4.25e-09,-inf,inf,"presolve removed 3 rows, 1 cols"
a239f97,cloud-x86-4c,Intel(R) Xeon(R) Processor @ 2.10GHz,none,,,2026-09-30T12:02:52,input=mps,afiro,27,32,83,r2hpdhg,cpu,fp64,1e-8,60,Optimal,448,0.000429,0.000225,-464.75314187787183,-464.75314286,-464.75314285714285,2.10e-09,2.11e-09,PASS,PASS,9.85e-07,8.37e-11,1.11e-09,-464.75314381914706,4.17e-09,"presolve removed 2 rows, 0 cols"
a239f97,cloud-x86-4c,Intel(R) Xeon(R) Processor @ 2.10GHz,none,,,2026-09-30T12:02:52,input=mps,agg,488,163,2410,r2hpdhg,cpu,fp64,1e-8,60,Optimal,86912,0.574504,0.052770,-35991767.286607705,-35991767.287,-35991767.2865765,8.67e-13,1.09e-11,PASS,PASS,4.68e-08,4.48e-08,4.89e-10,-35991768.12701983,2.34e-08,"presolve removed 30 rows, 0 cols"
a239f97,cloud-x86-4c,Intel(R) Xeon(R) Processor @ 2.10GHz,none,,,2026-09-30T12:02:52,input=mps,agg2,516,302,4284,r2hpdhg,cpu,fp64,1e-8,60,Optimal,5824,0.059501,0.038062,-20239252.355932947,-20239252.356,-20239252.355977118,2.18e-12,3.31e-12,PASS,PASS,9.42e-07,5.15e-13,1.12e-12,-20239252.355980106,2.33e-12,"presolve removed 32 rows, 1 cols"
a239f97,cloud-x86-4c,Intel(R) Xeon(R) Processor @ 2.10GHz,none,,,2026-09-30T12:02:52,input=mps,agg3,516,302,4300,r2hpdhg,cpu,fp64,1e-8,60,Optimal,6144,0.061549,0.040171,10312115.935258616,10312115.935,10312115.935089216,1.64e-11,2.51e-11,PASS,PASS,9.72e-07,2.69e-14,8.33e-12,10312115.935086636,1.67e-11,"presolve removed 32 rows, 1 cols"
a239f97,cloud-x86-4c,Intel(R) Xeon(R) Processor @ 2.10GHz,none,,,2026-09-30T12:02:52,input=mps,bandm,305,472,2494,r2hpdhg,cpu,fp64,1e-8,60,Optimal,14912,0.096471,0.058577,-158.62801820596826,-158.62801845,-158.62801845012078,1.53e-09,1.53e-09,PASS,PASS,2.41e-07,2.75e-08,7.07e-09,-inf,inf,"presolve removed 47 rows, 47 cols"
a239f97,cloud-x86-4c,Intel(R) Xeon(R) Processor @ 2.10GHz,none,,,2026-09-30T12:02:52,input=mps,beaconfd,173,262,3375,r2hpdhg,cpu,fp64,1e-8,60,Optimal,12992,0.082176,0.000615,33592.485807370154,33592.485807,33592.4858072,5.07e-12,1.10e-11,PASS,PASS,1.35e-07,2.74e-13,1.97e-12,33592.485807032128,1.01e-11,"presolve removed 37 rows, 37 cols; reduced model re-solved to 1e-10 to pass on the original"
a239f97,cloud-x86-4c,Intel(R) Xeon(R) Processor @ 2.10GHz,none,,,2026-09-30T12:02:52,input=mps,blend,74,83,491,r2hpdhg,cpu,fp64,1e-8,60,Optimal,1920,0.003126,0.001785,-30.812149699341099,-30.812149846,-30.812149845828237,4.60e-09,4.61e-09,PASS,PASS,4.29e-07,1.87e-10,2.29e-09,-inf,inf,"presolve removed 2 rows, 0 cols"
a239f97,cloud-x86-4c,Intel(R) Xeon(R) Processor @ 2.10GHz,none,,,2026-09-30T12:02:52,input=mps,bnl1,643,1175,5121,r2hpdhg,cpu,fp64,1e-8,60,Optimal,552640,8.711374,5.400116,1977.6296263534903,1977.6292856,1977.6295615228878,3.28e-08,1.72e-07,PASS,PASS,9.10e-09,1.22e-08,9.95e-09,1977.6293983527989,1.15e-07,"presolve removed 71 rows, 6 cols"
a239f97,cloud-x86-4c,Intel(R) Xeon(R) Processor @ 2.10GHz,none,,,2026-09-30T12:02:52,input=mps,bnl2,2324,3489,13999,r2hpdhg,cpu,fp64,1e-8,60,Optimal,721216,37.074655,1.998934,1811.2365164423491,1811.2365404,1811.2365403585482,1.32e-08,1.32e-08,PASS,PASS,4.14e-07,1.67e-10,9.94e-09,-inf,inf,"presolve removed 178 rows, 34 cols"
a239f97,cloud-x86-4c,Intel(R) Xeon(R) Processor @ 2.10GHz,none,,,2026-09-30T12:02:52,input=mps,boeing1,351,384,3485,r2hpdhg,cpu,fp64,1e-8,60,Optimal,15232,0.133698,0.041563,-335.21356769642244,,-335.21356750712675,5.63e-10,,PASS,PASS,4.72e-07,1.33e-14,2.08e-10,-335.21356755744159,4.13e-10,"presolve removed 43 rows, 4 cols"
a239f97,cloud-x86-4c,Intel(R) Xeon(R) Processor @ 2.10GHz,none,,,2026-09-30T12:02:52,input=mps,boeing2,166,143,1196,r2hpdhg,cpu,fp64,1e-8,60,Optimal,2688,0.014407,0.006093,-315.01872795890421,,-315.0187280152027,1.78e-10,,PASS,PASS,5.53e-07,7.86e-11,5.60e-09,-315.01873159550286,1.15e-08,"presolve removed 31 rows, 0 cols"
a239f97,cloud-x86-4c,Intel(R) Xeon(R) Processor @ 2.10GHz,none,,,2026-09-30T12:02:52,input=mps,bore3d,233,315,1429,r2hpdhg,cpu,fp64,1e-8,60,Optimal,28672,0.115163,0.095811,1373.0803942084667,1373.0803942,1373.0803942084926,1.89e-14,6.16e-12,PASS,PASS,5.30e-09,6.49e-12,2.02e-10,-inf,inf,"presolve removed 44 rows, 42 cols"
a239f97,cloud-x86-4c,Intel(R) Xeon(R) Processor @ 2.10GHz,none,,,2026-09-30T12:02:52,input=mps,brandy,220,249,2148,r2hpdhg,cpu,fp64,1e-8,60,Optimal,66368,0.298756,0.208991,1518.5098968790005,1518.5098965,1518.5098964881279,2.57e-10,2.49e-10,PASS,PASS,9.89e-07,6.17e-09,1.36e-10,-inf,inf,"presolve removed 96 rows, 41 cols"
a239f97,cloud-x86-4c,Intel(R) Xeon(R) Processor @ 2.10GHz,none,,,2026-09-30T12:02:52,input=mps,capri,271,353,1767,r2hpdhg,cpu,fp64,1e-8,60,Optimal,126912,0.593216,0.366744,2690.0129356351413,2690.0129138,2690.0129137681593,8.13e-09,8.11e-09,PASS,PASS,9.85e-07,2.30e-10,4.82e-09,-inf,inf,"presolve removed 16 rows, 32 cols"
a239f97,cloud-x86-4c,Intel(R) Xeon(R) Processor @ 2.10GHz,none,,,2026-09-30T12:02:52,input=mps,cycle,1903,2857,20720,r2hpdhg,cpu,fp64,1e-8,60,Optimal,75008,4.252841,3.501821,-5.2263930260024711,-5.2263930249,-5.226393024894102,1.78e-10,1.77e-10,PASS,PASS,2.58e-09,1.03e-13,9.37e-11,-inf,inf,"presolve removed 147 rows, 107 cols"
a239f97,cloud-x86-4c,Intel(R) Xeon(R) Processor @ 2.10GHz,none,,,2026-09-30T12:02:52,input=mps,czprob,929,3523,10669,r2hpdhg,cpu,fp64,1e-8,60,Optimal,26560,0.721640,0.127213,2185196.6956334934,2185196.6989,2185196.698856578,1.47e-09,1.49e-09,PASS,PASS,9.76e-08,9.82e-08,3.13e-09,2185196.5732215238,5.60e-08,"presolve removed 192 rows, 419 cols"
a239f97,cloud-x86-4c,Intel(R) Xeon(R) Processor @ 2.10GHz,none,,,2026-09-30T12:02:52,input=mps,d2q06c,2171,5167,32417,r2hpdhg,cpu,fp64,1e-8,60,TimeLimit,507502,60.017313,10.845858,122784.60780634523,122784.23615,122784.2108141893,3.23e-06,3.03e-06,,FAIL,1.92e+00,1.24e-05,1.77e-06,-inf,inf,"presolve removed 73 rows, 10 cols"
a239f97,cloud-x86-4c,Intel(R) Xeon(R) Processor @ 2.10GHz,none,,,2026-09-30T12:02:52,input=mps,d6cube,415,6184,37704,r2hpdhg,cpu,fp64,1e-8,60,Optimal,14208,1.725444,1.300579,315.49166579145583,315.49166667,315.49166666666696,2.77e-09,2.78e-09,PASS,PASS,7.75e-07,1.60e-07,4.22e-11,315.49111358302042,1.74e-06,"presolve removed 12 rows, 1 cols"
a239f97,cloud-x86-4c,Intel(R) Xeon(R) Processor @ 2.10GHz,none,,,2026-09-30T12:02:52,input=mps,degen2,444,534,3978,r2hpdhg,cpu,fp64,1e-8,60,Optimal,4160,0.072206,0.043282,-1435.1780017447959,-1435.178,-1435.178,1.21e-09,1.21e-09,PASS,PASS,1.71e-07,2.12e-09,5.89e-10,-1435.1780015766171,1.17e-10,
a239f97,cloud-x86-4c,Intel(R) Xeon(R) Processor @ 2.10GHz,none,,,2026-09-30T12:02:52,input=mps,degen3,1503,1818,24646,r2hpdhg,cpu,fp64,1e-8,60,Optimal,20928,1.267577,0.240323,-987.29400221754111,-987.294,-987.2940000000007,2.24e-09,2.24e-09,PASS,PASS,3.81e-07,2.15e-09,1.14e-09,-987.29400093028698,1.30e-09,
a239f97,cloud-x86-4c,Intel(R) Xeon(R) Processor @ 2.10GHz,none,,,2026-09-30T12:02:52,input=mps,dfl001,6071,12230,35632,r2hpdhg,cpu,fp64,1e-8,60,Optimal,31680,11.427793,2.211951,11266395.905367211,11266400.0,11266396.04667138,1.25e-08,3.63e-07,PASS,PASS,7.63e-07,8.46e-11,6.70e-09,-inf,inf,
a239f97,cloud-x86-4c,Intel(R) Xeon(R) Processor @ 2.10GHz,none,,,2026-09-30T12:02:52,input=mps,e226,223,282,2578,r2hpdhg,cpu,fp64,1e-8,60,Optimal,14080,0.109470,0.055686,-11.638928998066348,-18.751929066,-11.638929066370537,5.40e-09,3.60e-01,PASS,PASS,1.09e-08,4.70e-10,1.13e-09,-inf,inf,"presolve removed 55 rows, 11 cols"
a239f97,cloud-x86-4c,Intel(R) Xeon(R) Processor @ 2.10GHz,none,,,2026-09-30T12:02:52,input=mps,etamacro,400,688,2409,r2hpdhg,cpu,fp64,1e-8,60,Optimal,13632,0.095578,0.009043,-755.715234575252,-755.71521774,-755.7152333005275,1.68e-09,2.22e-08,PASS,PASS,4.75e-07,6.55e-09,2.08e-09,-755.71531287297466,1.03e-07,"presolve removed 65 rows, 146 cols"
a239f97,cloud-x86-4c,Intel(R) Xeon(R) Processor @ 2.10GHz,none,,,2026-09-30T12:02:52,input=mps,fffff800,524,854,6227,r2hpdhg,cpu,fp64,1e-8,60,Optimal,70080,1.101445,0.245976,555679.56480170612,555679.61165,555679.5648174963,2.84e-11,8.43e-08,PASS,PASS,3.89e-08,1.44e-08,5.49e-10,555679.50305851037,1.11e-07,"presolve removed 48 rows, 37 cols"
a239f97,cloud-x86-4c,Intel(R) Xeon(R) Processor @ 2.10GHz,none,,,2026-09-30T12:02:52,input=mps,finnis,497,614,2310,r2hpdhg,cpu,fp64,1e-8,60,Optimal,14720,0.140295,0.009194,172791.06649849101,172790.96547,172791.06559561164,5.23e-09,5.85e-07,PASS,PASS,9.24e-07,2.92e-11,8.86e-09,-inf,inf,"presolve removed 64 rows, 65 cols"
a239f97,cloud-x86-4c,Intel(R) Xeon(R) Processor @ 2.10GHz,none,,,2026-09-30T12:02:52,input=mps,fit1d,24,1026,13404,r2hpdhg,cpu,fp64,1e-8,60,Optimal,29440,0.881633,0.698908,-9146.378092445475,-9146.3780924,-9146.378092420928,2.68e-12,4.97e-12,PASS,PASS,3.19e-09,0.00e+00,1.92e-12,-9146.3780924806651,3.85e-12,
a239f97,cloud-x86-4c,Intel(R) Xeon(R) Processor @ 2.10GHz,none,,,2026-09-30T12:02:52,input=mps,fit1p,627,1677,9868,r2hpdhg,cpu,fp64,1e-8,60,Optimal,27584,0.627958,0.081611,9146.3780921496545,9146.3780924,9146.378092420935,2.97e-11,2.74e-11,PASS,PASS,2.36e-08,1.27e-07,2.01e-11,-inf,inf,
a239f97,cloud-x86-4c,Intel(R) Xeon(R) Processor @ 2.10GHz,none,,,2026-09-30T12:02:52,input=mps,fit2d,25,10500,129018,r2hpdhg,cpu,fp64,1e-8,60,Optimal,93888,28.474089,17.372626,-68464.293293819079,-68464.293294,-68464.2932938321,1.90e-13,2.64e-12,PASS,PASS,6.20e-09,0.00e+00,9.97e-14,-68464.293293832729,1.99e-13,
a239f97,cloud-x86-4c,Intel(R) Xeon(R) Processor @ 2.10GHz,none,,,2026-09-30T12:02:52,input=mps,fit2p,3000,13525,50284,r2hpdhg,cpu,fp64,1e-8,60,Optimal,48576,7.797354,1.435558,68464.293293804352,68464.293232,68464.29329383216,4.06e-13,9.03e-10,PASS,PASS,2.08e-08,2.35e-07,2.21e-11,-inf,inf,
a239f97,cloud-x86-4c,Intel(R) Xeon(R) Processor @ 2.10GHz,none,,,2026-09-30T12:02:52,input=mps,forplan,161,421,4563,r2hpdhg,cpu,fp64,1e-8,60,Optimal,166208,1.568805,0.507050,-664.21896235004965,,-664.2189612722054,1.62e-09,,PASS,PASS,3.78e-07,5.75e-09,1.93e-09,-664.21970144932482,1.11e-06,"presolve removed 27 rows, 3 cols"
a239f97,cloud-x86-4c,Intel(R) Xeon(R) Processor @ 2.10GHz,none,,,2026-09-30T12:02:52,input=mps,ganges,1309,1681,6912,r2hpdhg,cpu,fp64,1e-8,60,Optimal,172928,3.862522,0.034154,-109585.73649807471,-109586.36356,-109585.73612927813,3.37e-09,5.72e-06,PASS,PASS,2.88e-08,1.23e-08,5.80e-09,-109585.73992040686,3.12e-08,"presolve removed 184 rows, 184 cols"
a239f97,cloud-x86-4c,Intel(R) Xeon(R) Processor @ 2.10GHz,none,,,2026-09-30T12:02:52,input=mps,gfrd-pnc,616,1092,2377,r2hpdhg,cpu,fp64,1e-8,60,Optimal,81792,0.942509,0.512435,6902236.0010068892,6902235.9995,6902235.999548812,2.11e-10,2.18e-10,PASS,PASS,9.60e-07,7.51e-15,9.64e-11,-inf,inf,"presolve removed 26 rows, 26 cols"
a239f97,cloud-x86-4c,Intel(R) Xeon(R) Processor @ 2.10GHz,none,,,2026-09-30T12:02:52,input=mps,greenbea,2392,5405,30877,r2hpdhg,cpu,fp64,1e-8,60,TimeLimit,650742,60.021639,,-74270700.26568459,-72462405.908,-72555248.12984587,2.36e-02,2.50e-02,,FAIL,1.89e+01,8.24e-03,3.31e-03,-inf,inf,"presolve removed 76 rows, 176 cols"
a239f97,cloud-x86-4c,Intel(R) Xeon(R) Processor @ 2.10GHz,none,,,2026-09-30T12:02:52,input=mps,greenbeb,2392,5405,30877,r2hpdhg,cpu,fp64,1e-8,60,TimeLimit,665698,60.023618,,-4307480.4151424933,-4302147.6065,-4302260.261206586,1.21e-03,1.24e-03,,FAIL,2.06e-01,5.65e-07,2.53e-05,-inf,inf,"presolve removed 78 rows, 190 cols"
a239f97,cloud-x86-4c,Intel(R) Xeon(R) Processor @ 2.10GHz,none,,,2026-09-30T12:02:52,input=mps,grow15,300,645,5620,r2hpdhg,cpu,fp64,1e-8,60,Optimal,7232,0.091548,0.079574,-106870941.29357541,-106870941.29,-106870941.29357533,6.97e-16,3.35e-11,PASS,PASS,2.40e-09,1.02e-13,2.41e-14,-106870941.2935836,7.67e-14,
a239f97,cloud-x86-4c,Intel(R) Xeon(R) Processor @ 2.10GHz,none,,,2026-09-30T12:02:52,input=mps,grow22,440,946,8252,r2hpdhg,cpu,fp64,1e-8,60,Optimal,4928,0.098720,0.083854,-160834336.48256293,-160834336.48,-160834336.48256296,1.85e-16,1.59e-11,PASS,PASS,1.72e-09,3.77e-11,2.77e-11,-160834336.49546632,8.02e-11,
a239f97,cloud-x86-4c,Intel(R) Xeon(R) Processor @ 2.10GHz,none,,,2026-09-30T12:02:52,input=mps,grow7,140,301,2612,r2hpdhg,cpu,fp64,1e-8,60,Optimal,3776,0.036638,0.030012,-47787811.814711154,-47787811.815,-47787811.8147115,7.33e-15,6.04e-12,PASS,PASS,3.98e-09,1.29e-10,1.51e-09,-47787811.972772755,3.31e-09,
a239f97,cloud-x86-4c,Intel(R) Xeon(R) Processor @ 2.10GHz,none,,,2026-09-30T12:02:52,input=mps,israel,174,142,2269,r2hpdhg,cpu,fp64,1e-8,60,Optimal,9344,0.043422,0.009674,-896644.82184457453,-896644.82186,-896644.8218630459,2.06e-11,1.72e-11,PASS,PASS,6.45e-07,3.36e-11,1.44e-10,-896644.82222309394,4.22e-10,"presolve removed 11 rows, 0 cols"
a239f97,cloud-x86-4c,Intel(R) Xeon(R) Processor @ 2.10GHz,none,,,2026-09-30T12:02:52,input=mps,kb2,43,41,286,r2hpdhg,cpu,fp64,1e-8,60,Optimal,21568,0.017986,0.010261,-1749.9001299053039,-1749.9001299,-1749.9001299062056,5.15e-13,3.03e-12,PASS,PASS,6.98e-09,3.85e-10,6.38e-11,-1749.900130034863,7.40e-11,
a239f97,cloud-x86-4c,Intel(R) Xeon(R) Processor @ 2.10GHz,none,,,2026-09-30T12:02:52,input=mps,lotfi,153,308,1078,r2hpdhg,cpu,fp64,1e-8,60,Optimal,5376,0.018608,0.010517,-25.264706064584264,-25.264706062,-25.264706061880002,1.03e-10,9.84e-11,PASS,PASS,1.89e-07,1.60e-10,2.88e-10,-inf,inf,"presolve removed 19 rows, 8 cols"
a239f97,cloud-x86-4c,Intel(R) Xeon(R) Processor @ 2.10GHz,none,,,2026-09-30T12:02:52,input=mps,maros-r7,3136,9408,144848,r2hpdhg,cpu,fp64,1e-8,60,Optimal,8128,2.469383,0.277186,1497185.1664783671,1497185.1665,1497185.1664796423,8.52e-13,1.44e-11,PASS,PASS,1.88e-08,2.28e-07,3.39e-11,-inf,inf,
a239f97,cloud-x86-4c,Intel(R) Xeon(R) Processor @ 2.10GHz,none,,,2026-09-30T12:02:52,input=mps,maros,846,1443,9614,r2hpdhg,cpu,fp64,1e-8,60,Optimal,258496,6.328324,2.955982,-58063.743701496533,-58063.743701,-58063.74370112589,6.38e-12,8.55e-12,PASS,PASS,2.99e-07,7.41e-09,1.58e-10,-inf,inf,"presolve removed 35 rows, 52 cols"
a239f97,cloud-x86-4c,Intel(R) Xeon(R) Processor @ 2.10GHz,none,,,2026-09-30T12:02:52,input=mps,modszk1,687,1620,3168,r2hpdhg,cpu,fp64,1e-8,60,Optimal,70016,1.082976,0.823814,320.619729110023,320.61972906,320.61972906434596,1.42e-10,1.56e-10,PASS,PASS,1.40e-09,4.99e-12,7.72e-09,-inf,inf,"presolve removed 2 rows, 1 cols"
a239f97,cloud-x86-4c,Intel(R) Xeon(R) Processor @ 2.10GHz,none,,,2026-09-30T12:02:52,input=mps,nesm,662,2923,13288,r2hpdhg,cpu,fp64,1e-8,60,Optimal,542272,19.380481,0.005460,14076036.490306862,,14076036.487562705,1.95e-10,,PASS,PASS,2.61e-07,3.21e-10,9.92e-11,14076036.487091426,2.28e-10,"presolve removed 16 rows, 183 cols; reduced model re-solved to 1e-10 to pass on the original"
a239f97,cloud-x86-4c,Intel(R) Xeon(R) Processor @ 2.10GHz,none,,,2026-09-30T12:02:52,input=mps,perold,625,1376,6018,r2hpdhg,cpu,fp64,1e-8,60,Optimal,240576,4.997184,1.278951,-9380.7552782351268,-9380.7580773,-9380.755278235187,6.40e-15,2.98e-07,PASS,PASS,1.86e-09,4.80e-09,2.29e-11,-inf,inf,"presolve removed 5 rows, 68 cols"
a239f97,cloud-x86-4c,Intel(R) Xeon(R) Processor @ 2.10GHz,none,,,2026-09-30T12:02:52,input=mps,pilot.ja,940,1988,14698,r2hpdhg,cpu,fp64,1e-8,60,TimeLimit,1764999,60.009964,38.248539,-6113.1369908743309,-6113.1344111,-6113.136465581338,8.59e-08,4.22e-07,,FAIL,6.09e-04,1.68e-08,1.97e-08,-inf,inf,"presolve removed 21 rows, 315 cols"
a239f97,cloud-x86-4c,Intel(R) Xeon(R) Processor @ 2.10GHz,none,,,2026-09-30T12:02:52,input=mps,pilot,1441,3652,43167,r2hpdhg,cpu,fp64,1e-8,60,TimeLimit,579291,60.062504,,-557.47467316912753,-557.40430007,-557.4897292744025,2.70e-05,1.26e-04,,FAIL,7.42e-04,4.61e-03,3.40e-04,-600.25088167852903,7.66e-02,"presolve removed 8 rows, 205 cols"
a239f97,cloud-x86-4c,Intel(R) Xeon(R) Processor @ 2.10GHz,none,,,2026-09-30T12:02:52,input=mps,pilot.we,722,2789,9126,r2hpdhg,cpu,fp64,1e-8,60,TimeLimit,2015059,60.012085,7.601849,-2720115.6502906042,-2720102.7439,-2720107.5328449584,2.98e-06,4.74e-06,,FAIL,1.36e-03,7.93e-10,1.14e-06,-2720110.256305892,1.98e-06,"presolve removed 0 rows, 78 cols"
a239f97,cloud-x86-4c,Intel(R) Xeon(R) Processor @ 2.10GHz,none,,,2026-09-30T12:02:52,input=mps,pilot4,410,1000,5141,r2hpdhg,cpu,fp64,1e-8,60,TimeLimit,4014024,60.002757,2.845745,-2581.1387534223945,-2581.1392641,-2581.1392588838853,1.96e-07,1.98e-07,,FAIL,2.42e-03,7.44e-07,9.61e-08,-inf,inf,"presolve removed 8 rows, 38 cols"
a239f97,cloud-x86-4c,Intel(R) Xeon(R) Processor @ 2.10GHz,none,,,2026-09-30T12:02:52,input=mps,pilot87,2030,4883,73152,r2hpdhg,cpu,fp64,1e-8,60,TimeLimit,349118,60.097820,18.294207,301.71082668425157,301.71072827,301.71034733310745,1.58e-06,3.25e-07,,FAIL,1.43e-02,6.60e-07,7.44e-07,-inf,inf,"presolve removed 15 rows, 225 cols"
a239f97,cloud-x86-4c,Intel(R) Xeon(R) Processor @ 2.10GHz,none,,,2026-09-30T12:02:52,input=mps,pilotnov,975,2172,13057,r2hpdhg,cpu,fp64,1e-8,60,Optimal,23616,0.867503,0.426738,-4497.2761882988007,-4497.2761882,-4497.2761882188715,1.78e-11,2.20e-11,PASS,PASS,7.22e-07,5.71e-09,2.65e-09,-4497.2763003742702,2.49e-08,"presolve removed 54 rows, 233 cols"
a239f97,cloud-x86-4c,Intel(R) Xeon(R) Processor @ 2.10GHz,none,,,2026-09-30T12:02:52,input=mps,recipe,91,180,663,r2hpdhg,cpu,fp64,1e-8,60,Optimal,1024,0.002381,0.001637,-266.61600000427421,-266.616,-266.61600000000027,1.60e-11,1.60e-11,PASS,PASS,1.65e-09,0.00e+00,7.12e-12,-266.61600000047241,1.42e-11,"presolve removed 8 rows, 29 cols"
a239f97,cloud-x86-4c,Intel(R) Xeon(R) Processor @ 2.10GHz,none,,,2026-09-30T12:02:52,input=mps,sc105,105,103,280,r2hpdhg,cpu,fp64,1e-8,60,Optimal,2304,0.003839,0.001928,-52.20206117729559,-52.202061212,-52.20206121170723,6.47e-10,6.52e-10,PASS,PASS,3.56e-07,5.07e-12,1.84e-09,-52.202061418869981,4.54e-09,"presolve removed 1 rows, 0 cols"
a239f97,cloud-x86-4c,Intel(R) Xeon(R) Processor @ 2.10GHz,none,,,2026-09-30T12:02:52,input=mps,sc205,205,203,551,r2hpdhg,cpu,fp64,1e-8,60,Optimal,12544,0.030450,0.017954,-52.202061319138011,-52.202061212,-52.20206121170721,2.02e-09,2.01e-09,PASS,PASS,7.50e-07,1.05e-11,6.83e-09,-52.202091642234414,5.70e-07,"presolve removed 2 rows, 1 cols"
a239f97,cloud-x86-4c,Intel(R) Xeon(R) Processor @ 2.10GHz,none,,,2026-09-30T12:02:52,input=mps,sc50a,50,48,130,r2hpdhg,cpu,fp64,1e-8,60,Optimal,768,0.000796,0.000453,-64.575077515414335,-64.575077059,-64.5750770585645,6.97e-09,6.96e-09,PASS,PASS,2.71e-07,3.26e-10,1.55e-10,-64.575079007823561,2.28e-08,"presolve removed 1 rows, 0 cols"
a239f97,cloud-x86-4c,Intel(R) Xeon(R) Processor @ 2.10GHz,none,,,2026-09-30T12:02:52,input=mps,sc50b,50,48,118,r2hpdhg,cpu,fp64,1e-8,60,Optimal,1792,0.001539,0.000850,-69.999999036804724,-70.0,-69.99999999999999,1.36e-08,1.36e-08,PASS,PASS,7.24e-07,4.80e-10,8.63e-09,-70.000003747263506,6.63e-08,"presolve removed 2 rows, 0 cols"
a239f97,cloud-x86-4c,Intel(R) Xeon(R) Processor @ 2.10GHz,none,,,2026-09-30T12:02:52,input=mps,scagr25,471,500,1554,r2hpdhg,cpu,fp64,1e-8,60,Optimal,37888,0.264097,0.114837,-14753433.106838293,-14753433.061,-14753433.060768528,3.12e-09,3.11e-09,PASS,PASS,9.27e-07,6.99e-09,2.45e-09,-inf,inf,"presolve removed 124 rows, 1 cols"
a239f97,cloud-x86-4c,Intel(R) Xeon(R) Processor @ 2.10GHz,none,,,2026-09-30T12:02:52,input=mps,scagr7,129,140,420,r2hpdhg,cpu,fp64,1e-8,60,Optimal,30016,0.049363,0.005166,-2331389.8053657077,-2331389.2548,-2331389.824330984,8.13e-09,2.36e-07,PASS,PASS,8.40e-07,9.55e-10,3.87e-09,-2331389.8274387075,9.47e-09,"presolve removed 34 rows, 1 cols"
a239f97,cloud-x86-4c,Intel(R) Xeon(R) Processor @ 2.10GHz,none,,,2026-09-30T12:02:52,input=mps,scfxm1,330,457,2589,r2hpdhg,cpu,fp64,1e-8,60,Optimal,34944,0.270747,0.165597,18416.759028298089,18416.759028,18416.759028348948,2.76e-12,1.62e-11,PASS,PASS,1.18e-07,5.20e-09,1.02e-10,-inf,inf,"presolve removed 41 rows, 9 cols"
a239f97,cloud-x86-4c,Intel(R) Xeon(R) Processor @ 2.10GHz,none,,,2026-09-30T12:02:52,input=mps,scfxm2,660,914,5183,r2hpdhg,cpu,fp64,1e-8,60,Optimal,33984,0.624728,0.397126,36660.261584741769,36660.261565,36660.261564998815,5.39e-10,5.38e-10,PASS,PASS,7.95e-07,9.14e-09,2.52e-10,-inf,inf,"presolve removed 82 rows, 18 cols"
a239f97,cloud-x86-4c,Intel(R) Xeon(R) Processor @ 2.10GHz,none,,,2026-09-30T12:02:52,input=mps,scfxm3,990,1371,7777,r2hpdhg,cpu,fp64,1e-8,60,Optimal,37184,0.798221,0.410780,54901.25457801047,54901.25455,54901.254549751444,5.15e-10,5.10e-10,PASS,PASS,9.54e-07,2.34e-09,2.50e-10,-inf,inf,"presolve removed 123 rows, 27 cols"
a239f97,cloud-x86-4c,Intel(R) Xeon(R) Processor @ 2.10GHz,none,,,2026-09-30T12:02:52,input=mps,scorpion,388,358,1426,r2hpdhg,cpu,fp64,1e-8,60,Optimal,27200,0.117175,0.045601,1878.124826893958,1878.1248227,1878.1248227381068,2.21e-09,2.23e-09,PASS,PASS,6.67e-09,2.61e-08,4.42e-09,-inf,inf,"presolve removed 91 rows, 23 cols"
a239f97,cloud-x86-4c,Intel(R) Xeon(R) Processor @ 2.10GHz,none,,,2026-09-30T12:02:52,input=mps,scrs8,490,1169,3182,r2hpdhg,cpu,fp64,1e-8,60,Optimal,25728,0.264589,0.141293,904.29697099166515,904.29998619,904.296953800792,1.90e-08,3.33e-06,PASS,PASS,7.40e-07,1.14e-12,9.52e-09,-inf,inf,"presolve removed 36 rows, 32 cols"
a239f97,cloud-x86-4c,Intel(R) Xeon(R) Processor @ 2.10GHz,none,,,2026-09-30T12:02:52,input=mps,scsd1,77,760,2388,r2hpdhg,cpu,fp64,1e-8,60,Optimal,1280,0.009566,0.005639,8.6666665690717064,8.6666666743,8.666666674333364,1.09e-08,1.09e-08,PASS,PASS,7.33e-09,9.05e-10,4.39e-09,-inf,inf,
a239f97,cloud-x86-4c,Intel(R) Xeon(R) Processor @ 2.10GHz,none,,,2026-09-30T12:02:52,input=mps,scsd6,147,1350,4316,r2hpdhg,cpu,fp64,1e-8,60,Optimal,3648,0.046066,0.031596,50.500000246284188,50.500000078,50.5000000782623,3.26e-09,3.27e-09,PASS,PASS,2.19e-09,4.73e-08,7.14e-09,-inf,inf,
a239f97,cloud-x86-4c,Intel(R) Xeon(R) Processor @ 2.10GHz,none,,,2026-09-30T12:02:52,input=mps,scsd8,397,2750,8584,r2hpdhg,cpu,fp64,1e-8,60,Optimal,23616,0.661713,0.287314,904.99999992545747,904.99999993,904.9999999254643,7.53e-15,5.01e-12,PASS,PASS,1.87e-08,1.05e-08,2.49e-14,-inf,inf,
a239f97,cloud-x86-4c,Intel(R) Xeon(R) Processor @ 2.10GHz,none,,,2026-09-30T12:02:52,input=mps,sctap1,300,480,1692,r2hpdhg,cpu,fp64,1e-8,60,Optimal,2432,0.015771,0.007536,1412.2500232090442,1412.25,1412.25,1.64e-08,1.64e-08,PASS,PASS,7.93e-09,2.13e-08,8.41e-09,-inf,inf,
a239f97,cloud-x86-4c,Intel(R) Xeon(R) Processor @ 2.10GHz,none,,,2026-09-30T12:02:52,input=mps,sctap2,1090,1880,6714,r2hpdhg,cpu,fp64,1e-8,60,Optimal,1536,0.041474,0.018356,1724.8071545081066,1724.8071429,1724.807142857143,6.75e-09,6.73e-09,PASS,PASS,5.96e-08,3.57e-08,3.64e-09,1724.8071379802623,9.58e-09,
a239f97,cloud-x86-4c,Intel(R) Xeon(R) Processor @ 2.10GHz,none,,,2026-09-30T12:02:52,input=mps,sctap3,1480,2480,8874,r2hpdhg,cpu,fp64,1e-8,60,Optimal,1088,0.037390,0.017485,1424.0000077673649,1424.0,1424.0,5.45e-09,5.45e-09,PASS,PASS,1.35e-07,4.17e-08,1.06e-09,1423.9999868390641,1.47e-08,
a239f97,cloud-x86-4c,Intel(R) Xeon(R) Processor @ 2.10GHz,none,,,2026-09-30T12:02:52,input=mps,seba,515,1028,4352,r2hpdhg,cpu,fp64,1e-8,60,Optimal,4864,0.094797,0.077777,15711.599985515777,,15711.599999999999,9.22e-10,,PASS,PASS,5.51e-07,3.46e-12,4.99e-10,15711.599994116472,5.47e-10,
a239f97,cloud-x86-4c,Intel(R) Xeon(R) Processor @ 2.10GHz,none,,,2026-09-30T12:02:52,input=mps,share1b,117,225,1151,r2hpdhg,cpu,fp64,1e-8,60,Optimal,50496,0.246659,0.069345,-76589.318579910119,-76589.318579,-76589.31857918572,9.46e-12,1.19e-11,PASS,PASS,6.44e-07,1.59e-14,3.95e-12,-inf,inf,"presolve removed 7 rows, 5 cols"
a239f97,cloud-x86-4c,Intel(R) Xeon(R) Processor @ 2.10GHz,none,,,2026-09-30T12:02:52,input=mps,share2b,96,79,694,r2hpdhg,cpu,fp64,1e-8,60,Optimal,49344,0.130782,0.095002,-415.73223304702219,-415.73224074,-415.73224074141945,1.85e-08,1.85e-08,PASS,PASS,1.41e-08,7.01e-09,8.34e-09,-inf,inf,"presolve removed 3 rows, 0 cols"
a239f97,cloud-x86-4c,Intel(R) Xeon(R) Processor @ 2.10GHz,none,,,2026-09-30T12:02:52,input=mps,shell,536,1775,3556,r2hpdhg,cpu,fp64,1e-8,60,Optimal,27712,0.398169,0.065149,1208825346.0026484,1208825346.0,1208825346.0,2.19e-12,2.19e-12,PASS,PASS,7.97e-07,4.42e-13,1.06e-12,-inf,inf,"presolve removed 49 rows, 299 cols; postsolved point missed the tolerance, fell back to solving the original"
a239f97,cloud-x86-4c,Intel(R) Xeon(R) Processor @ 2.10GHz,none,,,2026-09-30T12:02:52,input=mps,ship04l,402,2118,6332,r2hpdhg,cpu,fp64,1e-8,60,Optimal,5760,0.119411,0.097858,1793324.5236307995,1793324.538,1793324.5379703562,8.00e-09,8.01e-09,PASS,PASS,1.47e-07,2.88e-09,4.34e-09,-inf,inf,"presolve removed 46 rows, 4 cols"
a239f97,cloud-x86-4c,Intel(R) Xeon(R) Processor @ 2.10GHz,none,,,2026-09-30T12:02:52,input=mps,ship04s,402,1458,4352,r2hpdhg,cpu,fp64,1e-8,60,Optimal,17280,0.255030,0.128310,1798714.6753530432,1798714.7004,1798714.7004453917,1.40e-08,1.39e-08,PASS,PASS,2.92e-07,2.10e-08,7.19e-09,-inf,inf,"presolve removed 134 rows, 92 cols"
a239f97,cloud-x86-4c,Intel(R) Xeon(R) Processor @ 2.10GHz,none,,,2026-09-30T12:02:52,input=mps,ship08l,778,4283,12802,r2hpdhg,cpu,fp64,1e-8,60,Optimal,14656,0.885957,0.252788,1909055.2379566922,1909055.2114,1909055.211389131,1.39e-08,1.39e-08,PASS,PASS,2.08e-07,2.03e-08,7.23e-09,1909055.1645772769,3.84e-08,"presolve removed 90 rows, 24 cols"
a239f97,cloud-x86-4c,Intel(R) Xeon(R) Processor @ 2.10GHz,none,,,2026-09-30T12:02:52,input=mps,ship08s,778,2387,7114,r2hpdhg,cpu,fp64,1e-8,60,Optimal,7744,0.164919,0.062082,1920098.2456393458,1920098.2105,1920098.2105346182,1.83e-08,1.83e-08,PASS,PASS,2.27e-07,1.55e-09,9.25e-09,-inf,inf,"presolve removed 362 rows, 296 cols"
a239f97,cloud-x86-4c,Intel(R) Xeon(R) Processor @ 2.10GHz,none,,,2026-09-30T12:02:52,input=mps,ship12l,1151,5427,16170,r2hpdhg,cpu,fp64,1e-8,60,Optimal,11840,0.710016,0.446720,1470187.8986844292,1470187.9193,1470187.9193292663,1.40e-08,1.40e-08,PASS,PASS,1.56e-07,7.19e-10,7.10e-09,-inf,inf,"presolve removed 313 rows, 204 cols"
a239f97,cloud-x86-4c,Intel(R) Xeon(R) Processor @ 2.10GHz,none,,,2026-09-30T12:02:52,input=mps,ship12s,1151,2763,8178,r2hpdhg,cpu,fp64,1e-8,60,Optimal,14784,0.293158,0.241015,1489236.1536639754,1489236.1344,1489236.1344061329,1.29e-08,1.29e-08,PASS,PASS,1.90e-07,7.59e-09,5.62e-09,-inf,inf,"presolve removed 685 rows, 576 cols"
a239f97,cloud-x86-4c,Intel(R) Xeon(R) Processor @ 2.10GHz,none,,,2026-09-30T12:02:52,input=mps,sierra,1227,2036,7302,r2hpdhg,cpu,fp64,1e-8,60,Optimal,961216,24.592361,1.446511,15394362.190436736,15394362.184,15394362.183631929,4.42e-10,4.18e-10,PASS,PASS,9.78e-07,0.00e+00,2.30e-10,15394362.183347229,4.61e-10,"presolve removed 15 rows, 20 cols"
a239f97,cloud-x86-4c,Intel(R) Xeon(R) Processor @ 2.10GHz,none,,,2026-09-30T12:02:52,input=mps,stair,356,467,3856,r2hpdhg,cpu,fp64,1e-8,60,Optimal,15040,0.139994,0.076796,-251.26695070425461,-251.26695119,-251.26695119296335,1.94e-09,1.93e-09,PASS,PASS,4.55e-07,4.04e-09,3.63e-10,-inf,inf,"presolve removed 0 rows, 82 cols"
a239f97,cloud-x86-4c,Intel(R) Xeon(R) Processor @ 2.10GHz,none,,,2026-09-30T12:02:52,input=mps,standata,359,1075,3031,r2hpdhg,cpu,fp64,1e-8,60,Optimal,1600,0.026285,0.013387,1257.6994992387333,1257.6995,1257.6995,6.05e-10,6.05e-10,PASS,PASS,6.30e-07,1.80e-14,1.69e-10,1257.6994998728294,5.04e-10,"presolve removed 48 rows, 29 cols"
a239f97,cloud-x86-4c,Intel(R) Xeon(R) Processor @ 2.10GHz,none,,,2026-09-30T12:02:52,input=mps,standgub,361,1184,3139,r2hpdhg,cpu,fp64,1e-8,60,Optimal,1536,0.021770,0.011573,1257.6994994540812,,1257.6995,4.34e-10,,PASS,PASS,4.49e-07,1.72e-12,2.83e-10,1257.6992031499071,2.35e-07,"presolve removed 49 rows, 30 cols"
a239f97,cloud-x86-4c,Intel(R) Xeon(R) Processor @ 2.10GHz,none,,,2026-09-30T12:02:52,input=mps,standmps,467,1075,3679,r2hpdhg,cpu,fp64,1e-8,60,Optimal,3008,0.039280,0.023635,1406.0175097130837,1406.0175,1406.0175,6.90e-09,6.90e-09,PASS,PASS,7.87e-07,7.05e-11,1.56e-09,1406.0170268108789,3.43e-07,"presolve removed 48 rows, 29 cols"
a239f97,cloud-x86-4c,Intel(R) Xeon(R) Processor @ 2.10GHz,none,,,2026-09-30T12:02:52,input=mps,stocfor1,117,111,447,r2hpdhg,cpu,fp64,1e-8,60,Optimal,6016,0.009056,0.006200,-41131.976295985049,-41131.976219,-41131.97621943641,1.86e-09,1.87e-09,PASS,PASS,2.08e-07,1.26e-08,4.24e-09,-41131.978675123428,5.78e-08,"presolve removed 19 rows, 11 cols"
a239f97,cloud-x86-4c,Intel(R) Xeon(R) Processor @ 2.10GHz,none,,,2026-09-30T12:02:52,input=mps,stocfor2,2157,2031,8343,r2hpdhg,cpu,fp64,1e-8,60,Optimal,44160,1.371662,0.791717,-39024.408566163627,-39024.408538,-39024.408537882104,7.25e-10,7.22e-10,PASS,PASS,2.67e-07,1.95e-09,3.52e-10,-inf,inf,"presolve removed 28 rows, 16 cols"
a239f97,cloud-x86-4c,Intel(R) Xeon(R) Processor @ 2.10GHz,none,,,2026-09-30T12:02:52,input=mps,tuff,333,587,4520,r2hpdhg,cpu,fp64,1e-8,60,Optimal,1302592,15.572072,1.075041,0.29214776509532081,0.29214776509,0.292147765093613,1.32e-12,4.12e-12,PASS,PASS,3.97e-09,6.18e-12,2.58e-11,0.29214776469161668,3.12e-10,"presolve removed 41 rows, 5 cols"
a239f97,cloud-x86-4c,Intel(R) Xeon(R) Processor @ 2.10GHz,none,,,2026-09-30T12:02:52,input=mps,vtp.base,198,203,908,r2hpdhg,cpu,fp64,1e-8,60,Optimal,90304,0.291710,0.227438,129831.46318972328,129831.46246,129831.46246136137,5.61e-09,5.62e-09,PASS,PASS,2.83e-07,1.09e-08,6.30e-09,-inf,inf,"presolve removed 32 rows, 21 cols"
a239f97,cloud-x86-4c,Intel(R) Xeon(R) Processor @ 2.10GHz,none,,,2026-09-30T12:02:52,input=mps,wood1p,244,2594,70215,r2hpdhg,cpu,fp64,1e-8,60,Optimal,17536,2.395017,1.376603,1.4429024117347238,1.4429024116,1.442902411573409,6.60e-11,5.51e-11,PASS,PASS,3.21e-10,6.42e-09,3.40e-11,1.4429023215600267,3.69e-08,"presolve removed 1 rows, 0 cols"
a239f97,cloud-x86-4c,Intel(R) Xeon(R) Processor @ 2.10GHz,none,,,2026-09-30T12:02:52,input=mps,woodw,1098,8405,37474,r2hpdhg,cpu,fp64,1e-8,60,Optimal,111104,11.435744,2.916148,1.3044763330863174,1.3044763331,1.3044763330842293,9.06e-13,5.94e-12,PASS,PASS,3.89e-10,4.97e-10,9.38e-12,1.3044763120030853,9.15e-09,"presolve removed 1 rows, 0 cols"
